OBJECTID,Description,Type,CODEPAT,CODEAAT,Slum_Name,Slum_Code,Slum_Type,Slum_Area_Hectares,Zone_Name,Shape.STArea(),Shape.STLength(),pop,area_ha,density_per_ha,notified,net_m,euclid_m,nearest_school
1,Slum Area,Net,5013.0,5013.0,ANNAMMANAPALYA_HOSAPALYA,2901217004,Non_Notofied,0.35029677,Bommanahalli,3502.967540225,317.31833178508293,4.085245063258153,0.35031232712962274,11.661722260052038,Non-notified,1666.8798419175712,1090.4651470336464,25
2,Slum Area,Net,5013.0,5013.0,BANDEPALYA,2901217003,Non_Notofied,2.38565564,Bommanahalli,23856.55528642,1514.6414335764866,27.25544331494499,2.385671354070054,11.424642907517867,Non-notified,1822.4981054635664,1235.408650652885,25
3,Slum Area,Net,5013.0,5013.0,BHUVANESHWARINAGARA,2901217006,Notofied,2.62725925,Bommanahalli,26272.593451445,1059.3050237403734,3.440861523385141,2.6272552616133034,1.3096791825519958,Notified,1793.7758852791344,1138.5787035641947,10
4,Slum Area,Net,5013.0,5013.0,DODDAKALSANDRA,2901217008,Non_Notofied,0.39114085,Bommanahalli,3911.40834303,374.97760000684974,1.0998564103070427,0.39116474278504265,2.8117473023673005,Non-notified,845.7345163282894,552.7190168450094,207
5,Slum Area,Net,5013.0,5013.0,GULBARGA COLONY_ROOPENA_AGRAHARA,2901217002,Non_Notofied,1.57283092,Bommanahalli,15728.308842965,581.331707473363,7.605660410488354,1.572823604553889,4.835672855155045,Non-notified,669.8163705796622,430.83956539622966,54
6,Slum Area,Net,5013.0,5013.0,HULLIMAVU_GUDDE ,2901217005,Non_Notofied,2.75477314,Bommanahalli,27547.730552075,721.9662896279522,15.715499615201765,2.7547383231195854,5.704897442819487,Non-notified,662.4170176194928,486.1972029212197,33
7,Slum Area,Net,5013.0,5013.0,KUMARASWAMY_LAYOUT_2NDSTAGE_CHANDRANAGAR,2901217012,Non_Notofied,1.00189888,Bommanahalli,10018.988795505,463.4490309486307,14.69837121776506,1.001970483451739,14.669465279186564,Non-notified,670.8980712896365,441.63072649533467,226
8,Slum Area,Net,5013.0,5013.0,PILLAGANAHALLI,2901217013,Non_Notofied,25.09729385,Bommanahalli,250972.93451101,3347.7483658493134,127.29524932375143,25.09728712000883,5.072072081538455,Non-notified,2542.8126349754552,2041.3299920844602,66
9,Slum Area,Net,5013.0,5013.0,RAMACHANDRAPURA,2901217009,Non_Notofied,1.18104088,Bommanahalli,11810.40892238,531.036540854836,15.53660613415288,1.1811102002519724,13.154239232578275,Non-notified,1626.3307230715259,1192.2718225782864,7
10,Slum Area,Net,5013.0,5013.0,ROOPENA AGRAHARA_DINNE MANEGALU,2901217001,Non_Notofied,3.10076451,Bommanahalli,31007.644361315,855.3593535818018,33.166927001055555,3.10087400171195,10.695993124114217,Non-notified,459.87516747109163,212.2241969557661,65
11,Slum Area,Net,5013.0,5013.0,VASANTHPURA,2901217007,Notofied,9.68158913,Bommanahalli,96815.888739115,1735.1375815184422,44.24986257085614,9.681558450256968,4.570530953070025,Notified,1956.5500836428503,1363.363284996819,105
12,Slum Area,Net,5013.0,5013.0,YADALAM_NAGAR,2901217010,Non_Notofied,5.73549747,Bommanahalli,57354.9748936,1178.7641888248822,27.57051773445279,5.735526821540207,4.806972156578471,Non-notified,1713.458978750779,1275.5016666228878,10
13,Slum Area,Net,5013.0,5013.0,SUBRAHMANYAPURA,7777777777 ,Notofied,0.31174374,Bommanahalli,3117.43734051,247.31900704476763,1.219252500347063,0.3117648472091613,3.9108081339557605,Notified,906.0245023650687,626.3831848852861,10
14,Slum Area,Net,5013.0,5013.0,THURAHALLI_COLONY,2901217011,Non_Notofied,0.46111068,Bommanahalli,4611.106817605,318.7559090781409,1.768966148413864,0.4611488156172958,3.835998464066135,Non-notified,1747.8419304842353,1137.1906453800511,178
15,Slum Area,Net,5013.0,5013.0,A_NARAYANAPURA,2901219087,Non_Notified,,Mahadevapura,9152.46525137,535.1106471955449,12.280679568122416,0.9152931738058171,13.417208736583245,Non-notified,1931.4571605379726,1260.096348072707,21
16,Slum Area,Net,5013.0,5013.0,AMBEDKAR NAGAR GUTTA,2901219042,Non_Notified,,Mahadevapura,82523.554942965,1169.297123667307,42.179254459867295,8.25232950723666,5.111193684508033,Non-notified,1497.7831297462317,1210.6288191133867,239
17,Slum Area,Net,5013.0,5013.0,HORAMAVU AGRA COLONY,2901219002,Non_Notified,,Mahadevapura,4780.56473805,294.62652284794206,2.2693231620040595,0.47808911660767617,4.746653046834121,Non-notified,1841.1596761604874,1598.5937427307392,224
18,Slum Area,Net,5013.0,5013.0,AMBEDKAR_NAGAR_GMPALYA,2901219095,Notified,,Mahadevapura,1866.356324705,174.2178094021386,1.740957140455059,0.18662732659204911,9.328522099342065,Notified,389.52410095403417,433.4398951760827,147
19,Slum Area,Net,5013.0,5013.0,ANDRA_COLONY,2901219089,Non_Notified,,Mahadevapura,29674.98828567,692.7144599444892,44.57046991610059,2.96746597739113,15.019707135879298,Non-notified,1835.0631612816517,1267.7187222645794,21
20,Slum Area,Net,5013.0,5013.0,AMBEDKAR NAGAR RAMURTHY NAGAR,0,Non Notified,,Mahadevapura,49247.93695037,1088.8457681181708,33.72571259947384,4.924792958617634,6.848148314633004,Non-notified,128.94682115976377,86.22604025978217,249
21,Slum Area,Net,5013.0,5013.0,BELAGERE AMBEDKAR NAGAR,2901219081,Non_Notified,,Mahadevapura,3288.737255425,422.6322026752695,3.5393823735854206,0.32890461312293234,10.761121104320086,Non-notified,177.99123421858909,105.17911108185183,246
22,Slum Area,Net,5013.0,5013.0,BELLI_SHIVALAYA,2901219060,Non_Notified,,Mahadevapura,10962.418291275,440.5233044607597,4.730449762531355,1.0963029892932172,4.314910940433593,Non-notified,3374.8968376134917,1686.4950537055138,237
23,Slum Area,Net,5013.0,5013.0,BELTHUR_COLONY,2901219061,Non_Notified,,Mahadevapura,16915.47029791,769.2935692068456,4.865911668889662,1.6914209811562293,2.8768187950248794,Non-notified,792.3581821820096,470.97361923590813,229
24,Slum Area,Net,5013.0,5013.0,BASAVANNA NAGAR,2901219063,Non_Notified,,Mahadevapura,22332.397430765,766.3742689165938,8.813518787832821,2.233317408863423,3.9463798351521318,Non-notified,121.15336985507143,99.57505655813749,205
25,Slum Area,Net,5013.0,5013.0,BELLURU NAGASANDRA,2901219077,Non_Notified,,Mahadevapura,8893.01606803,560.7692203282444,2.211371623768526,0.8893472028238315,2.4865110237565684,Non-notified,1408.1443980207844,1142.5594490212877,28
26,Slum Area,Net,5013.0,5013.0,B_NARAYANAPURA_BADAVAR_COLONY,2901219034,Non_Notified,,Mahadevapura,3276.113733445,319.2975621243675,4.005651206596225,0.3276138064044639,12.226747250239347,Non-notified,758.3514396650814,523.7694029470534,225
27,Slum Area,Net,5013.0,5013.0,B_NARAYANAPURA_COLONY,2901219033,Non_Notified,,Mahadevapura,9303.11059671,508.702698725186,10.74840315650491,0.9303182425474555,11.553469194662851,Non-notified,994.7573117937919,718.4092621738414,225
28,Slum Area,Net,5013.0,5013.0,BABUSA PALYA,2901219008,Non-Notified ,,Mahadevapura,4392.817296895,361.3956390159445,4.784362746220009,0.43926242202304866,10.891809784650706,Non-notified,1779.4440737908349,1270.2082538326822,14
29,Slum Area,Net,5013.0,5013.0,BHOVI NAGAR RAMURTHY NAGAR,2901219014,Non_Notified,,Mahadevapura,12853.9545029,546.9625915952328,19.181667952444037,1.2854416045324728,14.922239862790647,Non-notified,584.8857136877479,449.11623156613535,249
30,Slum Area,Net,5013.0,5013.0,BYRATHI_BANDE,2901219059,Non_Notified,,Mahadevapura,15627.24175103,655.1216345918626,4.084475329810497,1.5626855328545721,2.6137538512622873,Non-notified,2796.4380475184043,1982.0897588094429,184
31,Slum Area,Net,5013.0,5013.0,CHALKERE COLONY,2901219007,Non_Notified,,Mahadevapura,2913.38323087,241.06505726876026,3.4284802530326095,0.29135279314027396,11.767452839835801,Non-notified,1482.8025140299533,1082.68266769915,17
32,Slum Area,Net,5013.0,5013.0,CHALLAGHATTA,2901219101,Notified,,Mahadevapura,3555.86187424,282.6262870386877,1.5687878290812176,0.35558876031488423,4.411803758060323,Notified,2018.2890675350259,1800.169692826765,102
33,Slum Area,Net,5013.0,5013.0,CHANNASANDRA AK COLONY,2901219041,Non_Notified,,Mahadevapura,64951.07252366,1583.2968272400256,18.71955708475674,6.495146661129708,2.8820838175655337,Non-notified,987.8645851163866,762.2228098020114,15
34,Slum Area,Net,5013.0,5013.0,CHIKKA_BASAVANAPURA_COLONY,2901219027,Non_Notified,,Mahadevapura,7557.87086892,516.9946952382272,3.095006732379689,0.7557523289332511,4.095265887897837,Non-notified,1143.9681676176601,966.1527394742097,142
35,Slum Area,Net,5013.0,5013.0,CHIKKA_BYRATHI,2901219058,Non_Notified,,Mahadevapura,4764.010888325,355.93483013160943,5.017308038823745,0.47637268091298063,10.532316901985109,Non-notified,1223.0454178890038,825.3259504035796,237
36,Slum Area,Net,5013.0,5013.0,CHIKKADEVASANDRA_COLONY,2901219031,Non_Notified,,Mahadevapura,26046.04992174,683.5771876499313,10.234920435325773,2.6047031746226064,3.9293999159073865,Non-notified,1305.7624720164051,845.9610262793425,142
37,Slum Area,Net,5013.0,5013.0,DEVARABEESANAHALLI,2901219078,Non_Notified,,Mahadevapura,75116.030804615,1290.6340489990541,40.48807019532896,7.511618167258377,5.3900596773952465,Non-notified,277.2563311077919,182.36462913496732,26
38,Slum Area,Net,5013.0,5013.0,DINNUR,2901219043,Non_Notified,,Mahadevapura,60976.457861405,1160.6730357209747,14.661284187728285,6.097651224780979,2.4044150193675438,Non-notified,1637.3084412421404,1138.8599664541796,229
39,Slum Area,Net,5013.0,5013.0,GANDHIPURA,2901219046,Non_Notified,,Mahadevapura,93110.96583644,1312.9239326956726,43.53046216310239,9.311052010823548,4.6751389759718665,Non-notified,250.27110504323696,227.1788449475043,239
40,Slum Area,Net,5013.0,5013.0,GEDDALAHALLI_PALYA,2901219010,Non_Notified,,Mahadevapura,20447.87527245,543.1744028515056,10.868581451154224,2.0447242836396557,5.315426406443367,Non-notified,370.71965403843745,232.46470746507723,237
41,Slum Area,Net,5013.0,5013.0,GOUTHAM NAGAR,2901219080,Non_Notified,,Mahadevapura,44587.400410525,908.0334622410644,10.748965202593336,4.4585661028129495,2.410856978393057,Non-notified,3160.456648261299,3746.2020896103727,257
42,Slum Area,Net,5013.0,5013.0,HARISHCHANDRA COLONY,2901219069,Non_Notified,,Mahadevapura,2135.40369341,193.23495514683788,0.7682554142147887,0.21355350718931126,3.597484416557694,Non-notified,1545.3969379150687,1122.73298642103,92
43,Slum Area,Net,5013.0,5013.0,HARLUR,0,,,Mahadevapura,39661.31803772,1001.5821914998721,31.702585362453085,3.966161855737261,7.993265659744479,Non-notified,2764.04278271222,1442.941470968492,59
44,Slum Area,Net,5013.0,5013.0,HOODI_COLONY,2901219053,Non_Notified,,Mahadevapura,14541.12656677,536.2363214943313,6.203205362955728,1.4541377009264083,4.265899549268108,Non-notified,106.71006648176767,128.8714390542105,211
45,Slum Area,Net,5013.0,5013.0,HORAMAVU AGRA VADDARA COLONY,2901219003,Non_Notified,,Mahadevapura,32617.68470461,777.8190664855339,34.27424437578986,3.2617733584194886,10.507855883769205,Non-notified,1331.9558482671944,891.6723941023467,2
46,Slum Area,Net,5013.0,5013.0,HORAMAVU COLONY,2901219001,Non_Notified,,Mahadevapura,11451.789502965,450.8382599506597,10.84730074265424,1.145173922387746,9.472186303401902,Non-notified,1948.7020491289563,1350.505694496743,135
47,Slum Area,Net,5013.0,5013.0,IMADIHALLI COLONY,2901219047,Non_Notified,,Mahadevapura,3005.906350835,229.29450203156,1.612870248158773,0.3006222394316169,5.365106225035808,Non-notified,713.1372470632891,529.1485477799712,140
48,Slum Area,Net,5013.0,5013.0,BHATTRAHALLI_JANATHA_COLONY,2901219026,Non_Notified,,Mahadevapura,7117.629886545,608.7627857042808,2.852323729384179,0.7117383148957689,4.007545567926732,Non-notified,1473.1217180125782,815.4122396120104,131
49,Slum Area,Net,5013.0,5013.0,JAYANTHI GRAMA COLONY,2901219004,Non_Notified,,Mahadevapura,38432.36690492,866.0960543618094,35.35988179936128,3.843353552432319,9.200267765369464,Non-notified,1485.619728804735,1025.0187374322,135
50,Slum Area,Net,5013.0,5013.0,JUNNASANDRA,2901219084,Non_Notified,,Mahadevapura,4580.489785315,292.49110704580687,3.276971284080955,0.45801497154407134,7.154725255014151,Non-notified,1350.312617126088,1101.7640579532317,187
51,Slum Area,Net,5013.0,5013.0,JYOTHI_NAGAR_COLONY,2901219086,Non_Notified,,Mahadevapura,11607.715382325,647.6696850345847,11.52314551297356,1.1607365793331645,9.927442382830332,Non-notified,486.72425085407656,186.1977765067961,261
52,Slum Area,Net,5013.0,5013.0,K_NARAYANAPURA,2901219009,Non_Notified,,Mahadevapura,15675.02850921,547.1316142216572,6.007761583141252,1.5675154580530068,3.832664968167794,Non-notified,200.4832898165399,192.13172498392666,184
53,Slum Area,Net,5013.0,5013.0,KADUGODI_AK_COLONY,2901219038,Non_Notified,,Mahadevapura,5163.53940792,307.82539387107227,5.409544075236601,0.5163676073026119,10.476149159500615,Non-notified,2073.8976016115575,1732.8525288507767,15
54,Slum Area,Net,5013.0,5013.0,KADUGODI_COLONY,2901219040,Non_Notified,,Mahadevapura,2062.84564399,194.52623580952803,1.0703558809616986,0.2062787082100789,5.188882023982931,Non-notified,1816.806113737456,1298.7504726227887,229
55,Slum Area,Net,5013.0,5013.0,KALKERE SCST COLONY,2901219017,Non_Notified,,Mahadevapura,2158.93909166,202.26751061332604,1.0477339950262332,0.2159168422939214,4.852488503884208,Non-notified,471.77782461106534,257.3752627927733,224
56,Slum Area,Net,5013.0,5013.0,KANAKA_NAGAR,2901219020,Non_Notified,,Mahadevapura,12487.39162197,486.4826644509177,2.612978893167832,1.248700877791235,2.09255790529258,Non-notified,1668.408771559833,1231.2284100462923,224
57,Slum Area,Net,5013.0,5013.0,KAYALASANAHALLI,2901219011,Non_Notified,,Mahadevapura,31487.809611315,949.4681892026114,12.019709978851616,3.148711166117742,3.817342825277787,Non-notified,1925.9343838805744,1583.9778441732074,237
58,Slum Area,Net,5013.0,5013.0,KEMPAPUR,,Non_Notified,,Mahadevapura,9848.066391215,419.83978399335035,2.885653354607376,0.9847500447247388,2.930340922618577,Non-notified,266.41575031876096,77.65800540385318,28
59,Slum Area,Net,5013.0,5013.0,KOMMARA_KOTTA,2901219093,Non_Notified,,Mahadevapura,5568.178161675,419.49158895495907,1.620091256908342,0.5568164860136023,2.9095605062037717,Non-notified,557.6752361381788,383.40414522645597,255
60,Slum Area,Net,5013.0,5013.0,KOODENAHALLI AK COLONY,2901219100,Notified,,Mahadevapura,9620.563914085,444.4759431866562,13.715894489662322,0.9620004356314644,14.25768012325182,Notified,251.9252897011158,202.31555067538497,143
61,Slum Area,Net,5013.0,5013.0,KOODENAHALLI GONDU THOPU,2901219018,Non_Notified,,Mahadevapura,4296.961045715,365.23117445761955,4.829529981052175,0.42969177679021386,11.239521540599718,Non-notified,0.0,11.615334421019437,143
62,Slum Area,Net,5013.0,5013.0,KOODIGEHALLI,2901219055,Non_Notified,,Mahadevapura,8454.934750885,382.8007342785071,1.6541456498351752,0.8454847519081599,1.9564464599769098,Non-notified,2074.502352234462,1383.5062922792806,211
63,Slum Area,Net,5013.0,5013.0,KOTHNUR_COLONY,2901219012,Non_Notified,,Mahadevapura,6552.681691335,312.5711680360668,7.454996954226027,0.6552371817877511,11.377554817456772,Non-notified,1162.9568966653383,754.7254540891358,184
64,Slum Area,Net,5013.0,5013.0,KUNDALAHALLI COLONY,2901219065,Non_Notified,,Mahadevapura,55756.753307695,1051.5410667278106,61.9449821172976,5.575786524709102,11.109640199241554,Non-notified,29.881617966544674,14.946877616486425,100
65,Slum Area,Net,5013.0,5013.0,LAKSHMINARAYANAPURA,2901219066,Non_Notified,,Mahadevapura,8614.41940631,456.0963708818992,6.66729253133138,0.8614560289001394,7.739562215199561,Non-notified,883.0446135709427,468.51229625218417,125
66,Slum Area,Net,5013.0,5013.0,LAXMANMURTHY NAGAR RAMURTHY NAGAR,2901219022,Non_Notified,,Mahadevapura,14251.60853707,790.8370183608682,18.27692530014936,1.4251636803988388,12.824439432132088,Non-notified,991.9983958042543,704.3995249838237,249
67,Slum Area,Net,5013.0,5013.0,MAHADEVAPURA_BANDE,2901219036,Non_Notified,,Mahadevapura,8619.01023817,577.4193517991728,9.01408863067627,0.861818467037873,10.459382080379743,Non-notified,234.2643190666842,91.2563878433779,225
68,Slum Area,Net,5013.0,5013.0,MAHADEVAPURA_BANDE,0,,,Mahadevapura,5858.579512695,412.87170587404063,6.3009122736313765,0.5858706224847712,10.754784472565287,Non-notified,682.5046323275661,518.1082029280857,225
69,Slum Area,Net,5013.0,5013.0,MANJUNATH NAGAR,2901219072,Non_Notified,,Mahadevapura,11329.682217185,444.6921019176073,5.296688764235553,1.1329224666402284,4.675243823121722,Non-notified,1644.031731713271,1227.7572514358617,92
70,Slum Area,Net,5013.0,5013.0,MARATHALLI AK COLONY,2901219074,Non_Notified,,Mahadevapura,30218.98883095,741.1162149404271,34.70833748275159,3.0219638633891424,11.485358214649885,Non-notified,1998.1925800954239,1345.7663449216489,92
71,Slum Area,Net,5013.0,5013.0,MARUTHI NAGAR,2901219068,Non_Notified,,Mahadevapura,4567.77653198,397.766707096564,2.988180431665159,0.4567923843271042,6.541659918579892,Non-notified,984.8434674437563,763.6861038448496,125
72,Slum Area,Net,5013.0,5013.0,MUNEKOLALU GANDHI NAGAR,2901219048,Non_Notified,,Mahadevapura,13094.63057304,533.4215962622976,12.626843774084952,1.3094602063794836,9.642785410789088,Non-notified,485.75623799974136,314.0079644936582,129
73,Slum Area,Net,5013.0,5013.0,MUNESHWAR COLONY RAMURTHY NAGAR,2901219005,Non_Notified,,Mahadevapura,30659.92139819,1011.9450299315847,39.88159344991048,3.065918773661123,13.008039806053455,Non-notified,1332.0480550556665,1102.4725402236907,143
74,Slum Area,Net,5013.0,5013.0,MUNESHWAR NAGAR,2901219070,Non_Notified,,Mahadevapura,187491.94401011,1629.2958195346987,57.746912980079664,18.74951262769059,3.0799154157636606,Non-notified,1420.2020344144216,885.8046245379184,92
75,Slum Area,Net,5013.0,5013.0,Nagareshwara_Nagenahalli,2901219013,Non_Notified,,Mahadevapura,6388.62189017,358.5267908940015,2.495423216913261,0.6388770493517409,3.9059522007330356,Non-notified,1074.2656414275798,884.2441443135029,184
76,,,0.0,0.0,NEKKUNDI AK COLONY,0,,,Mahadevapura,11847.66382815,470.0221093731517,7.299371358460071,1.1847994612078123,6.160849660599036,Non-notified,1474.0500280428193,1044.7615999433108,92
77,Slum Area,Net,5013.0,5013.0,NELLUR_PURAM,2901219094,Notified,,Mahadevapura,31353.711709015,1126.7399274142545,32.106530419517966,3.135328508857121,10.240244468424562,Notified,958.9447979198488,762.1245950506609,147
78,Slum Area,Net,5013.0,5013.0,NELLURALLI,2901219098,Notified,,Mahadevapura,41602.434445895,815.8113279617806,12.137239519755047,4.160204821776313,2.917462009616325,Notified,808.2669878374197,576.7444087448666,177
79,Slum Area,Net,5013.0,5013.0,ASHWATH NAGAR,2901219073,Non_Notified,,Mahadevapura,77688.139775585,1289.3863813615196,87.93526943618176,7.768811508274544,11.319011838879357,Non-notified,917.5094603560522,766.4090260629056,92
80,Slum Area,Net,5013.0,5013.0,AMBEDKAR_NAGAR_OLD_POLICESTATION,2901219025,Non_Notified,,Mahadevapura,12106.66987514,479.9731730361209,15.44936386557186,1.2106192475485786,12.761538276262968,Non-notified,864.131528691649,686.3043341951503,142
81,Slum Area,Net,5013.0,5013.0,PARVATHI_NAGAR,2901219028,Non_Notified,,Mahadevapura,33767.80244477,825.5991543978256,12.9605241429572,3.3767720493795124,3.838140079766035,Non-notified,748.0906718278429,376.56981239564584,261
82,Slum Area,Net,5013.0,5013.0,PATTANDURU AGRAHARA,2901219064,Non_Notified,,Mahadevapura,11484.76895699,524.6379996085474,4.65997813355689,1.1484570128728528,4.0575990928036605,Non-notified,328.73058659117993,293.196403104518,19
83,Slum Area,Net,5013.0,5013.0,PRIYANKA_NAGAR,2901219096,Notified,,Mahadevapura,61931.047344815,1839.732473335893,17.663117566763184,6.193098182786028,2.8520648382191887,Notified,2566.048749434895,1750.4410290485312,261
84,Slum Area,Net,5013.0,5013.0,RAJEEV_GANDHI_NAGAR,2901219097,Notified,,Mahadevapura,6484.151689395,341.96782228896393,7.229274914311428,0.6484504683016662,11.14853835057806,Notified,991.4321854601368,865.7106192215084,142
85,Slum Area,Net,5013.0,5013.0,RAJEEVGANDHI_NAGAR_WARD_NO65_DEVASANDRA,2901219032,Non_Notified,,Mahadevapura,4953.49150333,437.0341066785478,4.7881745992922315,0.49538282849521986,9.665604707851585,Non-notified,1090.8711461426471,812.6865982844386,142
86,Slum Area,Net,5013.0,5013.0,REDDY_PALYA,2901219090,Non_Notified,,Mahadevapura,20898.155693885,677.4510576802628,8.199926273495544,2.08981394412066,3.9237590009219043,Non-notified,952.467716531771,890.1896385856687,147
87,Slum Area,Net,5013.0,5013.0,REDDY_PALYA,2901219090,Non_Notified,,Mahadevapura,20898.155693885,677.4510576802628,8.199926273495544,2.08981394412066,3.9237590009219043,Non-notified,952.467716531771,890.1896385856687,147
88,Slum Area,Net,5013.0,5013.0,SANJAY NAGAR_2,2901219071,Non_Notified,,Mahadevapura,10728.19224329,545.7872879980923,5.7727265769360105,1.0728046123532033,5.380967335956452,Non-notified,1329.358908912766,1117.3335025703004,142
89,Slum Area,Net,5013.0,5013.0,SANJAY NAGAR_1,2901219071,Non_Notified,,Mahadevapura,40093.723855465,949.3361920387251,18.34420565997853,4.009325414722543,4.575384575324626,Non-notified,1518.4133417427859,1003.7837769065871,92
90,Slum Area,Net,5013.0,5013.0,SHANKARAPURA_COLONY,2901219039,Non_Notified,,Mahadevapura,8774.422646775,399.88540053014054,19.278554725646973,0.8774467137742317,21.971197137114554,Non-notified,1882.8620999053398,1532.0894143228124,15
91,Slum Area,Net,5013.0,5013.0,SHANTHI_NAGAR,2901219054,Non_Notified,,Mahadevapura,6324.120328215,326.4441286134849,2.470077215456495,0.6323743064920107,3.906036646490004,Non-notified,572.5714879540888,149.34489441109974,211
92,Slum Area,Net,5013.0,5013.0,SHIVALAYA,0,,,Mahadevapura,22919.00295153,639.0216051366149,6.559666674744849,2.291880947224635,2.862132382001915,Non-notified,3549.3126380571234,2519.6598129512604,237
93,Slum Area,Net,5013.0,5013.0,SHIVASHAKTI_COLONY,2901219092,Non_Notified,,Mahadevapura,11294.51378735,554.7719376271501,4.749521715500776,1.1293773720809472,4.205433748641068,Non-notified,2298.652305149167,1290.4819114232457,147
94,Slum Area,Net,5013.0,5013.0,SINGAYYANA_PALYA,2901219037,Non_Notified,,Mahadevapura,10504.95342645,452.35991591462204,10.77843521903543,1.0505065436107583,10.260226635036686,Non-notified,1362.302019904088,867.3864254776123,225
95,Slum Area,Net,5013.0,5013.0,SWATHANTRA_NAGAR,2901219030,Non_Notified,,Mahadevapura,14651.53054967,572.7863861415244,13.289249001297296,1.4651835557278579,9.07002330823704,Non-notified,1342.5936341213448,1104.2004416945201,142
96,Slum Area,Net,5013.0,5013.0,ANANDAPURA_TCPALYA,2901219024,Non_Notified,,Mahadevapura,18942.39750258,789.9623904937448,6.452614577611287,1.8942752808290633,3.4063763819940602,Non-notified,1307.5083274101519,928.4482422520017,131
97,Slum Area,Net,5013.0,5013.0,THIGALARA_PALYA,2901219052,Non_Notified,,Mahadevapura,12574.341935165,463.8233682740629,4.549694505392336,1.2574679197782626,3.618139623152066,Non-notified,651.8254460304112,419.329556683566,211
98,Slum Area,Net,5013.0,5013.0,VARTHUR VENKATAGIRIYAPPA COLONY,2901219049,Non_Notified,,Mahadevapura,7743.87765979,512.6153914684334,8.534597647423837,0.7743854428034197,11.021123558995379,Non-notified,131.83637708884035,99.4711217777815,246
99,Slum Area,Net,5013.0,5013.0,VIBHUTHIPURA,2901219091,Non_Notified,,Mahadevapura,15429.31707552,496.3832225218429,16.765533890443688,1.542944156715244,10.865936928097021,Non-notified,2174.022216801958,1291.842964760505,147
100,Slum Area,Net,5013.0,5013.0,VIJAYA NAGAR,2901219045,Non_Notified,,Mahadevapura,119053.838618035,1593.7967075478218,42.19867378823897,11.90533353548788,3.544518401139416,Non-notified,809.8731022821006,558.7585606487536,239
101,Slum Area,Net,5013.0,5013.0,VIJINAPUR_AMBEDKAR_NAGAR,2901219021,Non_Notified,,Mahadevapura,72763.09323796,1255.4014198161474,94.00029434503293,7.2763371772467655,12.918628157993215,Non-notified,1975.5645637603761,1384.6820619287505,249
102,Slum Area,Net,5013.0,5013.0,VIJINAPUR_KOTTHUR_COLONY,2901219086,Non_Notified,,Mahadevapura,12386.180500095,448.41523711848174,17.273690197514554,1.238564082968761,13.946545386743813,Non-notified,1143.8029615017772,887.3820293189232,21
103,Slum Area,Net,5013.0,5013.0,"Vijinapura Kothnur Colony
",2901219023,Non_Notified,,Mahadevapura,22925.209599875,692.2718905361534,25.1832306693582,2.2925699763320333,10.984716248290825,Non-notified,1970.3251787919946,1327.4751839161834,249
104,Slum Area,Net,5013.0,5013.0,YARAYYANA PALYA.,2901219006,Non_Notified,,Mahadevapura,20221.889877365,606.855184022994,28.15721873115091,2.02219247918308,13.924104169611882,Non-notified,1395.3315130637673,1097.3938686481595,249
105,Slum Area,net,5013.0,5013.0,AD_COLONY_CHOWDESHWARI_WARD,,,0.27621427,Yelahanka,2762.14273863,304.1069217734692,68.9354856004902,0.2762196531392989,249.56763509411005,Non-notified,1833.3271812908786,1208.8932187239986,217
106,Slum Area,net,5013.0,5013.0,AD_COLONY_KODIGEHALLI_WARD,2901221023,Non-Notified,0.91254312,Yelahanka,9125.43088856,419.3002622037771,163.34215716193702,0.9125177144562858,179.0016287620923,Non-notified,2243.1322069057487,1774.5738248571909,8
107,Slum Area,net,5013.0,5013.0,AGRAHARA_LAYOUT,2901221001,Non-Notified,1.1087625,Yelahanka,11087.624975165,774.0718913204566,141.18304925058402,1.1088450071096903,127.32442166880567,Non-notified,1543.660606765681,1157.4188134236376,208
108,Slum Area,net,5013.0,5013.0,AD_COLONY_TINDLU_VIDYARANYAPURA_WARD,2901221045,Non-Notified,0.88695455,Yelahanka,8869.54543046,406.8036633123916,99.6580649282418,0.8869438979203129,112.3611822144759,Non-notified,73.1347161248617,67.1764252347189,180
109,Slum Area,net,5013.0,5013.0,AK_COLONY_BELLAHALLI,2901221009,Non-Notified,0.41771454,Yelahanka,4177.14530328,273.32334167591125,41.957766544117646,0.4177039487628305,100.4485752849346,Non-notified,1173.2357165112455,789.6375561497109,0
110,Slum Area,net,5013.0,5013.0,AK_COLONY_BYATARAYANAPURA,2901221011,Non-Notified,0.39646354,Yelahanka,3964.63543701,263.9360422862495,167.13546262254903,0.3964638287980704,421.5654757944528,Non-notified,1282.4513823652283,807.9037728576959,8
111,Slum Area,net,5013.0,5013.0,AK_COLONY_DODDABOMMASANDRA,2901221017,Non-Notified,0.72712928,Yelahanka,7271.292893995,350.64214639576534,260.72426015816484,0.7270933473167328,358.58430161731275,Non-notified,445.7292179696472,314.724026153699,243
112,Slum Area,net,5013.0,5013.0,AK_COLONY_JAKKUR,2901221019,Non-Notified,1.76820171,Yelahanka,17682.017289365,591.8019675334766,260.9464259128944,1.7681380901353143,147.58260532293855,Non-notified,591.9569007204522,422.95699389780657,209
113,Slum Area,net,5013.0,5013.0,AK_COLONY_KEMPEGOWDA_NAGAR_WARD,,,0.65891135,Yelahanka,6589.113675625,358.2666746610527,228.8530859853707,0.6588884728643952,347.3320530111484,Non-notified,1620.1278984022633,932.9368388474503,217
114,Slum Area,net,5013.0,5013.0,AK_COLONY_KODIGEHALLI_WARD,2901221024,Non-Notified,0.77446586,Yelahanka,7744.65881118,436.6448010822064,167.20267597273283,0.7744326933780331,215.90343150855873,Non-notified,2389.315297841969,1811.1819818807178,180
115,Slum Area,net,5013.0,5013.0,AK_COLONY_NAGAVARA,2901221035,Non-Notified,0.50703764,Yelahanka,5070.37642535,285.35146195363535,237.14736615349267,0.5070302309416206,467.7183956330955,Non-notified,421.5597413188267,328.2781263691832,91
116,Slum Area,net,5013.0,5013.0,AK_COLONY_RAMACHANDRAPURA,,,0.58482116,Yelahanka,5848.211524315,334.43462763022626,89.5849043303845,0.5848020551008088,153.18842255939364,Non-notified,1113.5278770161335,731.8913667198104,243
117,Slum Area,net,5013.0,5013.0,AK_COLONY_TINDLU_VIDYARANYAPURA_WARD,2901221046,Non-Notified,1.61755729,Yelahanka,16175.572304825,694.6815821005008,215.8163793825636,1.617511080771382,133.42497739158733,Non-notified,337.741608966737,288.52764476918566,180
118,Slum Area,net,5013.0,5013.0,AKCOLONY_AMRUTHAHALLI,2901221004,Non-Notified,2.07821536,Yelahanka,20782.153339685,616.3516341766958,432.4449234906365,2.0783078846876464,208.0754861571579,Non-notified,1552.0727064827747,922.0266099200028,8
119,Slum Area,net,5013.0,5013.0,AMBEDKAR_NAGAR_JAKKUR_WARD,,,1.53392184,Yelahanka,15339.2179314,605.8596367834494,121.60813048119638,1.5338544405255727,79.2827058866991,Non-notified,2981.0555187298555,2113.2808291543183,196
120,Slum Area,net,5013.0,5013.0,AMBEDKAR_NAGAR_YELAHANKA_SATELLITE_TOWN_WARD,2901221050,Notified,1.00656569,Yelahanka,10065.656951365,626.415035283115,156.05405602548635,1.0066046503264885,155.03013618591052,Notified,750.4537987558223,575.4256466886585,118
121,Slum Area,net,5013.0,5013.0,ATTUR_VILLAGE,2901221005,Non-Notified,1.85898483,Yelahanka,18589.84846082,755.6108921223636,217.2977913052428,1.8589320398016664,116.8938867331733,Non-notified,456.21714968012265,371.70388090549363,93
122,Slum Area,net,5013.0,5013.0,BB_NAGAR,2901221008,Non-Notified,0.70637375,Yelahanka,7063.73771268,420.3163667908436,79.48378155278226,0.70637683500964,112.5231995351285,Non-notified,1814.287133566597,1469.7101304465245,8
123,Slum Area,net,5013.0,5013.0,BESTHAR_BEEDI,2901221010,Non-Notified,2.11350584,Yelahanka,21135.059169695,624.1665685114415,572.3963606292126,2.1135314829006364,270.82461995959903,Non-notified,1758.3165199781886,1113.651516697788,217
124,Slum Area,net,5013.0,5013.0,CHIKKABOMMASANDRA,2901221012,Non-Notified,1.04466164,Yelahanka,10446.616123135,406.51063062802785,108.13456073835783,1.0446414610801933,103.51356399978916,Non-notified,926.9548656808249,734.7314919380804,118
125,Slum Area,net,5013.0,5013.0,CHOKKANAHALLI,2901221013,Non-Notified,2.32827902,Yelahanka,23282.79052822,774.6639106033587,344.0444623760149,2.328232166230791,147.77068514305145,Non-notified,632.297062306646,503.7656502041906,235
126,Slum Area,net,5013.0,5013.0,DASARAHALLI,2901221014,Non-Notified,0.36697608,Yelahanka,3669.76086632,285.9312992314503,1.1182916828230316,0.366960377956041,3.047445310177314,Non-notified,2369.580817599616,1898.9277665391683,8
127,Slum Area,net,5013.0,5013.0,DWARAKA_NAGARA,2901221018,Non-Notified,1.6184833,Yelahanka,16184.83277101,679.7435596286689,432.53962222828585,1.6184177717255257,267.26079618312673,Non-notified,1870.9355377028457,1504.1688551956506,196
128,Slum Area,net,5013.0,5013.0,JAKKURU_LAYOUT,2901221020,Non-Notified,0.68195081,Yelahanka,6819.50823214,457.8029235661313,115.68030694699756,0.681904353495431,169.64300983564942,Non-notified,941.08570629828,669.6781052948435,209
129,Slum Area,net,5013.0,5013.0,JANATHA_COLONY_KEMPAPUR,2901221021,Non-Notified,0.73607564,Yelahanka,7360.75626754,361.9967624882664,194.3846659342448,0.7361334832946246,264.0617093849075,Non-notified,2170.712980637572,1285.1171781070034,8
130,Slum Area,net,5013.0,5013.0,JAYAPRAKASH_NARAYAN_COLONY,2901221052,Non-Notified,0.60802758,Yelahanka,6080.275779175,605.1392816001731,160.9069413727405,0.6080221108666158,264.6399505823881,Non-notified,1192.1251021492703,714.25795344915,217
131,Slum Area,net,5013.0,5013.0,KATTIGENAHALLI_JAKKUR_WARD,2901221030,Non-Notified,0.47663146,Yelahanka,4766.31463026,283.22732237332144,66.24490811217065,0.4766154020982812,138.99027983680335,Non-notified,2128.676064910081,1541.1794481939173,196
132,Slum Area,net,5013.0,5013.0,KODIGENAHALLI_KEMPEGOWDA_NAGAR,,,1.4044596,Yelahanka,14044.595408985,782.3009079052756,160.64943192425895,1.4045309184507244,114.37942007105418,Non-notified,1461.2238288085064,957.2217345510043,180
133,Slum Area,net,5013.0,5013.0,KOGILU_LAYOUT,2901221026,Non-Notified,7.36809874,Yelahanka,73680.986103155,1776.1678349426568,1061.5536019418753,7.368002873891662,144.07616556495447,Non-notified,746.5779491557803,506.6318782535806,245
134,Slum Area,net,5013.0,5013.0,KOGILU_VILLAGE,2901221025,Non-Notified,1.69105875,Yelahanka,16910.58732922,542.9209201130315,211.98574661554076,1.6911073798147467,125.35321479039543,Non-notified,586.508043583033,403.6492832327763,228
135,Slum Area,net,5013.0,5013.0,KONDAPPA_LAYOUT,2901221027,Non-Notified,0.75641698,Yelahanka,7564.17001438,418.69566683833347,100.17019835827398,0.7564105168991083,132.42835222455653,Non-notified,2595.9799939347304,1283.9902303152637,217
136,Slum Area,net,5013.0,5013.0,KOTE_BEEDI,2901221028,Non-Notified,1.49646986,Yelahanka,14964.698234225,542.7678377276623,473.08395864449295,1.49644466883436,316.1386240982747,Non-notified,1821.4987551891372,1006.6040329844208,217
137,Slum Area,net,5013.0,5013.0,KOTI_HOSAHALLI,2901221029,Non-Notified,0.79963255,Yelahanka,7996.325401395,478.6905800315326,199.70458900601255,0.7995333691745629,249.77642798347154,Non-notified,1750.1573478908213,1197.7856801116238,8
138,Slum Area,net,5013.0,5013.0,MARIYANNANA_PALYA,2901221034,Non-Notified,1.09143639,Yelahanka,10914.364061735,460.6159085605374,133.9601592718386,1.0914331227002356,122.73785400649878,Non-notified,1759.6520740453816,1056.9687451293428,222
139,Slum Area,net,5013.0,5013.0,MS_PALYA,,,3.31174588,Yelahanka,33117.458610695,800.9178054873299,1180.8798998664408,3.3117920095882365,356.5682556294538,Non-notified,912.8240744126075,550.691500533564,169
140,Slum Area,net,5013.0,5013.0,PALANAHALLI,2901221036,Non-Notified,1.88540566,Yelahanka,18854.05702703,813.7473903457809,196.63368246041097,1.8854627418693461,104.28934929016846,Non-notified,1002.5149198816051,778.285217214011,196
141,Slum Area,net,5013.0,5013.0,RACHENAHALLI,2901221038,Non-Notified,1.39396286,Yelahanka,13939.628525435,476.3575940846432,4.908481555826524,1.3940199663911361,3.5210984592521215,Non-notified,1038.6880513055698,949.92911324188,1
142,Slum Area,net,5013.0,5013.0,SAMPIGEHALLI,2901221039,Non-Notified,1.13337636,Yelahanka,11333.76368682,469.2067098090519,109.23470046099496,1.1333548312938484,96.38173098560105,Non-notified,652.6620487330381,292.37206423015454,208
143,Slum Area,net,5013.0,5013.0,SANJIVINI_NAGAR,2901221040,Non-Notified,3.9609828,Yelahanka,39609.82844173,904.5592055585493,774.8196139167338,3.9609092751630492,195.6166021714392,Non-notified,1034.0123830837072,625.3946829986601,8
144,Slum Area,net,5013.0,5013.0,SINGAPURA_LAYOUT,,,0.78258485,Yelahanka,7825.84836498,345.7629166538779,102.3452813241996,0.7826151228300766,130.77345215883474,Non-notified,1136.5706476746157,808.4850911484019,204
145,Slum Area,net,5013.0,5013.0,SRINIVASPURA,2901221042,Non-Notified,3.85941744,Yelahanka,38594.175176465,903.2463344891668,382.498727536669,3.8594057393114745,99.10819265271329,Non-notified,844.1304242537626,439.5623249775573,228
146,Slum Area,net,5013.0,5013.0,SRIRAMPURA,2901221043,Non-Notified,2.96342087,Yelahanka,29634.209176905,893.7448038145877,362.5746769026214,2.9633945165167566,122.35113309475923,Non-notified,1404.4109864645916,877.8611272292951,210
147,Slum Area,net,5013.0,5013.0,THANISANDRA,2901221044,Non-Notified,0.2722435,Yelahanka,2722.43500162,233.44371669670082,1.4261089362350166,0.2722533312989591,5.238168912133597,Non-notified,85.27588777151021,101.645918865005,1
148,Slum Area,net,5013.0,5013.0,THIRUMALA_COLONY,2901221047,Non-Notified,0.25411588,Yelahanka,2541.15869039,200.79603117483376,19.52366165460325,0.25413840772068824,76.82294789562387,Non-notified,518.5484733041231,502.75433741975365,235
149,Slum Area,net,5013.0,5013.0,VELANGANI_LAYOUT,2901221033,Non-Notified,1.26268327,Yelahanka,12626.832143415,479.77725491709646,326.915296606924,1.262661477016588,258.9096939738419,Non-notified,1455.2137728323942,855.038130436715,243
150,Slum Area,net,5013.0,5013.0,VENKATAL_OC_COLONY,2901221048,Non-Notified,1.43764019,Yelahanka,14376.401637045,524.0534624178433,153.4154378853592,1.4375974211017057,106.71655056795315,Non-notified,1570.978143934969,1204.543537296227,196
151,Slum Area,net,5013.0,5013.0,AKKIYAPPA_GARDEN,2901220001,Non-Notified,1.76010525,RR Nagar,17601.05273069,644.2051987620737,455.53720080805755,1.7601766256761708,258.8019828027561,Non-notified,1230.8475233144331,461.7062687682554,137
152,Slum Area,net,5013.0,5013.0,AMBEDKAR_CIRCLE,2901220002,Non-Notified,2.40112042,RR Nagar,24011.20369939,631.9082623121436,38.609196543226055,2.401125669011171,16.079623420595915,Non-notified,476.74110144385327,181.68061375915246,81
153,Slum Area,net,5013.0,5013.0,ANDRAHALLI,2901220003,Non-Notified,0.60010487,RR Nagar,6001.048866405,399.14753905378615,44.075721381692325,0.600154192243551,73.44066233533161,Non-notified,3110.241030668764,2160.7880963711195,251
154,Slum Area,net,5013.0,5013.0,ARUNDATHI_NAGAR,2901220004,Non-Notified,1.80087066,RR Nagar,18008.706636305,596.6441188956364,13.769645539452048,1.800901158927937,7.645975167037493,Non-notified,1320.0730331063708,849.1226168288159,81
155,Slum Area,net,5013.0,5013.0,ASHRAYA_NAGAR,2901220005,Non-Notified,4.11619949,RR Nagar,41161.99591991,939.2366522713119,605.0945996153588,4.116180537639277,147.0039018168028,Non-notified,1283.4158423387832,812.6135922799189,22
156,Slum Area,net,5013.0,5013.0,B_RAMAIAH_HARIJANA_COLONY,2901220006,Non-Notified,0.72425681,RR Nagar,7242.56826416,495.19231481162683,142.45556497012868,0.724292434132949,196.6823871916629,Non-notified,408.6099020613676,410.04127858180567,99
157,Slum Area,net,5013.0,5013.0,BANGARAPPA_NAGAR,2901220008,Non-Notified,8.26316357,RR Nagar,82631.63378694,1313.4944479610742,53.894597022673665,8.263043614516105,6.522366277722933,Non-notified,418.1379013390456,373.5268595356411,185
158,Slum Area,net,5013.0,5013.0,BAPUJI_COLONY,2901220009,Non-Notified,5.70992565,RR Nagar,57099.25708218,1253.8746984586687,56.70840184828815,5.7098881995607185,9.93161334623871,Non-notified,433.9386143441043,409.4217363548302,86
159,Slum Area,net,5013.0,5013.0,BEDARAHALLI,2901220012,Non-Notified,1.51856112,RR Nagar,15185.611158965,586.4841281557099,594.2597579656863,1.518542813571704,391.3355307829297,Non-notified,707.1470789709573,123.1045293039796,30
160,Slum Area,net,5013.0,5013.0,BHOVI_COLONY_GANIGARAPALYA,2901220010,Non-Notified,1.01834738,RR Nagar,10183.473848585,414.2812697824606,2.797285349228803,1.0183504908322063,2.7468787754428567,Non-notified,1740.9223434808666,1036.6659026089926,130
161,Slum Area,net,5013.0,5013.0,BK_NAGAR,2901220007,Non-Notified,0.78556871,RR Nagar,7855.68714025,487.7027664323685,361.6239068723192,0.7855082139896739,460.3693512453493,Non-notified,730.2541038877594,267.7447343277872,138
162,Slum Area,net,5013.0,5013.0,CHANNASANDRA_JANATHA_COLONY,2901220013,Non-Notified,2.47746277,RR Nagar,24774.628198275,737.1923303285541,19.598659831402347,2.4773672850369963,7.911083653108653,Non-notified,1914.4247528834517,1341.9833088308594,212
163,Slum Area,net,5013.0,5013.0,DASANAYAKANAPALYA,2901220014,Non-Notified,0.76633501,RR Nagar,7663.349968905,402.06784004302926,399.75361375995715,0.7663571861943785,521.6283228778439,Non-notified,1434.1556718621334,1123.614242144866,95
164,Slum Area,net,5013.0,5013.0,DODDABIDIRAKALLU,2901220015,Non-Notified,8.80931473,RR Nagar,88093.149064165,1311.2600863509033,1646.0149964874868,8.809365690012768,186.84829923153083,Non-notified,1630.3918241709084,1295.0084428631214,192
165,Slum Area,net,5013.0,5013.0,G_HOSAHALLI_GOLLARAPALYA,2901220017,Non-Notified,2.55741668,RR Nagar,25574.16721282,667.6818551706795,224.77165617101332,2.5574286994649382,87.88970586669326,Non-notified,1143.8493434350037,774.1373198912564,251
166,Slum Area,net,5013.0,5013.0,GANDHINAGAR_AKKIPIKKI_COLONY,2901220018,Non-Notified,1.30279279,RR Nagar,13027.927801945,469.36601742711747,7.207117129307167,1.302796797181235,5.5320347308963855,Non-notified,937.88476769573,858.7519803225363,170
167,Slum Area,net,5013.0,5013.0,GIDADA_KONNENAHALLI,2901220019,Non-Notified,4.80943203,RR Nagar,48094.32156803,1024.3975526718946,389.0985138388241,4.8094341922494985,80.90317868697825,Non-notified,450.9828235321588,387.97683929237485,265
168,Slum Area,net,5013.0,5013.0,HALAGEVADERA_HALLI,2901220021,Non-Notified,1.31874835,RR Nagar,13187.484055105,498.3482231556786,14.49110543120141,1.3186846000999397,10.989060940048262,Non-notified,1274.3731428017745,1013.583670269696,166
169,Slum Area,net,5013.0,5013.0,HANUMANTHARAYANNA_PALYA,2901220022,Non-Notified,1.80737793,RR Nagar,18073.77911445,559.9595621332619,357.54527513092637,1.8074181969480572,197.82099999583093,Non-notified,1271.359659859386,639.4418993089364,264
170,Slum Area,net,5013.0,5013.0,HEERANNA_PALYA,2901220016,Non-Notified,0.78500992,RR Nagar,7850.099460485,355.0637909278055,92.88466207466874,0.7849915266089219,118.32568750890903,Non-notified,823.7484093323707,641.8122642155981,263
171,Slum Area,net,5013.0,5013.0,HEMMIGEPURA_JATTIGANARAHALLI,2901220023,Non-Notified,1.05637085,RR Nagar,10563.708244165,433.12694113479984,4.228574985616347,1.0563768261586755,4.002903964670259,Non-notified,3396.9767370977065,1466.5111618006015,9
172,Slum Area,net,5013.0,5013.0,HEROHALLI,2901220024,Non-Notified,5.43535185,RR Nagar,54353.52022834,1018.3331436914506,689.2797083536783,5.435385842002696,126.8133906938444,Non-notified,1519.618670028724,1005.3516976333278,251
173,Slum Area,net,5013.0,5013.0,HM_COLONY_THALAGATTAPURA,2901220020,Non-Notified,0.63407254,RR Nagar,6340.72564592,395.29095857371146,1.9272161165873207,0.6340550296001738,3.039509232822577,Non-notified,1699.0610507275921,1302.726593072249,84
174,Slum Area,net,5013.0,5013.0,JAI_BHUWANESHWARI_NAGAR,2901220050,Notified,4.1408968,RR Nagar,41408.96995015,898.390808597191,1615.6501202751608,4.140969214013898,390.1623114722674,Notified,1431.6158601750503,1144.6776804455799,95
175,Slum Area,net,5013.0,5013.0,JANATHA_COLONY_MALAGALA,2901220033,Non-Notified,0.63919073,RR Nagar,6391.907314965,471.66604893957816,268.6431406058517,0.6392425239822899,420.2522994438562,Non-notified,1904.3774600811646,1050.077960333934,214
176,Slum Area,net,5013.0,5013.0,KASTHURAMMA_SLUM,2901220051,Notified,0.2402183,RR Nagar,2402.183028245,201.4656994582906,4.085079619463752,0.24024171967022717,17.00403920297949,Notified,369.6425400459368,329.9413506392602,86
177,Slum Area,net,5013.0,5013.0,KATHANAGAR,2901220028,Non-Notified,1.73035049,RR Nagar,17303.504815975,649.9969134502583,255.34554467294728,1.73025453517961,147.57686772740695,Non-notified,2594.709922494497,1978.7691192291504,146
178,Slum Area,net,5013.0,5013.0,KAVERI_NAGAR,2901220052,Notified,1.160357,RR Nagar,11603.56982991,503.38389624772026,446.8232972388174,1.160355252683559,385.0745676424932,Notified,2418.791715208552,1982.5289547132593,95
179,Slum Area,net,5013.0,5013.0,KEBBEHALLA,2901220025,Non-Notified,4.80064583,RR Nagar,48006.458884485,1274.4074776044533,1116.2362898583506,4.800579592142397,232.52115050553675,Non-notified,336.32025766265997,119.52880974026914,264
180,Slum Area,net,5013.0,5013.0,KEMPAMMA_LAYOUT,2901220026,Non-Notified,6.08807707,RR Nagar,60880.77170678,1377.9725956439163,2293.2746078192017,6.088073174890037,376.6831544137317,Non-notified,2232.5402663992836,1797.7230894228182,95
181,Slum Area,net,5013.0,5013.0,KENGERI_BHUVANESHWARI_NAGAR_2ND_STAGE,2901220011,Non-Notified,1.548877,RR Nagar,15488.77055235,639.976526666682,12.551557899923884,1.5489594202651484,8.103219319829133,Non-notified,843.1216432248566,701.6869074669871,230
182,Slum Area,net,5013.0,5013.0,KENGUNTE,2901220027,Non-Notified,8.97811508,RR Nagar,89781.153668245,1292.01898689871,3811.05672751034,8.978166687074877,424.4805048002509,Non-notified,1167.4739883327213,855.4177382059497,262
183,Slum Area,net,5013.0,5013.0,LAKSHMIDEVI_NAGAR_KSCB_HOUSING_BOARD,2901220030,Non-Notified,2.18832278,RR Nagar,21883.22818159,682.9736241162597,889.7457186829811,2.188311348633061,406.59009479558966,Non-notified,1907.235508825879,1527.169375966525,95
184,Slum Area,net,5013.0,5013.0,MAILASANDRA,2901220032,Non-Notified,0.72375,RR Nagar,7237.50003841,339.8092135143683,7.730675974079206,0.7237905167445636,10.680819650483866,Non-notified,2205.7930472746993,1301.1590766096301,86
185,Slum Area,net,5013.0,5013.0,MALLATHAHALLI,2901220034,Non-Notified,3.76329923,RR Nagar,37632.992386985,929.1659816258933,1348.830076449525,3.763369951897511,358.4101732463049,Non-notified,1353.3619483351254,939.904337665796,266
186,Slum Area,net,5013.0,5013.0,MARIYAPPANA_PALYA_KENGERI,2901220035,Non-Notified,1.88003016,RR Nagar,18800.301667,569.5350737723435,28.68393128712972,1.8800043827973572,15.257374689972474,Non-notified,461.7307015316299,262.3654836529088,267
187,Slum Area,net,5013.0,5013.0,MSK_NAGAR,2901220031,Non-Notified,0.17640376,RR Nagar,1764.03756343,316.15814247748096,91.5072332643995,0.1764266549922213,518.6701140393671,Non-notified,1528.9737098067508,1071.6437243428334,137
188,Slum Area,net,5013.0,5013.0,MUTTHURAYANNA_NAGAR,2901220036,Non-Notified,2.36962056,RR Nagar,23696.20595747,794.0347630575702,22.065930514242137,2.369690223486614,9.311736317068357,Non-notified,2731.264234204699,1297.6144879464666,267
189,Slum Area,net,5013.0,5013.0,NARASIMHARAJA_COLONY,2901220038,Non-Notified,1.87723994,RR Nagar,18772.39949564,667.1249788689455,337.0536335066253,1.8772369104444504,179.54773402938537,Non-notified,2012.6609938898127,1617.0898206977886,264
190,Slum Area,net,5013.0,5013.0,PANTHAR_PALYA,2901220039,Non-Notified,0.24980871,RR Nagar,2498.0871719,219.9979921701307,2.8988023309146653,0.24983372653549787,11.602926358714768,Non-notified,2133.2250462117267,1108.2145604752118,87
191,Slum Area,net,5013.0,5013.0,PAPAREDDY_PALYA,2901220040,Non-Notified,2.23158503,RR Nagar,22315.850134145,730.7510810426354,850.8163213991652,2.2315689167170536,381.2637445456238,Non-notified,417.700769316665,216.6006825575994,263
192,Slum Area,net,5013.0,5013.0,PATTANAGERE_JANATHA_COLONY,2901220041,Non-Notified,0.1761445,RR Nagar,1761.44501041,186.03735294452352,3.053021905936447,0.17614946304888734,17.331996664043942,Non-notified,2232.693054062333,1742.4070895785433,166
193,Slum Area,net,5013.0,5013.0,PURNAPURA_AMBEDKAR_NAGAR,2901220042,Non-Notified,1.50278783,RR Nagar,15027.87791153,570.2772195530308,604.9401546702666,1.5027591277131935,402.5529730708256,Non-notified,2021.8027353810883,1163.2981151903314,99
194,Slum Area,net,5013.0,5013.0,RAMA_BHOOMI_COLONY,2901220043,Non-Notified,0.97841471,RR Nagar,9784.14696075,384.38380254919525,459.5667072370941,0.9783998461547464,469.71257103448863,Non-notified,1521.498062027256,520.1762469897284,99
195,Slum Area,net,5013.0,5013.0,SAJJEPALYA,2901220044,Non-Notified,2.51797342,RR Nagar,25179.733645355,897.0356697743448,436.1619192684398,2.5180507916035637,173.2141070080163,Non-notified,1928.309687545513,1527.4676436793113,264
196,Slum Area,net,5013.0,5013.0,SANJAYGANDHI_NAGAR,2901220054,Notified,0.90083796,RR Nagar,9008.37976211,468.74405752984353,391.3561728084789,0.9008657161362258,434.42231821962173,Notified,2121.0651168546306,1677.8095597778265,95
197,Slum Area,net,5013.0,5013.0,SHIVANAPALYA_VADDARAPALYA,2901220056,Notified,1.74545324,RR Nagar,17454.53231669,723.4534396153012,20.069799011828852,1.7454457080578951,11.498380567883668,Notified,804.4685664997951,797.2995600203063,170
198,Slum Area,net,5013.0,5013.0,SIDDHARTHA_NAGAR,2901220057,Notified,5.55572271,RR Nagar,55557.227514265,1182.5825441191214,1983.1118306477863,5.555731692946683,356.948812550732,Notified,1961.2371229689668,1249.9707511494253,22
199,Slum Area,net,5013.0,5013.0,SRINIVASPUR_COLONY,2901220045,Non-Notified,7.43894529,RR Nagar,74389.45057155,1402.4534982294272,52.21355636540581,7.438887614292234,7.019000564693115,Non-notified,2786.408051190925,1169.0832048602263,9
200,Slum Area,net,5013.0,5013.0,SUNNADAGUDU_SLUM,2901220046,Non-Notified,0.19921121,RR Nagar,1992.11214039,206.12239441602406,83.92277449065563,0.19918804544845256,421.3243535861384,Non-notified,655.7431496274181,277.49919003460604,138
201,Slum Area,net,5013.0,5013.0,TANNEERHALLI_MUNESHWARA_NAGAR,2901220053,Notified,0.98487347,RR Nagar,9848.73452517,484.78999008140516,231.2090233896293,0.9848803473343696,234.75849022209516,Notified,251.25174990627812,71.59322681962227,137
202,Slum Area,net,5013.0,5013.0,TANNEERHALLI_SANJAYNAGAR,2901220055,Notified,0.93259525,RR Nagar,9325.952259295,479.04363118368184,259.5856435738358,0.9325959311442726,278.3473902307621,Notified,392.4851751956081,299.700521700053,137
203,Slum Area,net,5013.0,5013.0,TIGALARAPALYA,2901220047,Non-Notified,2.0142796,RR Nagar,20142.796278295,610.3271555561068,283.07347415101293,2.0143045897577503,140.53161353569504,Non-notified,2607.1266798609404,1433.3356346939393,218
204,Slum Area,net,5013.0,5013.0,TMC_QUARTERS,2901220058,Notified,0.08415931,RR Nagar,841.593107145,116.06015864531113,0.924547805038153,0.08416993512037832,10.984299841931463,Notified,703.1862468511208,628.0537168790353,86
205,Slum Area,net,5013.0,5013.0,ULLALA_AMBEDKAR_NAGAR,2901220048,Non-Notified,3.87698221,RR Nagar,38769.82166285,818.0908463587494,261.9513315238205,3.8770880302036863,67.5639370277746,Non-notified,1815.7592051206877,1348.4554647631676,268
206,Slum area,net,5013.0,5013.0,ABBIGERI_DINNE,2901218003,Notified,1.29064906,Dasarahalli,12906.49104275,608.2177679130467,127.47202238195082,1.290665200982444,98.76459230861741,Notified,443.08892270084493,354.0848857388688,146
207,Slum area,net,5013.0,5013.0,BASAPPANAKATTE_SLUM,2901218004,Non-Notified,3.32998204,Dasarahalli,33299.821128945,925.0398610337509,432.2052106670305,3.3299413056028264,129.79364229027678,Non-notified,3486.1533124990137,2637.3276287709073,22
208,Slum area,net,5013.0,5013.0,CHOKKASANDRA,,,0.72562861,Dasarahalli,7256.28629469,396.069666380639,318.7489839441636,0.7256207887809163,439.2776349195836,Non-notified,1817.1306993989597,1199.842433950783,22
209,Slum area,net,5013.0,5013.0,FRIENDS_COLONY,2901218006,Non-Notified,3.13534236,Dasarahalli,31353.42280847,732.7945519415043,1672.6238374597888,3.1353354324152036,533.4752448389031,Non-notified,3451.5844978196014,2680.428325750845,264
210,Slum area,net,5013.0,5013.0,GULBARGA_SLUM,2901218005,Non-Notified,0.25349399,Dasarahalli,2534.93987664,261.2959052236532,128.44023581112134,0.2534871473545908,506.6932866282666,Non-notified,2267.6886124734383,1891.7170695009765,192
211,Slum area,net,5013.0,5013.0,KAMMAGONDAHALLI,2901218009,Notified,4.31350422,Dasarahalli,43135.042575885,1090.7902755104462,637.255600603889,4.313468231304223,147.73624527453816,Notified,1710.5496034864675,1495.0409204434766,146
212,Slum area,net,5013.0,5013.0,KATARAYA_NAGAR,2901218010,Non-Notified,0.86844891,Dasarahalli,8684.48928314,395.79685158374457,55.7724391264074,0.8684349565871784,64.2217804607784,Non-notified,1684.496395509503,1271.54067709678,254
213,Slum area,net,5013.0,5013.0,MAHAKALAHASTHI_NAGAR,2901218008,Non-Notified,3.79914451,Dasarahalli,37991.445291175,844.4803769062953,1549.185012757544,3.7991636397517863,407.7700145758286,Non-notified,1944.2137595469562,1456.22131006607,22
214,Slum area,net,5013.0,5013.0,MAHALAKSHMI_NAGAR,2901218011,Non-Notified,2.22040248,Dasarahalli,22204.023736305,703.492888963117,550.5754051058901,2.220236229506976,247.98055170379348,Non-notified,2025.7625837730563,1510.833429658511,254
215,Slum area,net,5013.0,5013.0,MALLASANDRA,2901218001,Notified,1.54911137,Dasarahalli,15491.11409839,506.9679425603997,614.0123142616421,1.5491685171671743,396.349594932662,Notified,480.840263980873,393.4240055129682,254
216,Slum area,net,5013.0,5013.0,MANJUNATH_NAGAR,2901218002,Notified,8.57965946,Dasarahalli,85796.59737714,1370.9066916230329,2000.8537679634844,8.579764437504602,233.2061424923487,Notified,2240.6049678751,1674.2305542034685,254
217,Slum area,net,5013.0,5013.0,MARUTHI_NAGAR,2901218012,Non-Notified,2.92956829,Dasarahalli,29295.68267671,1004.5110449258426,1528.9275112974876,2.929600947314599,521.8893421982847,Non-notified,3140.3181476636846,2512.102936076639,264
218,Slum area,net,5013.0,5013.0,NAGASANDRA,2901218013,Non-Notified,1.38010108,Dasarahalli,13801.011129935,586.4235622198763,308.35865436628757,1.3800842118646617,223.4346655916435,Non-notified,1981.9937764480057,1300.247794259107,192
219,Slum area,net,5013.0,5013.0,NARAYANAPURA,2901218014,Non-Notified,1.52384079,Dasarahalli,15238.408204335,490.26247767884473,620.7246117685355,1.523839043393088,407.3426353392194,Non-notified,1821.5516427309087,1238.5571226005304,192
220,Slum area,net,5013.0,5013.0,RAJGOPAL_NAGAR,2901218015,Non-Notified,15.94734669,Dasarahalli,159473.462600605,1991.6284149810276,7160.424006383559,15.947348751381584,449.0040393556466,Non-notified,3077.755809163519,2215.5311798069065,22
221,Slum area,net,5013.0,5013.0,SHIVA_NAGAR,2901218016,Non-Notified,1.54027712,Dasarahalli,15402.770902715,813.5970904314757,720.6998347263711,1.5403044399628085,467.8944084221252,Non-notified,3097.3004384833644,2429.463432258127,264
222,Slum area,net,5013.0,5013.0,SHIVAPUR_SLUM,2901218017,Non-Notified,1.48407733,Dasarahalli,14840.77294192,979.4744693731564,372.4491231880936,1.4841936114400835,250.94375849436088,Non-notified,1181.0005700676331,1049.095271351288,192
223,Slum area,net,5013.0,5013.0,VINAYAKA_NAGAR,2901218018,Non-Notified,1.45630741,Dasarahalli,14563.074158395,497.80060548134406,107.0481974882238,1.4563257993673167,73.50566578902168,Non-notified,997.002945780692,887.8041001495764,254
224,Slum Area,net,5013.0,5013.0,ASHWATH_NAGAR,2901216021,Non-Notified,0.15167628,West,1516.76281599,156.5325803355838,81.45925544289982,0.15166003293359212,537.1174848588398,Non-notified,1351.2963975369316,925.5759130225003,113
225,Slum Area,net,5013.0,5013.0,ASHWATH_KATTE_BANDE_GUDISALU,2901216004,Non-Notified,2.32191825,West,23219.18354595,803.5945720391101,1237.1224386776196,2.3219958920300283,532.7840772345436,Non-notified,1369.5588029166627,1307.9468941845812,85
226,Slum Area,net,5013.0,5013.0,ARUNDHATHI_NAGAR,2901216059,Notified,0.61280626,West,6128.062661755,313.64991620448933,351.4387295592065,0.6127723491521563,573.5224999063093,Notified,486.5399171783032,335.7670279671696,144
227,Slum Area,net,5013.0,5013.0,ASHOKPURAM,2901216091,Notified,2.07629013,West,20762.902169045,658.7003957374703,1184.4687294155945,2.076342620940236,570.459189861078,Notified,1145.4369716583242,793.6478029353608,95
228,Slum Area,net,5013.0,5013.0,ANJANEYA_SLUM,2901216040,Notified,0.11717477,West,1171.74767022,153.39399504568237,50.319630462048096,0.11716159345441579,429.4891267557403,Notified,971.9672978358462,750.6407716777793,153
229,Slum Area,net,5013.0,5013.0,ANJANEYA_GUDDA,2901216037,Notified,0.32298145,West,3229.81440233,288.9392846880945,152.19594391467524,0.32298198534305905,471.22115418610286,Notified,2190.8012610941137,1793.7923151775667,95
230,Slum Area,net,5013.0,5013.0,ANJANEYA_BLOCK,2901216038,Notified,0.65561152,West,6556.11504345,366.6426196794086,348.4704559924556,0.6555436427833417,531.5747621514586,Notified,256.16966516407666,280.8188664171553,110
231,Slum Area,net,5013.0,5013.0,ANJANAPPA_GARDEN_B_LANE,,Notified,0.55365872,West,5536.587058965,404.1940722060409,322.8226253733916,0.5536513351881024,583.0792862871233,Notified,1284.849097725702,840.7384584553726,85
232,Slum Area,net,5013.0,5013.0,ANJANAPPA_GARDEN,2901216070,Notified,1.1097641,West,11097.640444045,538.0828763119966,639.210710592831,1.1097728074885969,575.983396132545,Notified,1338.7616874034434,856.1486678439115,85
233,Slum Area,net,5013.0,5013.0,ANJANAPPA_GARDEN_A_LANE,,Notified,1.74308538,West,17430.85374741,540.2940643670805,916.5560111251532,1.7430743282058965,525.82726754317,Notified,1230.1285089266744,990.5065633869075,85
234,Slum Area,net,5013.0,5013.0,ANANDA_RAO_CIRCLE,2901216043,Notified,0.08772449,West,877.244886055,290.51065041069694,40.106024409275435,0.08773530820497238,457.12524672025296,Notified,1186.19525662094,555.7600340171914,113
235,Slum Area,net,5013.0,5013.0,ANANDAPURA_SLUM,2901216034,Notified,1.15351486,West,11535.148102205,448.5519133037435,648.7695219152114,1.1535352696444074,562.4184530701027,Notified,972.9302360175896,676.3502793769949,85
236,Slum Area,net,5013.0,5013.0,AMBEDKAR_NAGAR,2901216082,Notified,0.41126284,West,4112.6284057,332.7832700124825,150.6676289876302,0.41119315810594825,366.4157003040627,Notified,854.1910711947697,381.1299203286842,113
237,Slum Area,net,5013.0,5013.0,AKCOLONY_SRIRAM_NAGAR,2901216085,Notified,2.02242899,West,20224.29000231,710.2810329170071,1085.9756496055454,2.0225039514819096,536.9461200853723,Notified,2446.136941359747,1868.1015329249503,199
238,Slum Area,net,5013.0,5013.0,AK_COLONY_SUBRAHMANYA_NAGAR,2901216030,Non-Notified,0.38614807,West,3861.48068375,251.0796231117461,179.03753554400276,0.3861360853086739,463.66434621328307,Non-notified,1090.0382420939636,904.278794165407,201
239,Slum Area,net,5013.0,5013.0,ANJANAPPA_GARDEN_C_LANE,2901216064,Notified,1.11661589,West,11166.15947063,480.49455739301044,655.5366426355699,1.1166592797031878,587.0516231323614,Notified,1061.061449019464,842.0410156856206,85
240,Slum Area,net,5013.0,5013.0,BHUVANESHWARI_NAGAR,,,0.28462875,West,2846.28756768,213.16102702856682,163.12255524280025,0.28461148097806016,573.141163112021,Non-notified,953.554475696055,681.4672145339398,172
241,Slum Area,net,5013.0,5013.0,BHOVI_COLONY,2901216083,Notified,3.3085618,West,33085.61792215,750.4833982376331,1324.4219515931372,3.308536981949863,400.30441213705234,Notified,416.80480725042264,323.23774694538355,199
242,Slum Area,net,5013.0,5013.0,BHAKSHI_GARDEN,2901216001,Non-Notified,1.11380744,West,11138.07445156,423.9100927573322,662.7088074927237,1.1137343400000708,595.0331095049845,Non-notified,1285.697228814553,990.9602419220139,168
243,Slum Area,net,5013.0,5013.0,BHAGYAJYOTHI_NAGAR,2901216036,Notified,1.33029652,West,13302.96538485,535.5147900446517,766.2630825865502,1.3302725832123714,576.0196009874618,Notified,260.5493044503229,226.84326444627447,123
244,Slum Area,net,5013.0,5013.0,BAIRAHANUMAIAH_SLUM,2901216080,Notified,0.24316891,West,2431.68898086,205.64945866981182,121.22499401616112,0.24318036788385738,498.4982754613564,Notified,377.37345163276035,242.160062134292,74
245,Slum Area,net,5013.0,5013.0,CHAMUNDI_NAGAR,2901216028,Non-Notified,0.97853982,West,9785.398199225,588.3382761605393,547.0257683249081,0.9785434911874299,559.0203943425249,Non-notified,1082.6597482762788,764.1641671779338,172
246,Slum Area,net,5013.0,5013.0,CHANDRA_NAGAR,2901216097,Notified,2.98350024,West,29835.0026005,753.2366242293207,1304.4574801575905,2.9834176691396648,437.2359571543866,Notified,2784.936049992711,2248.2525260830175,95
247,Slum Area,net,5013.0,5013.0,DORAI_SWAMY_NAGAR,2901216068,Notified,0.32543898,West,3254.38961978,245.34217173583116,176.63918720320157,0.32537926214072366,542.8716816218198,Notified,1324.9675026461755,994.4061239391011,85
248,Slum Area,net,5013.0,5013.0,DR_AMBEDKAR_NAGAR,2901216049,Notified,1.06370389,West,10637.03855317,537.5580305220182,563.7188816444547,1.0637704819714382,529.9252904627882,Notified,308.79571675310484,278.98460853973285,144
249,Slum Area,net,5013.0,5013.0,FLOWER_GARDEN,2901216066,Notified,0.69266069,West,6926.60675553,380.2884156404369,358.1233040603937,0.6926269694437047,517.0507644945252,Notified,1324.842482893943,991.14728764097,85
250,Slum Area,net,5013.0,5013.0,FAROOQIYA_NAGAR,2901216073,Notified,1.33520675,West,13352.067328845,785.1854235753901,402.064166020412,1.3351376042755205,301.14062006259064,Notified,1730.9511010731944,1280.2523361612728,114
251,Slum Area,net,5013.0,5013.0,GAJANANA_INDUSTRIAL,2901216093,Notified,0.2537379,West,2537.37890715,216.2851836306907,144.5934455422794,0.2537358879794223,569.858078388997,Notified,1280.9633043708736,374.9249190972015,138
252,Slum Area,net,5013.0,5013.0,GHOUSE_LANE,2901216057,Notified,1.3329041,West,13329.04151051,531.905495936281,663.9049972234989,1.3328785169514472,498.098655488858,Notified,705.0232357787893,321.78374146218255,113
253,Slum Area,net,5013.0,5013.0,GIRIPUR_SLUM,2901216067,Notified,1.80794334,West,18079.432961085,597.0992618716413,1028.2063727883733,1.8080111820389198,568.6946977998501,Notified,1187.132432307346,1001.7256039380063,85
254,Slum Area,net,5013.0,5013.0,GOPALPUR_SLUM,2901216015,Non-Notified,4.7894454,West,47894.45487593,883.315544521698,2194.5548771876915,4.789323334683743,458.2181497947676,Non-notified,1360.5112631767277,827.0074266121633,113
255,Slum Area,net,5013.0,5013.0,GOUTHAM_NAGAR_YASHWANTHPUR,,,0.98313677,West,9831.36793736,543.3532509972038,473.25488867666206,0.9831890242199098,481.3467980403422,Non-notified,1136.7210516329424,858.7369567045971,137
256,Slum Area,net,5013.0,5013.0,GOUTHAM_NAGAR_SRIRAMPUR,,,1.17754233,West,11775.42300045,442.36714429801486,638.4966899797028,1.1775134195336385,542.2415400009482,Non-notified,399.59889529456933,264.3212952284869,144
257,Slum Area,net,5013.0,5013.0,HANUMANTHAPPA_COLONY,2901216055,Notified,0.98917776,West,9891.77747089,431.20831607895224,426.62472306793813,0.9891984304482888,431.28325918855194,Notified,1078.0047067552568,650.6989101944347,110
258,Slum Area,net,5013.0,5013.0,HANUMANTHPUR_SLUM,2901216051,Notified,2.64940071,West,26494.006720225,777.3485070871639,1362.4052516563263,2.6494321521082593,514.2253786616901,Notified,737.3496808270482,535.7666338449943,144
259,Slum Area,net,5013.0,5013.0,HARIJAN_COLONY_SRIRAMPUR,2901216023,Non-Notified,0.10323157,West,1032.3156963,195.77206533984847,58.48670630361519,0.10320263662844505,566.7171713275288,Non-notified,457.4774090285593,308.045066488498,144
260,Slum Area,net,5013.0,5013.0,HARIJANA_COLONY_KANTIRAVA_LAYOUT,2901216088,Notified,2.38689876,West,23868.98779397,703.2691949260692,1108.8406150668277,2.386842440359075,464.5638087866472,Notified,1325.1344284200973,1096.3968889617086,95
261,Slum Area,net,5013.0,5013.0,JAGAJEEVANARAMA_NAGAR_NORTH,2901216062,Notified,0.73377687,West,7337.76875932,386.75581799165474,334.3895566454121,0.733716033587435,455.74792063687914,Notified,1702.0103177878032,1085.0160466833613,85
262,Slum Area,net,5013.0,5013.0,JAGAJEEVANARAMA_NAGAR_SOUTH,2901216074,Notified,3.16412854,West,31641.2844344,816.1629056260044,1375.1179796405868,3.1640577705214796,434.6058382536892,Notified,1783.0252897611144,1115.7632633437795,85
263,Slum Area,net,5013.0,5013.0,JAI_BHEEM_NAGAR,,,0.60168731,West,6016.87291845,431.69537428246736,333.9310305127911,0.6017400685346869,554.9423214012578,Non-notified,1189.1648383671131,973.693425344019,85
264,Slum Area,net,5013.0,5013.0,JAIMARUTHI_NAGAR,2901216087,Notified,2.18799019,West,21879.900892815,678.853648979695,1065.4941700654872,2.187945384352789,486.98389716920127,Notified,1223.8334059447986,962.1816548548129,95
265,Slum Area,net,5013.0,5013.0,JAKKARAPYANA_COLONY,2901216045,Notified,1.30099237,West,13009.923555825,759.6305159769885,641.6447556439567,1.3010608023258132,493.1704609784065,Notified,776.0646237526389,574.3409641782525,110
266,Slum Area,net,5013.0,5013.0,JANATHA_COLONY,2901216071,Notified,2.6461997,West,26461.99594611,1008.5510453680437,1430.0676915785846,2.6461962220045008,540.423903445567,Notified,1686.9631094745037,1376.169657828465,114
267,Slum Area,net,5013.0,5013.0,JC_NAGAR,2901216099,Notified,1.82155585,West,18215.558040195,672.9736097470022,696.313311288871,1.821557290866736,382.2626467913893,Notified,1317.2225388678635,1073.6815585195468,199
268,Slum Area,net,5013.0,5013.0,JCW_NAGAR,2901216010,Non-Notified,0.6731438,West,6731.438322395,524.089104070501,305.7372383865656,0.6730799643631291,454.23613028781114,Non-notified,967.6669096014017,744.9232658112277,110
269,Slum Area,net,5013.0,5013.0,KAMALA_NAGAR,2901216096,Notified,0.99718094,West,9971.809408425,441.62927596042687,426.8526076372932,0.9972349321560756,428.03615665008334,Notified,2270.5517546280903,1930.057622257463,199
270,Slum Area,net,5013.0,5013.0,KANTEERAVA_NAGAR,2901216086,Notified,4.90837145,West,49083.713467805,907.1134164808968,1982.7564958160997,4.908338182258916,403.9567817439171,Notified,884.8457349551741,711.1254555875234,95
271,Slum Area,net,5013.0,5013.0,KAREKALLU,2901216084,Notified,1.32255673,West,13225.56787442,619.0805929070341,695.8549045936734,1.3225590015922872,526.1428062989272,Notified,2530.8152889987177,1969.909343272044,199
272,Slum Area,net,5013.0,5013.0,KARIMANDI_SLUM,2901216079,Notified,0.18923084,West,1892.3083749,197.42185274401425,89.06140005074295,0.18920059700393152,470.72473058260107,Notified,326.7766317893265,182.15055615483556,101
273,Slum Area,net,5013.0,5013.0,KENCHAPPA_GARDEN,2901216041,Notified,1.64911139,West,16491.11336264,676.5907046266767,737.1372345569088,1.6491278497140767,446.9861052220497,Notified,1186.809363355059,482.98898331951244,113
274,Slum Area,net,5013.0,5013.0,KESHAV_NAGAR,2901216020,Non-Notified,1.33375919,West,13337.591501395,497.4025960964805,645.9130097033931,1.3337214845362901,484.29377286965195,Non-notified,1581.4321845681939,1118.4403440120539,113
275,Slum Area,net,5013.0,5013.0,KIRLOSKAR_FOUNDRY,2901216094,Notified,0.65061194,West,6506.119668315,353.08640961563464,364.254917159735,0.6506391623500447,559.8416729851951,Notified,1092.9025983878123,740.0143176455988,123
276,Slum Area,net,5013.0,5013.0,KN_EXTENSION,2901216078,Notified,0.3455852,West,3455.852058595,242.82757946973817,179.85399134018843,0.3456254001994736,520.3726092943049,Notified,381.2354740745681,228.53915687376764,101
277,Slum Area,net,5013.0,5013.0,KRISHNANANDA_NAGAR,2901216090,Notified,3.70088935,West,37008.89337532,851.6185476839365,1581.34692586263,3.700789515089787,427.2998827452266,Notified,1072.1624433244888,965.4421143068532,95
278,Slum Area,net,5013.0,5013.0,LAKSHMANRAO_NAGAR,2901216052,Notified,0.82262576,West,8226.25784755,497.6289109530035,349.6159099504059,0.8225580306970541,425.034948177618,Notified,961.0058456581168,466.75499354388296,113
279,Slum Area,net,5013.0,5013.0,MAHATHMA_GANDHI_SLUM,2901216005,Non-Notified,1.59490561,West,15949.056414895,572.0819957370989,605.7775399002373,1.5948502115803331,379.83350129161903,Non-notified,1070.5795191426719,909.2184382857049,123
280,Slum Area,net,5013.0,5013.0,MANJUNATH_NAGAR,2901216031,Non-Notified,0.08900714,West,890.071375785,120.17232753545451,27.504614736519606,0.08900288990218089,309.0305805434936,Non-notified,283.1442451004415,272.25269675341093,199
281,Slum Area,net,5013.0,5013.0,MARIYAPPANA_PALYA,2901216027,Non-Notified,6.61044645,West,66104.4655588,1137.9510897328978,2498.578235940372,6.610466276307625,377.9730705072124,Non-notified,757.1586976551642,664.7979468190052,201
282,Slum Area,net,5013.0,5013.0,MOHINPURA,2901216072,Notified,1.01802683,West,10180.268786125,431.055990058602,522.9819842170266,1.0180678020103697,513.7005444866231,Notified,1535.6391537731213,1203.5906893906601,85
283,Slum Area,net,5013.0,5013.0,NAGAMMA_NAGAR_KP_AGRAHARA,2901216075,Notified,3.25000882,West,32500.08937088,901.3185792664401,1611.9292063993566,3.2500100909723844,495.9766773884313,Notified,1918.649134140605,1249.2449089771771,115
284,Slum Area,net,5013.0,5013.0,NARAYANAPPA_COLONY,2901216053,Notified,0.34398794,West,3439.87931397,286.2034430945243,173.50411915498623,0.3439711124825827,504.41479780884725,Notified,765.5252907771076,546.3959451346043,144
285,Slum Area,net,5013.0,5013.0,OLD_PENSION_MOHALLA,,,0.44883594,West,4488.35949372,310.1581722917317,258.73533289292277,0.44890769856340773,576.3664417449876,Non-notified,1098.3694836369982,836.487603042649,168
286,Slum Area,net,5013.0,5013.0,PEER_BOUNDARY,2901216032,Notified,0.36459601,West,3645.9600837,304.63133567510783,203.02142333984375,0.36462370703226504,556.7971018458179,Notified,1173.625897626114,910.5682108840367,168
287,Slum Area,net,5013.0,5013.0,PIPE_LINE,2901216077,Notified,0.47157022,West,4715.70218125,315.094949344589,240.58145835726867,0.4715972440134231,510.14178180910017,Notified,269.0746068640081,207.88030493055575,101
288,Slum Area,net,5013.0,5013.0,RAMAKRISHNA_NAGAR,2901216024,Non-Notified,0.62365532,West,6236.553351595,386.27873796798275,329.5842091279871,0.6236923969784988,528.4403188569721,Non-notified,265.56186017855725,247.9900772534117,144
289,Slum Area,net,5013.0,5013.0,REESHILDAR_COLONY,2901216009,Non-Notified,1.21159685,West,12115.96857938,445.2183350005319,514.9863775515089,1.2116421076817216,425.0317600275966,Non-notified,927.2235165895801,725.7620916069448,110
290,Slum Area,net,5013.0,5013.0,RAYAPUR,2901216061,Notified,4.95897102,West,49589.708162715,934.0228640490124,2289.8272232354852,4.959097821258189,461.7427011460979,Notified,1835.013586112363,1242.6812521116,85
291,Slum Area,net,5013.0,5013.0,SANJAYGANDHI_NAGAR,2901216054,Notified,0.4095543,West,4095.54311466,312.2916435495556,163.88110698625152,0.4095587223021252,400.14068328243036,Notified,1096.0809622479594,581.3227089252335,113
292,Slum Area,net,5013.0,5013.0,SANNAKKIBAILU,2901216006,Non-Notified,15.81668663,West,158166.864734105,1935.3209440148773,5513.15171807981,15.81674847210233,348.56416461347527,Non-notified,2988.5986799588213,2249.3247813859543,264
293,Slum Area,net,5013.0,5013.0,SELVA_NAGAR,2901216058,Notified,0.34770888,West,3477.08871719,258.3031548110551,203.51505414177387,0.34772393529938944,585.2776685233011,Notified,871.5422058029519,498.69129565083733,144
294,Slum Area,net,5013.0,5013.0,SHASTHRI_NAGAR,2901216013,Non-Notified,0.33066329,West,3306.63292364,236.97134872431792,137.77741423962163,0.33068265137738545,416.64542625910457,Non-notified,1124.9349542524017,570.450977395119,113
295,Slum Area,net,5013.0,5013.0,SHERIFF_HUTS,2901216081,Notified,1.35311675,West,13531.16798539,774.9788404325674,758.7899587593827,1.3532813688684961,560.703765096405,Notified,677.2963526070332,195.98257268150152,74
296,Slum Area,net,5013.0,5013.0,SIDDALINGA_NAGAR,2901216022,Non-Notified,0.52395594,West,5239.55936159,347.82899812244375,241.8882022633272,0.5239303379430809,461.68008367861614,Non-notified,1381.9529127589958,989.0486239853229,113
297,Slum Area,net,5013.0,5013.0,SLUM_BOARD,2901216100,Notified,0.08928831,West,892.883054965,122.79171828281292,45.220663631663605,0.0893056510324619,506.3583671231091,Notified,911.5210693785953,708.793232043801,153
298,Slum Area,net,5013.0,5013.0,SOMESHWAR_NAGAR,2901216095,Notified,1.35855055,West,13585.50549628,504.6721341538024,521.7439766678156,1.3585560243921162,384.04303341208845,Notified,1452.4793315379543,957.8473617355812,95
299,Slum Area,net,5013.0,5013.0,SWEEPER_COLONY,2901216047,Notified,0.30601814,West,3060.181547345,226.54760206564646,122.35967203776042,0.3060713484540589,399.7749957837903,Notified,1062.142653764818,597.0399036195199,113
300,Slum Area,net,5013.0,5013.0,SWATHANTHRA_PALYA,2901216011,Non-Notified,3.92496037,West,39249.60460198,866.7426722144459,2078.88384327608,3.9248448573652466,529.6728708588082,Non-notified,553.0807465663116,476.69598586348206,144
301,Slum Area,net,5013.0,5013.0,VV_GIRI_SLUM,2901216008,Non-Notified,0.5125019,West,5125.019132015,523.9986697415706,231.96900933957568,0.5124930762011042,452.62857219274935,Non-notified,967.6669096014017,746.74986550372,110
302,Slum Area,net,5013.0,5013.0,VST_COLONY,2901216056,Notified,0.50791574,West,5079.15738032,353.12886695375045,208.89207141352637,0.5079909608971936,411.2121818951058,Notified,967.0835868588919,920.8784692544544,113
303,Slum Area,net,5013.0,5013.0,VS_GARDEN,2901216060,Notified,0.3766776,West,3766.775899385,274.00379311852635,196.88537789139093,0.37666442915172416,522.707648117427,Notified,1941.3362424991144,820.3617993126971,114
304,Slum Area,net,5013.0,5013.0,VRUSHABHAVATHI_NAGAR,2901216007,Non-Notified,3.40257239,West,34025.723806225,750.6796231108144,1845.0790297564336,3.4025115428976336,542.2697341344314,Non-notified,2454.1064220815024,2200.6495798991054,199
305,Slum Area,net,5013.0,5013.0,VENKATARAMANA_SLUM,2901216003,Non-Notified,1.46892941,West,14689.29438799,531.2636314642612,538.9247636383654,1.4688975744903132,366.89063485271583,Non-notified,645.27750543031,474.3595663488177,85
306,Slum Area,net,5013.0,5013.0,VIVEKANANDA_COLONY,2901216044,Notified,0.42024389,West,4202.43897415,394.8828814486854,192.16255457261028,0.42021973449272126,457.290647724063,Notified,824.4644089932534,664.6929648819099,144
307,Slum Area,net,5013.0,5013.0,VIVEKANANDA_BLOCK,2901216039,Notified,2.18805528,West,21880.55269699,596.7410649837439,1175.816220032935,2.1880235809475894,537.3873619422842,Notified,821.9350900581138,652.0740228603904,153
308,Slum Area,net,5013.0,5013.0,VIJAYANANDA_NAGAR,2901216089,Notified,8.49722672,West,84972.26950333,1655.4554877205464,4688.759864358341,8.497223347166095,551.7990610335183,Notified,559.942961773388,510.1185390381617,95
309,Slum Area,net,5013.0,5013.0,TIPPU_NAGAR,2901216002,Non-Notified,1.960199,West,19601.989642295,686.6847816267964,1053.1551808076745,1.9601815302685761,537.2743108457794,Non-notified,918.9292516468489,553.8700705158899,85
310,Slum Area,net,5013.0,5013.0,TIMBER_YARD_COTTONPET,2901216033,Notified,2.38763928,West,23876.3938345,790.4864056959645,1410.5044890759036,2.387613023508915,590.7592541956317,Notified,1243.8338933217397,831.7232027936245,168
311,Slum Area,net,5013.0,5013.0,THAMMAIAPPA_PARK,2901216019,Non-Notified,0.62303531,West,6230.353275325,322.5269900748847,351.32176681219363,0.6230418948527008,563.8814495697002,Non-notified,1690.7569773671653,1179.0952030066614,113
312,Slum Area,net,5013.0,5013.0,BASAVESHWAR_NAGAR,2901216014,Non-Notified,0.61270523,West,6127.052107285,316.21070728343676,300.8884873334099,0.6127145251999766,491.07451342891943,Non-notified,1084.640505590758,670.7629514979823,113
313,Slum Area,net,5013.0,5013.0,BHEEMASHAKTHI_NAGAR,2901216035,Notified,0.26506108,West,2650.610928885,239.63110276953714,122.69972223020068,0.26507313398304916,462.8900725867113,Notified,884.4415934952372,540.3569698978874,123
314,Slum Area,net,5013.0,5013.0,NARAYANAPURA,2901215073,Notified,0.14979704,South,1497.970421505,158.70592201629609,3.151788808785233,0.14979972672931008,21.040017078806514,Notified,1155.779305027248,903.7522481842975,34
315,Slum Area,net,5013.0,5013.0,RAJENDRA_NAGAR,2901215080,Notified,8.91429329,South,89142.93589686,1203.927509072001,56.61569085775637,8.91424721698499,6.3511465948445105,Notified,124.80477484740624,102.62636877473254,42
316,Slum Area,net,5013.0,5013.0,AK_COLONY_HOSAKEREHALLI,2901215014,Non-Notified,0.83144999,South,8314.499878525,359.0094536143803,16.099213057873296,0.8314084322017962,19.36378371246271,Non-notified,488.79170713527867,455.36447575582525,87
317,Slum Area,net,5013.0,5013.0,AK_COLONY_KORAMANGALA,2901215082,Notified,4.77277994,South,47727.80139802,1030.250584443422,1281.708979774924,4.772866493892761,268.5407147706659,Notified,29.541115959426655,35.83385893805904,77
318,Slum Area,net,5013.0,5013.0,AMBEDKAR_NAGAR83,2901215052,Notified,3.67151356,South,36715.136458905,1027.2554130129297,56.5753418193144,3.671453841749859,15.409520113250265,Notified,1872.086259696098,1332.2462979855038,126
319,Slum Area,net,5013.0,5013.0,AMBEDKAR_NAGAR_6TH_BLOCK,2901215104,Notified,1.80832326,South,18083.23213248,539.3801555741791,25.33129549213484,1.8083254696561104,14.008150588595147,Notified,565.6626700015449,476.4212694096165,247
320,Slum Area,net,5013.0,5013.0,AMBEDKAR_NAGAR_7TH_BLOCK,2901215103,Notified,1.36776924,South,13677.69186167,664.2257343800158,29.074850650862153,1.3677422050547106,21.25755171070351,Notified,404.7838272205663,256.9339102121001,247
321,Slum Area,net,5013.0,5013.0,ANJANEYA_NAGAR,2901215072,Notified,0.96753293,South,9675.32909167,385.18659286299027,476.7131740196078,0.9675288001309307,492.71212800600523,Notified,495.9526203043914,390.6071574806323,34
322,Slum Area,net,5013.0,5013.0,APPAJAPPA_GARDEN,2901215039,Notified,4.70430088,South,47043.00821245,947.3678260484993,2469.0876913631664,4.704287005943829,524.8590675363756,Notified,371.5335375302134,265.5121761029668,248
323,Slum Area,net,5013.0,5013.0,ARASU_COLONY,2901215110,Notified,1.16991568,South,11699.15660235,573.0455083542246,16.852995550866222,1.1699214996790905,14.405236210710717,Notified,677.4557845039976,605.5349535589631,162
324,Slum Area,net,5013.0,5013.0,ARUNDATHI_NAGAR,2901215054,Non-Notified,7.92075777,South,79207.57851038,1229.899174744619,1878.665704009112,7.92079281615186,237.18152306397778,Non-notified,371.86908547451213,247.96792619423792,213
325,Slum Area,net,5013.0,5013.0,BADA_MAKAAN,2901215071,Notified,2.38120532,South,23812.054109975,862.3763514418205,672.0234888263777,2.381213706786286,282.2188898506503,Notified,1058.2848854167294,880.033966483348,248
326,Slum Area,net,5013.0,5013.0,BHAVANI_NAGAR,2901215023,Non-Notified,2.52904201,South,25290.421087345,801.803131977359,37.36196591246362,2.528843015143172,14.774331854027068,Non-notified,1309.074053166044,1233.0423197490036,197
327,Slum Area,net,5013.0,5013.0,BHOVI_COLONY,2901215087,Notified,1.97461176,South,19746.117883825,566.3107099052801,47.21965628231273,1.9746099588892612,23.91340936458878,Notified,235.85231080433596,182.96734729302997,46
328,Slum Area,net,5013.0,5013.0,BHOVI_COLONY_TR_NAGAR,2901215005,Non-Notified,1.00128698,South,10012.87010593,404.5022165892146,16.922308502945246,1.0013274341388325,16.899875031885916,Non-notified,452.4783896487866,324.45716467974967,11
329,Slum Area,net,5013.0,5013.0,BORE_GOWDA_SLUM,2901215007,Non-Notified,0.16389197,South,1638.919672685,179.12361274293988,91.24963809742648,0.16391382546413802,556.6927490042052,Non-notified,1807.3172767530482,1408.2243802419946,161
330,Slum Area,net,5013.0,5013.0,BRUNDAVAN_GARDEN,2901215076,Notified,0.20263152,South,2026.315184775,214.91038585828898,3.1483989229389264,0.20264078361284768,15.536847355239471,Notified,1102.8682876637608,815.0528718050984,71
331,Slum Area,net,5013.0,5013.0,CHAMUNDI_NAGAR,2901215013,Non-Notified,2.23517776,South,22351.777337775,620.4390571183395,30.082041415046245,2.235162680936406,13.458546740966337,Non-notified,640.0949612488401,461.2296889715131,6
332,Slum Area,net,5013.0,5013.0,CHANDRAPPA_NAGAR,2901215077,Notified,1.61069334,South,16106.933062215,593.071514473708,29.43177423664168,1.6107540346146678,18.272047503318834,Notified,1344.8245393404293,648.065024122878,34
333,Slum Area,net,5013.0,5013.0,CHIKKALASANDRA,2901215033,Non-Notified,0.29846656,South,2984.665580005,225.2258624828419,3.087841688417921,0.2984490792596411,10.34629323058356,Non-notified,784.5352630778624,670.7300595310378,7
334,Slum Area,net,5013.0,5013.0,CHIKKANNA_GARDEN,2901215061,Notified,0.30711049,South,3071.10494815,225.21187360886495,103.19826241287532,0.30711470373886995,336.0251435588105,Notified,472.5555000310786,403.3613962792848,168
335,Slum Area,net,5013.0,5013.0,CORPORATION_COLONY,2901215109,Notified,2.35135317,South,23513.53271034,615.4405816244875,32.09729010264079,2.351303240043631,13.650850964695303,Notified,261.9248995777093,93.72211167446397,162
336,Slum Area,net,5013.0,5013.0,ELIYAS_NAGAR,2901215021,Non-Notified,10.2557745,South,102557.742243995,1633.7666580361058,131.38235359191896,10.255744374443225,12.810611184822124,Non-notified,464.9292767098867,452.0514456932154,226
337,Slum Area,net,5013.0,5013.0,GANGONDANAHALLI,2901215056,Notified,4.80843306,South,48084.328568765,1457.9906345196441,2144.213165515077,4.808473421166134,445.92388845836024,Notified,318.82195091510846,169.09100301899394,213
338,Slum Area,net,5013.0,5013.0,GAVIPURA_AK_COLONY,2901215092,Notified,0.88361079,South,8836.107560715,478.32838577671356,455.4114062739353,0.8835927952291515,515.4086913484041,Notified,1387.5594796590078,1016.3609952786554,85
339,Slum Area,net,5013.0,5013.0,GOVINDRAJ_NAGAR,2901215035,Notified,2.24268055,South,22426.804690535,604.8235844729098,1185.551167087929,2.242839344919602,528.5938869288148,Notified,1700.7178908560627,1376.9046439723454,114
340,Slum Area,net,5013.0,5013.0,GOWDANPALYA,2901215031,Non-Notified,0.85315019,South,8531.502083375,386.0178002267882,16.91422062294156,0.8531434801615507,19.825763211293243,Non-notified,692.3437812385995,521.7901425926475,90
341,Slum Area,net,5013.0,5013.0,GULBARGA_SLUM,2901215088,Notified,0.63020825,South,6302.082740335,360.4076564698646,11.362884319529812,0.6302597313624555,18.02889150948332,Notified,923.3143185722223,338.2283167556106,53
342,Slum Area,net,5013.0,5013.0,GUTTEPALYA,2901215065,Notified,2.23398709,South,22339.87107412,683.4551237784976,895.2214280072379,2.234023058184649,400.7216598447683,Notified,676.3593834614388,423.3431386171054,34
343,Slum Area,net,5013.0,5013.0,HAMPINAGAR_AK_COLONY,2901215001,Non-Notified,1.35659945,South,13565.994911215,476.82604302622053,463.299395273246,1.3566499176668536,341.502541842203,Non-notified,849.5883113284085,658.0158262013645,80
344,Slum Area,net,5013.0,5013.0,HANDIGUDISALU,2901215003,Non-Notified,3.918082,South,39180.82000916,829.311858062071,1444.3649647432214,3.918052181640402,368.64362642013043,Non-notified,1107.4032279594942,871.219399053097,114
345,Slum Area,net,5013.0,5013.0,HARI_COLONY,2901215018,Non-Notified,1.4160006,South,14160.006304045,510.6368979821351,28.65763317930932,1.415970401538892,20.238864561126345,Non-notified,1430.026248096369,997.6536036322215,126
346,Slum Area,net,5013.0,5013.0,HOMBEGOWDA_NAGAR,2901215004,Non-Notified,2.84326482,South,28432.64754425,812.8175193686982,1270.8965759277346,2.8432899579057644,446.9809955168336,Non-notified,479.6603246137715,363.3633102560416,34
347,Slum Area,net,5013.0,5013.0,HOTTIGERE_SLUM,2901215036,Notified,1.04707181,South,10470.717915045,431.69378154280326,623.7543074065563,1.0470996996047344,595.6971505597938,Notified,1348.7759537276822,944.8265774207929,114
348,Slum Area,net,5013.0,5013.0,INDHIRA_GANDHI_BRI_COLONY,2901215037,Notified,1.45271361,South,14527.13602163,875.4502765970578,829.9479511335785,1.452802139711375,571.2739047166206,Notified,1227.5775852511615,932.9119211601427,172
349,Slum Area,net,5013.0,5013.0,INDIRA_COLONY_ATTIGUPPE,2901215057,Notified,3.82382178,South,38238.218369075,814.4657647949535,1368.8377422257968,3.8238221338225578,357.97631121963605,Notified,154.0767764346421,148.08364367461562,128
350,Slum Area,net,5013.0,5013.0,INDIRA_GANDHI_9th_BLOCK,2901215105,Notified,0.28310946,South,2831.094446955,286.5009033012823,4.02479918236826,0.2831201240950282,14.2158710732175,Notified,831.2021825093912,565.9225401702942,162
351,Slum Area,net,5013.0,5013.0,JANASHAKTHI_NAGAR,2901215096,Notified,0.80850017,South,8085.001699825,503.7492107862467,8.705402703378715,0.8084769017974273,10.76765790590261,Notified,621.1488262710415,442.8004494514991,6
352,Slum Area,net,5013.0,5013.0,JOGI_COLONY,2901215086,Notified,1.00306165,South,10030.6164332,421.308989381442,19.14908908769196,1.0031166237094145,19.08959400640849,Notified,725.6762901091477,484.668207796289,46
353,Slum Area,net,5013.0,5013.0,K_S_COLONY,2901215015,Non-Notified,0.25182185,South,2518.21858486,284.60761920080273,5.3701090046003745,0.2518246206443111,21.32479735643231,Non-notified,631.2791753595475,481.9594785859498,11
354,Slum Area,net,5013.0,5013.0,KALIDHASA_NAGAR,2901215097,Notified,0.66353595,South,6635.359635745,340.1422675982153,13.228379799337947,0.6635141304315401,19.93684714858205,Notified,830.4858464082592,609.4314939432494,87
355,Slum Area,net,5013.0,5013.0,EJIPUR_INDIRAGANDHI_NAGAR,2901215083,Notified,10.24476433,South,102447.64720788,1420.6614271800945,2104.289112046186,10.244682358498315,205.40306067182317,Notified,587.7916697619679,460.1910921101058,77
356,Slum Area,net,5013.0,5013.0,KASTHURBA_COLONY,2901215011,Non-Notified,3.08685231,South,30868.52393931,1039.4239857307693,26.151764858470244,3.0867585872651007,8.472241712184228,Non-notified,935.7936718666865,736.5911653495143,6
357,Slum Area,net,5013.0,5013.0,KAVERI_NAGAR,2901215025,Non-Notified,0.0739021,South,739.021034435,109.15999085195232,1.2378673254274857,0.07390802494373984,16.74875395966505,Non-notified,1242.853034297988,900.3877512751482,159
358,Slum Area,net,5013.0,5013.0,KUMBARGUNDI,2901215049,Notified,1.37092769,South,13709.27649272,525.5062209389188,498.0165308335248,1.3709677003739968,363.2591276203422,Notified,361.0181859049854,228.50861218323442,23
359,Slum Area,net,5013.0,5013.0,KUNTE_SENAPPA_GARDEN,2901215047,Notified,0.26916727,South,2691.672622705,219.5720636429826,127.32040285596662,0.26916564739942,473.0187677591467,Notified,825.4046597807783,460.919428924294,23
360,Slum Area,net,5013.0,5013.0,MADHURAMMA_COLONY,2901215111,Notified,1.17274415,South,11727.4420704,522.1539235341835,26.08176104975681,1.1727100960030528,22.240587114113936,Notified,742.6265998951837,690.3775890432123,36
361,Slum Area,net,5013.0,5013.0,MAHALINGESHWAR_NAGAR,2901215079,Notified,5.47549868,South,54754.986114105,1257.5389105173235,103.66287495482202,5.475405783605658,18.932455246551253,Notified,87.83916063787673,95.268234455995,71
362,Slum Area,net,5013.0,5013.0,MARAMMA_TEMPLE,2901215024,Non-Notified,0.59210616,South,5921.061403595,333.7590383416185,7.764112767986223,0.592108442282523,13.112653381627679,Non-notified,1705.6738548511953,1375.7811568215313,197
363,Slum Area,net,5013.0,5013.0,MARUTHI_NAGAR_AK_COLONY,2901215002,Notified,1.73708057,South,17370.805802405,552.2698526000521,879.4068164301852,1.7370945100191515,506.25156625501614,Notified,844.3409356135702,702.5994820194209,80
364,Slum Area,net,5013.0,5013.0,MCT_COLONY,2901215094,Notified,0.47529995,South,4752.999664605,278.6932392759452,165.73060254863665,0.47532282171424506,348.66956724470236,Notified,1763.9069180952233,1401.3475413654655,80
365,Slum Area,net,5013.0,5013.0,MUNIYAPPA_CEMENT_HUTS,2901215042,Notified,1.6658597,South,16658.59694232,612.4791539886895,850.9074885349647,1.6658117425783305,510.80651359675056,Notified,684.2651678609961,602.0377748500711,248
366,Slum Area,net,5013.0,5013.0,MURALI_NAGAR,2901215062,Notified,0.61774838,South,6177.48357441,361.62417958847846,153.01093127680758,0.6177135552816228,247.7053157867778,Notified,664.6956853905635,522.5410829121926,82
367,Slum Area,net,5013.0,5013.0,NAGESHWARA_GARDEN,2901215038,Notified,1.78065872,South,17806.587695815,531.8515214758496,29.260842992745193,1.7806171629674252,16.432978183800923,Notified,178.382852978561,137.62252234656046,247
368,Slum Area,net,5013.0,5013.0,NAKKALEBANADU_NAGAR,2901215107,Notified,1.58342302,South,15834.23023997,560.5052502711551,34.83391276340859,1.58349019235161,21.998186620706146,Notified,631.7289206848826,314.99527716522726,159
369,Slum Area,net,5013.0,5013.0,NARASIMHAIAH_NAGAR,2901215009,Non-Notified,0.5426783,South,5426.78274126,573.4282974595603,190.8116812911688,0.5427330825652156,351.57554868279215,Non-notified,1790.9139547356335,1485.6045327711495,6
370,Slum Area,net,5013.0,5013.0,NEHARU_NAGAR,2901215027,Non-Notified,0.15976262,South,1597.62619328,189.1068128897094,2.3260223426070867,0.15976865895793,14.558689781702249,Non-notified,1342.4186985742563,1173.7772491728263,197
371,Slum Area,net,5013.0,5013.0,NEW_KAVERI_NAGAR,2901215016,Non-Notified,3.67584801,South,36758.479267575,1271.7157637484427,70.06551625868853,3.675695357595807,19.061839854028836,Non-notified,1761.7239454724738,1257.7735944441765,247
372,Slum Area,net,5013.0,5013.0,NEW_QUARTERS,,,2.61931014,South,26193.102107605,725.6425410048743,998.8748064228132,2.619258606753468,381.35784066809026,Non-notified,565.7557974426765,452.0231945588741,34
373,Slum Area,net,5013.0,5013.0,OLD_KAVERI_NAGAR,2901215101,Notified,4.29984665,South,42998.465177385,995.2772132808653,61.185287157694496,4.299851145689476,14.229629139378849,Notified,1567.3626215258378,1387.3774755389052,197
374,Slum Area,net,5013.0,5013.0,PANCHASHEELA_NAGAR,2901215053,Notified,16.39994812,South,163999.47244736,1874.1282279450263,6904.726856067134,16.399898612496113,421.0225330787099,Notified,1567.970352236307,1283.099815274535,214
375,Slum Area,net,5013.0,5013.0,PANTHARA_PALYA,2901215055,Notified,2.13192463,South,21319.246037985,589.760580734717,29.964924460766365,2.1320040426998066,14.054815966868937,Notified,1912.4447233825304,1448.8694168253533,213
376,Slum Area,net,5013.0,5013.0,PARVATHIPURAM,2901215060,Notified,1.63513374,South,16351.33764051,688.532264916706,827.2780388327205,1.635162790266347,505.93007849571205,Notified,475.7810077530908,379.3554724937554,248
377,Slum Area,net,5013.0,5013.0,PRAGATHIPURA,2901215117,Notified,3.93904901,South,39390.4906047,863.9066443540959,58.24340530470305,3.9390451364762136,14.786173625013694,Notified,1444.499408322638,1016.8040758027211,126
378,Slum Area,net,5013.0,5013.0,PUTTAIYANAPALYA,2901215108,Notified,0.24169593,South,2416.9592601,207.60380053384708,3.0629694358975277,0.24167316990598456,12.674015229282922,Notified,367.7232614434577,232.9558977978697,162
379,Slum Area,net,5013.0,5013.0,RAGHAVENDRA_COLONY,2901215063,Notified,0.44017684,South,4401.76841165,293.28265351637566,8.248527743769628,0.4401946194037936,18.73836566867074,Notified,873.1375323445795,693.6164386916113,11
380,Slum Area,net,5013.0,5013.0,RAMANNA_GARDEN,2901215040,Notified,1.86900234,South,18690.023417805,648.1548019330675,898.0524499033012,1.8690177889340125,480.4943298134696,Notified,905.5057742851001,598.3286698951308,23
381,Slum Area,net,5013.0,5013.0,SANJAYA_NAGAR,2901215008,Non-Notified,1.21012628,South,12101.263010925,813.4869236982862,603.5683691884958,1.210104616591988,498.7737100684093,Non-notified,2026.8749706013732,1537.3065383068922,85
382,Slum Area,net,5013.0,5013.0,SARBANDEPALYA,2901215017,Non-Notified,4.25270367,South,42527.034885225,980.4046721300407,63.915755791757626,4.252672445193352,15.02955062151551,Non-notified,1611.5662999269384,1123.9662894544952,126
383,Slum Area,net,5013.0,5013.0,SDS_SANITORIUM,2901215090,Notified,2.23210812,South,22321.08115736,699.9294458179929,581.9661942425896,2.2320807534383365,260.72810911796927,Notified,1058.9227366748464,611.2063170954533,34
384,Slum Area,net,5013.0,5013.0,SHAMBUPALYA,2901215045,Notified,1.25164378,South,12516.438117265,591.9427748220995,562.6551271924786,1.2516637253673992,449.52579178351056,Notified,465.91441431479507,419.33800889982547,248
385,Slum Area,net,5013.0,5013.0,SHANKRAPPA_GARDEN,2901215066,Notified,2.25935912,South,22593.59123671,751.1958356809399,732.22284970751,2.259399880481363,324.0784670447582,Notified,450.30398214865374,306.84692205742425,82
386,Slum Area,net,5013.0,5013.0,SIDDARTH_NAGAR,2901215012,Non-Notified,3.89654589,South,38965.457927075,908.6404170385401,69.587827166389,3.8965197666931446,17.85896937087683,Non-notified,101.30268708634902,129.36516300026906,203
387,Slum Area,net,5013.0,5013.0,SIDDHAREDDY_SLUM,2901215098,Notified,0.15831764,South,1583.17637058,174.98650107614137,2.4548586789299462,0.15831695705685214,15.505974372968767,Notified,707.0235310176289,511.6679850428227,161
388,Slum Area,net,5013.0,5013.0,SIDDHARTHA_SLUM,2901215100,Notified,1.29935479,South,12993.547831305,487.2036706162672,30.76540911057416,1.299333117861423,23.6778457253603,Notified,1221.5964610290926,831.296952331145,161
389,Slum Area,net,5013.0,5013.0,SINDHI_COLONY,2901215046,Notified,5.41011333,South,54101.132878575,1114.8436010101993,2912.2233808928845,5.410161031079569,538.2877448865447,Notified,860.7295843485401,552.076525695587,248
390,Slum Area,net,5013.0,5013.0,SOMESHWAR_NAGAR,2901215069,Notified,2.62878633,South,26287.863901185,725.5491610758387,1132.9829175462912,2.6287447828480346,430.9976856402145,Notified,625.5576759834125,145.09761209964927,34
391,Slum Area,net,5013.0,5013.0,SR_NAGAR,2901215078,Notified,1.10825551,South,11082.555195205,440.8819654915439,18.250244836246264,1.1082932667757577,16.466981604372464,Notified,1485.3657969022472,694.5165332005732,34
392,Slum Area,net,5013.0,5013.0,SRI_RAM_NAGAR,2901215074,Notified,0.33381894,South,3338.18941209,243.48635431254013,7.196054398779776,0.3337997546152743,21.557997869332443,Notified,915.3190951554468,806.378906515291,34
393,Slum Area,net,5013.0,5013.0,SRINIVAGILU,2901215084,Notified,0.77411753,South,7741.175495685,502.51201082347075,14.128679477467257,0.7741508290849568,18.2505513740356,Notified,532.4785522236273,483.2961103712291,78
394,Slum Area,net,5013.0,5013.0,SUNNADAGUDU,2901215032,Non-Notified,0.25919878,South,2591.98786569,288.6856550062476,4.397159411860447,0.25921536496892894,16.963344022402055,Non-notified,499.1602290468229,382.50226608274045,90
395,Slum Area,net,5013.0,5013.0,SWAGATH_SLUM,2901215106,Notified,0.20449249,South,2044.92492813,225.21050627380367,3.9986956727270986,0.20445907414183798,19.557438032577174,Notified,736.5087787129308,424.36509416962923,159
396,Slum Area,net,5013.0,5013.0,TR_SHAMANNA,2901215006,Non-Notified,1.13300896,South,11330.089840205,520.4801499069059,397.1095498477711,1.1330654066771566,350.47363330272356,Non-notified,843.8052589121343,632.4610417829656,161
397,Slum Area,net,5013.0,5013.0,UMAR_BAGH_LAYOUT,2901215019,Non-Notified,5.48808289,South,54880.830641075,1053.5321109641995,74.02675966001024,5.488170594786522,13.48842175757653,Non-notified,1128.8880092135544,870.8091019179219,226
398,Slum Area,net,5013.0,5013.0,VINOBHA_COLONY,2901215010,Non-Notified,0.42377287,South,4237.72871627,303.27403200650576,148.246098058364,0.4238151391083421,349.78952939306646,Non-notified,1128.4702896916233,738.616215228574,6
399,Slum Area,net,5013.0,5013.0,VINOBHA_NAGAR,2901215043,Notified,4.66218758,South,46621.87504246,889.0665330009278,2436.541870954925,4.662140219589918,522.6230349565169,Notified,669.7388935300165,530.9732213849654,248
400,Slum Area,net,5013.0,5013.0,YARAB_NAGAR,2901215022,Non-Notified,6.08780861,South,60878.08656527,1463.136784223036,91.05085612652348,6.087878225159001,14.956090243435423,Non-notified,1435.781238237411,1202.42481595796,197
401,Slum Area,net,5013.0,5013.0,RAJAGOPAL_GARDEN,2901215041,Notified,3.65147948,South,36514.79464776,827.0619863957528,1888.5308828316483,3.651493209695398,517.1941379535489,Notified,510.6248052330652,398.45878277981126,248
402,Slum Area,net,5013.0,5013.0,KS_GARDEN,2901215044,Notified,1.77812767,South,17781.27681486,631.8933306556806,976.4624576344208,1.7781665308941923,549.1400499723634,Notified,1069.4573504636116,800.7281312562304,20
403,Slum Area,net,5013.0,5013.0,RAJEEV_NAGAR,2901215034,Notified,1.55673826,South,15567.38314117,587.8713621613838,292.52820578182445,1.5568558715944263,187.89678037584616,Notified,2474.838898692809,2130.4294398501224,114
404,Slum Area,net,5013.0,5013.0,MANJUNATH_COLONY,2901215099,Notified,2.90522885,South,29052.28754403,744.6798033499977,54.716603802699666,2.905251896149301,18.83368663323911,Notified,343.78762374823714,301.8979683795283,11
405,Slum_Area,net,5013.0,5013.0,BANDE_SLUM,2901215075,Notified,0.33285972,South,3328.59716812,229.51342172893936,5.314808609906365,0.3328619741748001,15.967004411009503,Notified,969.3322822900402,805.8380942972263,34
406,,,,,LAKSHMIPURAM,2901214030,Non-Notified,4.47390413,South,44739.04090867,1057.2728201428508,2024.3117621328315,4.473918807093105,452.4694902650933,Non-notified,1313.875224358125,1104.094072246911,85
407,Slum area,net,5013.0,5013.0,AMBEDKAR_NAGAR164,,,1.9023881,East,19023.88130622,546.3285151075198,13.26315570906097,1.9023698298900793,6.9719123488345724,Non-notified,2067.3844784846797,1511.0240819978887,163
408,Slum area,net,5013.0,5013.0,AMBEDKAR_NAGAR145,,,0.38853601,East,3885.35998131,265.89343787545164,5.236420859542547,0.3885547008508398,13.476663255073392,Non-notified,1335.7285606347116,970.6394193627629,163
409,Slum area,net,5013.0,5013.0,AMBEDKAR_NAGAR184,,,3.05511117,East,30551.11089693,775.096975952127,1481.133778770297,3.0551698766589594,484.79588322925594,Non-notified,814.6991774220561,579.7549534828914,89
410,Slum area,net,5013.0,5013.0,AK_COLONY_DOMLUR,2901214014,Non-Notified,3.72474146,East,37247.413976335,800.6263820311533,1349.8348580753102,3.724596316694415,362.41104895719025,Non-notified,566.4412140450021,442.0861181097071,250
411,Slum area,net,5013.0,5013.0,AK_COLONY_V_NAGENAHALLI,2901214059,Non-Notified,0.83856112,East,8385.611192985,370.19252805783793,361.7941320082721,0.838507240511749,431.47407026260817,Non-notified,738.6418327039584,499.7868108532385,98
412,Slum area,net,5013.0,5013.0,AMARJYOTHI_NAGAR,2901214017,Non-Notified,0.09796549,East,979.654957925,143.29876110095918,10.013670917585785,0.09795449627839843,102.22778226663256,Non-notified,607.6800640815511,542.3254060366585,102
413,Slum area,net,5013.0,5013.0,AMBEDKAR_NAGAR171,,,0.21699053,East,2169.90535735,186.93357595938232,102.76449513154871,0.21698769523329703,473.5959567710058,Non-notified,586.4141099373662,373.43394051967766,174
414,Slum area,net,5013.0,5013.0,AMBEDKAR_NAGAR180,,,0.10582414,East,1058.24137465,172.6162822832471,12.051832939596736,0.10584406947067591,113.86403602835485,Non-notified,721.3183718847687,558.7087166986919,78
415,Slum area,net,5013.0,5013.0,AMBEDKAR_NAGAR195,,,0.26436245,East,2643.624580635,220.20814964396098,123.7923235724954,0.2643543606312599,468.2817536161988,Non-notified,1932.6780711980034,1252.1418301530905,103
416,Slum area,net,5013.0,5013.0,ANANDAPURA,2901214081,Notified,5.33988857,East,53398.886772275,1630.8167799191917,71.86545345829981,5.339900080066522,13.45820191028828,Notified,458.5005083956469,192.34101910629036,252
417,Slum area,net,5013.0,5013.0,ANANTHASHRAMA,2901214033,Non-Notified,0.31925288,East,3192.528859075,421.3131475393232,160.67981292126225,0.3192737401496848,503.2666101694768,Non-notified,632.8214537225684,248.80612446579855,259
418,Slum area,net,5013.0,5013.0,ASHOK_NAGAR,2901214046,Non-Notified,1.02931178,East,10293.118062955,460.2236143934507,341.9497380275352,1.0292636659462249,332.22754221404796,Non-notified,2205.552644654631,1821.3365072631032,5
419,Slum area,net,5013.0,5013.0,BABASAHEB_COLONY,2901214082,Notified,1.37097561,East,13709.75623791,521.5626302342462,19.190996166304046,1.3709158457787012,13.998668281059416,Notified,457.9955604074961,255.31785879223165,165
420,Slum area,net,5013.0,5013.0,BANDE_COLONY_168,2901214005,Non-Notified,1.02096319,East,10209.631778175,414.25740496875983,534.2084300321691,1.021006907036648,523.2172538211773,Non-notified,1403.6579226612685,1177.8236161043176,242
421,Slum area,net,5013.0,5013.0,BASAVALINGAPPA_NAGAR,2901214064,Non-Notified,0.1126468,East,1126.46795771,179.95731898704602,54.58038677140778,0.11264935181550424,484.5157641102,Non-notified,1242.9143373528752,809.8546310338111,181
422,Slum area,net,5013.0,5013.0,BHUVANESHVARINAGARA,,,11.46664524,East,114666.44976727,1368.9158346575175,5526.229549632353,11.46677876873056,481.93391196332806,Non-notified,349.8883338160777,269.05358376915285,98
423,Slum area,net,5013.0,5013.0,BHUVANESHWARI_NAGAR,2901214002,Non-Notified,0.48683533,East,4868.353339435,375.98088417873635,209.3096143535539,0.4868953026960986,429.88628806755395,Non-notified,2718.267796826257,1909.7552885004695,98
424,Slum area,net,5013.0,5013.0,BYRANKUNTE,2901214119,Notified,1.57300913,East,15730.09174725,868.8963798317889,713.7550197227329,1.5730404705950665,453.7423118254078,Notified,764.0429192200971,495.71801299928586,186
425,Slum area,net,5013.0,5013.0,CHUNA_LANE_2_3,2901214116,Notified,0.21696958,East,2169.695810585,199.69017046499403,112.88893755744483,0.21698425294646126,520.2632726776678,Notified,1236.818010608694,980.4240613944063,220
426,Slum area,net,5013.0,5013.0,CEMENT_LINE,2901214079,Notified,1.55699325,East,15569.932766815,512.0023463806109,626.0446283677045,1.5569925993418396,402.0858086495346,Notified,444.39567918255705,336.3722469453947,269
427,Slum area,net,5013.0,5013.0,CHINNAPPA_GARDEN,2901214107,Notified,0.28207907,East,2820.79080851,267.75656305809184,114.65921463311886,0.28205031471163106,406.52042792558746,Notified,1562.6942437178382,1105.2252378502824,215
428,Slum area,net,5013.0,5013.0,CHINNAPPA_HUTS,2901214036,Non-Notified,1.54074204,East,15407.420079305,552.8394092536055,164.2250208835976,1.540717616066905,106.58995468801481,Non-notified,1778.2841922083082,1144.3612235693195,227
429,Slum area,net,5013.0,5013.0,CHINNAPPA_LANE,2901214110,Notified,0.6723488,East,6723.488243325,335.6661885167539,298.0716546750536,0.6723539086980298,443.32553260863796,Notified,1416.2948720797579,900.1545046078885,215
430,Slum area,net,5013.0,5013.0,CHUNA_LANE_1_4,2901214115,Notified,0.24018972,East,2401.89723048,214.22313563029067,125.47616864372702,0.24018064671941644,522.4241434835949,Notified,1099.956552396021,854.4260178878933,220
431,Slum area,net,5013.0,5013.0,DEENABANDHU_NAGARA,2901214012,Non-Notified,0.56140125,East,5614.012183775,521.0777806730185,284.29933950386794,0.5613863932801011,506.42363781342686,Non-notified,633.6898427844317,353.4832527015359,111
432,Slum area,net,5013.0,5013.0,DODDAGUNTA,2901214092,Notified,1.27047467,East,12704.74721007,471.4433654634523,158.24122918820848,1.270465137655924,124.55377522611286,Notified,747.663832059935,538.5980756083374,215
433,Slum area,net,5013.0,5013.0,GAJENDRA_NAGAR,2901214090,Notified,2.34376693,East,23437.66818024,693.7382598095104,10.284657569960052,2.3437771804928644,4.3880696746937895,Notified,2116.6720233877913,1431.4289976760977,163
434,Slum area,net,5013.0,5013.0,GANDHIGRAMA_SK_GARDEN,2901214051,Non-Notified,1.96378005,East,19637.800052515,639.3778984273824,395.56330057779945,1.9636238535651558,201.4455568257712,Non-notified,649.3746987294037,395.92652318952923,227
435,Slum area,net,5013.0,5013.0,GANGA_BHAVANI,2901214060,Non-Notified,1.30566466,East,13056.64613526,762.6336134465271,278.2896345849131,1.3056972677059668,213.13488315239533,Non-notified,1716.8089958215928,1231.4648605576765,227
436,Slum area,net,5013.0,5013.0,GEDDALAHALLI_GRAMA169,2901214006,Non-Notified,1.09212339,East,10921.233921695,412.5328456229921,571.7725372912837,1.0921310828606616,523.5383794714619,Non-notified,1328.3679224675896,1200.2466698764376,242
437,Slum area,net,5013.0,5013.0,GOUTHAM_COLONY,2901214015,Non-Notified,0.11221638,East,1122.16380804,175.05836423760016,56.78918863932292,0.11220005093928953,506.14227145093776,Non-notified,202.9581634934306,222.02137472060778,102
438,Slum area,net,5013.0,5013.0,GOUTHAMPURA,2901214011,Non-Notified,2.58924866,East,25892.485845895,996.4660565426858,1087.6269658107385,2.5891779758274422,420.0665137602824,Non-notified,676.8321467383631,533.7926434671444,111
439,Slum area,net,5013.0,5013.0,GUNDU_THOPU196,2901214120,Notified,0.81106216,East,8110.621418785,378.97616202377424,317.73604879940257,0.8109858139703092,391.78989733972725,Notified,477.14138764413366,371.5258638407631,17
440,Slum area,net,5013.0,5013.0,GUNDUTHOPU_GEDDALAHALLI,,,0.85053623,East,8505.36205198,510.2755598292564,402.94060345818014,0.8505885789963877,473.7197434905734,Non-notified,1460.6145503711955,1297.1861511016132,242
441,Slum area,net,5013.0,5013.0,INDIRA_HARIJAN_SEVA_SANGA,2901214093,Notified,1.8086319,East,18086.318911515,608.8759814704783,7.879051327237895,1.8085749317193738,4.356497034793824,Notified,1351.1528826599647,746.6133094924953,163
442,Slum area,net,5013.0,5013.0,ISRO_SLUM,2901214080,Notified,0.60081518,East,6008.151606245,414.30504623771606,293.53566080729166,0.6008080215707067,488.5681453451544,Notified,806.2069688761308,659.6936212777711,179
443,Slum area,net,5013.0,5013.0,JANAKIRAM,2901214112,Notified,1.60077178,East,16007.71812739,580.4332393049297,876.722547344133,1.6007415015793522,547.6977678651583,Notified,1850.3512735863872,1451.6196711988785,14
444,Slum area,net,5013.0,5013.0,JAYARAJ_NAGAR,2901214018,Non-Notified,2.1382699,East,21382.69808769,655.9625990893672,1092.842673746745,2.1381557292787274,511.1146296698407,Non-notified,676.1636463083529,518.0224164534845,269
445,Slum area,net,5013.0,5013.0,KUNTHIGRAMA_A_BLOCK,2901214003,Non-Notified,0.5824784,East,5824.784103495,314.2540463930562,254.97930333754596,0.5824491310662242,437.77093953386793,Non-notified,1476.4528247767112,1123.8797445255036,98
446,Slum area,net,5013.0,5013.0,KUNTHIGRAMA_B_BLOCK,2901214003,Non-Notified,0.40635049,East,4063.504955415,319.5259767892426,191.99899866440717,0.406349172846433,472.49757473227885,Non-notified,1476.4528247767112,1064.9292719868274,98
447,Slum area,net,5013.0,5013.0,KADIRENAPALYA,2901214042,Non-Notified,1.77068985,East,17706.89811041,573.8056559974738,153.29998079187732,1.770760965042594,86.57293887669917,Non-notified,1242.3448697601405,806.8760949333955,116
448,Slum area,net,5013.0,5013.0,KAMARAJ_NAGAR,2901214068,Non-Notified,0.50223494,East,5022.349124465,293.2770008523507,244.24082617666207,0.5022437018547731,486.2994304850155,Non-notified,1031.0270905482373,734.2829502631656,220
449,Slum area,net,5013.0,5013.0,KEMPEGOWDA_COLONY,2901214062,Non-Notified,0.37854379,East,3785.43781454,305.42360236059875,197.343880926394,0.3785878186593736,521.2631553366222,Non-notified,2116.0421248591488,1472.3313283245975,103
450,Slum area,net,5013.0,5013.0,KODHANDARAMAPALYA,2901214106,Notified,0.55643129,East,5564.312837355,330.68413665199785,217.43079646241432,0.5564628564862698,390.73730425667543,Notified,1591.464751763968,1098.7699587216725,215
451,Slum area,net,5013.0,5013.0,KODIHALLI,2901214083,Notified,0.41599935,East,4159.99356043,282.2910652591315,4.161185597438439,0.4160031673249316,10.002773835104533,Notified,174.05184759353926,135.4977564088035,175
452,Slum area,net,5013.0,5013.0,KONDAPPA_ACHHAPPA_GARDEN,2901214104,Notified,0.20549606,East,2054.96064522,198.50443720523114,80.52584491804535,0.20552940711234563,391.7971936445506,Notified,1490.053392595299,977.022953762955,215
453,Slum area,net,5013.0,5013.0,KONENAAGRAHARA_AIR_VIEW_COLONY,2901214072,Non-Notified,0.75767094,East,7576.70928657,368.6792552041363,9.76630043702967,0.757672930269364,12.88986322047642,Non-notified,215.7598457855347,103.15733996891332,160
454,Slum area,net,5013.0,5013.0,KRISHNAPPA_GARDEN,2901214111,Notified,0.31057784,East,3105.778404945,276.7711463660039,3.030858537262561,0.3105564560483771,9.759444629901454,Notified,1527.940704984858,1206.6910694751625,215
455,Slum area,net,5013.0,5013.0,KRISHNAYYANAPALYA,2901214044,Non-Notified,1.058339,East,10583.38940694,423.4909271511413,4.913035306743548,1.0583164876576874,4.642311977598775,Non-notified,1855.484751323759,1196.4484548008425,21
456,Slum area,net,5013.0,5013.0,LAXMANRAO_NAGAR,2901214074,Notified,6.52507067,East,65250.7061619,1437.0159522241681,42.09852229473638,6.525179903577851,6.451702928781035,Notified,0.0,5.442425708671268,4
457,Slum area,net,5013.0,5013.0,LAZAR_ROAD_SLUM,2901214074,Notified,0.14934784,East,1493.47843058,183.25576634443874,82.36602902879902,0.1492935214506914,551.7053133213341,Notified,390.64917221252244,408.73424349992536,215
458,Slum area,net,5013.0,5013.0,LINGARAJPUR_A_BLOCK,2901214102,Notified,6.56326532,East,65632.65410451,1135.758386456364,3469.938872213924,6.563148138461178,528.7003735112247,Notified,1782.1700275324272,1499.5343949012668,127
459,Slum area,net,5013.0,5013.0,LINGARAJPUR_B_BLOCK,2901214097,Notified,5.58656025,East,55865.601959745,1000.95972801893,3073.187559120328,5.586559419458303,550.1037988455366,Notified,1941.7081552986624,1427.7682730873098,215
460,Slum area,net,5013.0,5013.0,LINGARAJPUR_E_BLOCK,2901214099,Notified,13.93977737,East,139397.77832766,1467.507574552621,6507.128189027075,13.939932367832336,466.79768719989386,Notified,1718.293165300671,1422.6592266696637,14
461,Slum area,net,5013.0,5013.0,LINGARAJPUR_G_BLOCK,2901214098,Notified,4.54675531,East,45467.55543718,981.0063371250674,2430.2329582663147,4.546818293799941,534.4908903837635,Notified,1871.7184801395024,1411.9270697021793,215
462,Slum area,net,5013.0,5013.0,MAAYA_BAZAAR,2901214026,Non-Notified,2.62027359,East,26202.73563783,802.3546778943845,1009.5870307473576,2.620290053850138,385.2959061779879,Non-notified,885.9869571482545,692.3786512397901,269
463,Slum area,net,5013.0,5013.0,MONORAYAN_PALYA,2901214060,Non-Notified,0.0834583,East,834.582995335,120.03179700070105,52.46266084558823,0.08344236312322585,628.729327429432,Non-notified,711.4342253958041,698.7907467978947,98
464,Slum area,net,5013.0,5013.0,MRS_PALYA,2901214034,Non-Notified,1.66332436,East,16633.243925345,582.2902580643818,352.75882179409854,1.6633279713755689,212.08013564659032,Non-notified,1819.090528269387,1257.5368724584075,227
465,Slum area,net,5013.0,5013.0,MUDDAPPA_GARDEN,2901214073,Non-Notified,0.83339733,East,8333.97308948,398.1395213167553,167.6208265940348,0.8334333519068041,201.1208529278757,Non-notified,1554.9412919457316,1213.7895910001023,215
466,Slum area,net,5013.0,5013.0,MUNINARANAPPA_GARDEN,2901214105,Notified,0.24964963,East,2496.496336895,209.37604613615534,101.99406151865044,0.249673191728467,408.510264207999,Notified,1539.7219184474627,1002.0875681081602,215
467,Slum area,net,5013.0,5013.0,MURFFY_TOWN,2901214041,Non-Notified,1.11358047,East,11135.804524665,426.97271208685476,444.8144607843138,1.1135113341337732,399.47007915311923,Non-notified,401.8762762211605,288.91760849855854,116
468,Slum area,net,5013.0,5013.0,MURUGESHPALYA_AKCOLONY,2901214028,Non-Notified,0.5914104,East,5914.10413724,317.41081801121675,8.080150697745529,0.5914275928777468,13.66211315645492,Non-notified,981.7428801880563,663.0054055917711,252
469,Slum area,net,5013.0,5013.0,MVGARDEN,2901214037,Notified,3.73153591,East,37315.359993085,864.6259120925482,1094.5914103190105,3.731527815185189,293.33599118962695,Notified,663.3992517448604,449.1206166973918,183
470,Slum area,net,5013.0,5013.0,NAGAMMANAGAR,2901214022,Non-Notified,3.1233809,East,31233.809323265,732.7556926516675,1429.8210923138786,3.123396546560097,457.7776375813021,Non-notified,750.5512674260007,488.0791970604965,111
471,Slum area,net,5013.0,5013.0,NAGAPPA_GARDEN,2901214109,Notified,0.12491481,East,1249.14807459,162.01687312273128,38.170572916666664,0.124917158185665,305.5670931925425,Notified,1397.9042497972205,981.9567177691148,215
472,Slum area,net,5013.0,5013.0,NAGAYYANAPALYA,2901214058,Non-Notified,1.38122392,East,13812.23908774,671.1534149673417,8.953133379244337,1.3812278896372447,6.482010279705342,Non-notified,1775.843166980645,1376.6605603554062,14
473,Slum area,net,5013.0,5013.0,NC_COLONY,2901214043,Non-Notified,1.88251054,East,18825.105123905,759.085267684755,351.8759534050436,1.8825391119088535,186.91561369381012,Non-notified,434.7484031867542,331.9320027355501,5
474,Slum area,net,5013.0,5013.0,NETHAJI_SLUM,2901214052,Non-Notified,0.27407813,East,2740.781222985,268.91224394460255,124.24850775026808,0.2740789438489019,453.3310950686002,Non-notified,278.1026328227002,179.18918206171506,5
475,Slum area,net,5013.0,5013.0,NEW_BAGALUR,2901214121,Notified,6.20655727,East,62065.57261069,1390.5279267006576,2808.2255264581418,6.206632651686151,452.4555719751246,Notified,1553.7528480997726,794.2489466190891,202
476,Slum area,net,5013.0,5013.0,NRUPATUNGA,2901214061,Non-Notified,0.0585227,East,585.22699688,154.18166511092542,22.083437930836396,0.05853989554556697,377.2373989572091,Non-notified,2470.4535004895442,1795.630615902296,103
477,Slum area,net,5013.0,5013.0,OLD_BAGALUR,2901214096,Notified,7.37348223,East,73734.82042573,1833.5767237241498,3717.8001284131815,7.373370263761147,504.2199151025323,Notified,1621.3795800166351,923.3490271699469,202
478,Slum area,net,5013.0,5013.0,OLD_THIPPASANDRA,2901214071,Non-Notified,1.27958214,East,12795.821866395,452.27554408798784,20.560769331688977,1.2795337417757466,16.06895438580196,Non-notified,626.9842747941342,330.4835568071353,120
479,Slum area,net,5013.0,5013.0,PAPANNA_BLOCK,2901214010,Non-Notified,0.43513057,East,4351.30555908,396.70533898597495,218.425750134038,0.43517732485563,501.9235554299634,Non-notified,2517.921332401874,1925.101030085384,98
480,Slum area,net,5013.0,5013.0,PHILLAREDDY_NAGAR,2901214089,Notified,1.67337894,East,16733.789662095,600.2176835311351,12.087624482547534,1.673302910242476,7.223811306702344,Notified,1421.5685099008695,1082.3163658327321,270
481,Slum area,net,5013.0,5013.0,PK_COLONY,2901214048,Non-Notified,0.44420019,East,4442.001976225,369.2986457121255,165.62388455260034,0.44424653846258444,372.8197525765293,Non-notified,521.4594071867895,203.7314244652739,5
482,Slum area,net,5013.0,5013.0,POLLERAMMA_SLUM,2901214091,Notified,1.53110111,East,15311.01161463,565.0390936375388,415.1936764885398,1.531150700715834,271.1644753807911,Notified,512.0159637493871,423.204621654614,215
483,Slum area,net,5013.0,5013.0,RAJEEVGANDHI_EASTERN_SIDE,2901214086,Notified,0.098231,East,982.310061965,126.00958959226604,45.947086588541666,0.09823898990661482,467.7072375460964,Notified,298.35306640424716,115.85407427643099,200
484,Slum area,net,5013.0,5013.0,RAJEEVGANDHI_QUEENS_ROAD,2901214085,Notified,0.83950412,East,8395.04108877,543.9629403807031,392.12579393573833,0.8395942277862541,467.04203168434196,Notified,298.35306640424716,77.90743993231736,200
485,Slum area,net,5013.0,5013.0,RAMABAI_SLUM,2901214122,Notified,0.09449627,East,944.96269173,161.2951473789831,44.918831619561885,0.09451991189311121,475.231416533257,Notified,1327.8366689994539,811.0152299124709,5
486,Slum area,net,5013.0,5013.0,RUDRAPPA_GARDEN,2901214024,Non-Notified,0.66619098,East,6661.90997277,538.5927318983657,322.74310075348495,0.6662531235404882,484.4151409578673,Non-notified,892.6038891084771,503.9055805744125,269
487,Slum area,net,5013.0,5013.0,SAIT_PALYA,2901214101,Notified,4.21744156,East,42174.416411005,1037.6200072605227,2165.580447926241,4.21735710239629,513.492311736126,Notified,1580.5729863393367,1358.3710503423629,127
488,Slum area,net,5013.0,5013.0,SAMADANA_NAGAR,2901214114,Notified,2.29217386,East,22921.7389635,615.8080148870673,826.7657397700291,2.292235147062843,360.6810325849012,Notified,1674.9333784220366,1280.6374982392085,220
489,Slum area,net,5013.0,5013.0,SATELINE_SLUM,2901214117,Notified,0.39337122,East,3933.712382165,406.404139698393,180.9923181870404,0.3933575369409294,460.12164809294114,Notified,1271.9551031790065,749.8264664615198,220
490,Slum area,net,5013.0,5013.0,SATHYA_NAGAR,2901214113,Notified,4.1229353,East,41229.351952545,1212.2974734419738,13.939632623335894,4.122836723571148,3.3810780193258694,Notified,2300.0602061567492,1688.9267803472908,14
491,Slum area,net,5013.0,5013.0,SHETTIYAPPA_GARDEN,2901214108,Notified,0.394696,East,3946.959848065,544.6547171573559,32.01326331998788,0.39473719637985943,81.10019429023153,Notified,1651.0930635076654,1214.507554000438,215
492,Slum area,net,5013.0,5013.0,SK_GARDEN_1ST_CROSS,2901214054,Non-Notified,1.44227028,East,14422.70244593,517.5518875187266,232.4928430295458,1.4422416520363956,161.20241895751235,Non-notified,1117.650179949715,758.4721657088451,227
493,Slum area,net,5013.0,5013.0,SK_GARDEN_MASJID_ROAD,2901214055,Non-Notified,0.12223876,East,1222.387559345,196.76201259126736,15.338492270076976,0.1222208233398498,125.49819131414654,Non-notified,1117.295558606396,690.2332544154101,227
494,Slum area,net,5013.0,5013.0,SLAUGHTERHOUSE,2901214050,Non-Notified,0.58538365,East,5853.8365421,329.30439526420764,285.0826408835019,0.5853568620062816,487.0236592194295,Non-notified,502.17430857347983,120.24302061635129,202
495,Slum area,net,5013.0,5013.0,SRI_RAMANAGARI,2901214084,Notified,3.19740033,East,31974.00279066,783.3358520892425,49.76028642093434,3.197306668996335,15.563188512209425,Notified,644.6812660912854,489.9690497712398,160
496,Slum area,net,5013.0,5013.0,SUBRAHMANYA_COLONY,2901214001,Non-Notified,0.07256292,East,725.62916903,214.06918587142252,28.38113858092065,0.0725632040177238,391.12300738523703,Non-notified,1490.6165260228818,1197.5202662466268,98
497,Slum area,net,5013.0,5013.0,TIMMARAYAPPA_GARDEN,2901214076,Notified,0.21084841,East,2108.484035645,276.1749730134567,98.89075879863664,0.21080617086882422,469.10751422059735,Notified,346.53673376488416,73.64776017880527,79
498,Slum area,net,5013.0,5013.0,ULLERI,2901214070,Non-Notified,0.62648398,East,6264.840027475,314.8897985530823,9.541920807782342,0.6265529768709176,15.229232259713879,Non-notified,251.11379825837002,184.50812501872292,188
499,Slum area,net,5013.0,5013.0,SUDHAMA_NAGAR,2901214027,Non-Notified,3.16496539,East,31649.653680795,874.5104969316337,37.50643289416444,3.1649609210346976,11.850520063262815,Non-notified,514.4243321021702,375.675207835558,252
500,Slum area,net,5013.0,5013.0,AK_Colony152,2901214013,Non-Notified,0.59494823,East,5949.482332455,327.14874354197724,289.8908002068015,0.5949888368216703,487.2205699780001,Non-notified,1397.3872748831263,691.9564128048098,215
501,Slum Area,net,5013.0,5013.0,SHAKTHIVELU,2901214078,Notified,0.34805793,East,3480.579370655,234.36749153925393,173.64302619485292,0.34801609821125995,498.95113210953974,Notified,818.7218146767713,594.6992644765729,88
502,Slum Area,net,5013.0,5013.0,JALAKANTESHWARAPURAM,2901214077,Notified,1.22203279,East,12220.328113265,541.9219960314919,26.76235030679142,1.222040767724507,21.89971972590086,Notified,972.4384951869758,737.6478106886499,88
503,Slum_Area,net,5013.0,5013.0,MANJUNATH_LAYOUT_173,,,1.23655248,East,12365.525157195,464.7834808724846,583.6524426030178,1.2365629452817752,471.99574015216916,Non-notified,628.4191559334406,376.258031957186,174
504,,,,,BANADE_NAGAR_166,,,0.68226075,East,6822.607225505,415.9076166862828,2.9596249299890856,0.6822336956962346,4.338139480150893,Non-notified,2170.963959745916,1418.879747494531,163
505,Slum area,net,5013.0,5013.0,SANJEEVINIPUR,2901214023,Non-Notified,0.18599682,East,1859.9682167,213.54229679507424,96.5304127412684,0.18602067057557478,518.9230446411648,Non-notified,744.2133477457921,452.242801864721,79
506,Slum area,net,5013.0,5013.0,HANUMA_NAGAR ,2901214069,Non-Notified,1.22272754,East,12227.275716755,472.6566482766245,14.190464315227434,1.2226254181873608,11.606551036920141,Non-notified,580.4105879988701,337.38323322541595,151
507,Slum area,net,5013.0,5013.0,HENNUR_BANDE ,2901214065 ,Non-Notified ,0.23805544,East,2380.554321955,203.8365205653809,10.315963752596986,0.23800356290009075,43.34373665207451,Non-notified,445.0817296860838,355.5175005552813,2
508,Slum area,net,5013.0,5013.0,HANDICAP_SLUM,2901214103,Notified,1.66425228,East,16642.52253658,699.2516802070735,806.5130133759741,1.66425428894345,484.60924435290957,Notified,1608.234300834702,1317.9234067324796,14
509,Slum Area,net,5013.0,5013.0,AMBEDKAR_NAGAR176,,,4.20219755,East,42021.97614793,857.1042276054252,44.801216391021136,4.2021409444116795,10.661521587133134,Non-notified,63.26782961574187,34.58528882783722,45
