system:index,CODEAAT,CODEPAT,Description,OBJECTID,Slum_Area_Hectares,Slum_Code,Slum_Name,Slum_Type,Type,Zone_Name,sum,.geo
0,5013,5013,Slum Area,1,0.35029677,2901217004,ANNAMMANAPALYA_HOSAPALYA,Non_Notofied,Net,Bommanahalli,4.085245063258153,"{""type"":""Polygon"",""coordinates"":[[[77.643406,12.8957077],[77.643363,12.895886100000004],[77.6431812,12.895960600000004],[77.6427914,12.8960458],[77.6422888,12.896218099999999],[77.64227540000002,12.8960202],[77.6434138,12.8955444],[77.643406,12.8957077]]]}"
1,5013,5013,Slum Area,2,2.38565564,2901217003,BANDEPALYA,Non_Notofied,Net,Bommanahalli,27.255443314944994,"{""type"":""MultiPolygon"",""coordinates"":[[[[77.6416275,12.895454599999999],[77.6414194,12.8952909],[77.6410957,12.8953065],[77.6407841,12.895450000000002],[77.6405709,12.895134400000002],[77.6403336,12.894665],[77.6401495,12.894605000000002],[77.6402869,12.8944527],[77.6404614,12.894388799999998],[77.6407247,12.894313599999998],[77.6410602,12.894228899999998],[77.641218,12.8936549],[77.6411581,12.893467999999999],[77.6410934,12.8933305],[77.6410955,12.8932014],[77.6413052,12.8930872],[77.641354,12.893168799999998],[77.6412215,12.8932821],[77.6412377,12.8933285],[77.6413609,12.893577099999998],[77.641369,12.8937658],[77.6413682,12.8938414],[77.6415918,12.8938564],[77.6416559,12.8938661],[77.64164850000002,12.894160499999998],[77.6416071,12.894301],[77.6411384,12.894360599999999],[77.6412105,12.8947672],[77.6416354,12.8947468],[77.6416391,12.894926400000001],[77.6417063,12.895090100000003],[77.6417355,12.8952461],[77.6416964,12.895250299999999],[77.6416275,12.895454599999999]]],[[[77.6395983,12.894520900000002],[77.6395429,12.894512500000001],[77.6390418,12.894420199999999],[77.6388177,12.894393599999997],[77.6386339,12.8944537],[77.6384879,12.89448],[77.6385396,12.8940912],[77.6389377,12.894211500000003],[77.6395298,12.8943389],[77.6396322,12.894175599999999],[77.6396571,12.894096699999999],[77.6394774,12.8940353],[77.6394975,12.893833800000001],[77.6395185,12.8936812],[77.6395489,12.893475500000001],[77.6397912,12.893575100000001],[77.6397753,12.8936305],[77.6400321,12.8936804],[77.6400257,12.893724300000002],[77.6399753,12.893721],[77.6399465,12.8937569],[77.6398659,12.893773499999998],[77.6398025,12.8939126],[77.6399928,12.894035700000002],[77.6400587,12.8941808],[77.6400614,12.894189699999998],[77.6400044,12.894220299999999],[77.6399669,12.894172700000002],[77.6398712,12.894186699999999],[77.6398392,12.8944191],[77.6396108,12.8943509],[77.6395983,12.894520900000002]]]]}"
2,5013,5013,Slum Area,3,2.62725925,2901217006,BHUVANESHWARINAGARA,Notofied,Net,Bommanahalli,3.440861523385141,"{""type"":""Polygon"",""coordinates"":[[[77.5411508,12.8971569],[77.5406247,12.8973403],[77.5405349,12.8969594],[77.5405791,12.8969389],[77.5405288,12.896807],[77.5410644,12.896565],[77.5411489,12.8963908],[77.5411895,12.8963685],[77.5414033,12.8958484],[77.5413829,12.8958331],[77.5418371,12.894570000000002],[77.54193460000002,12.894253199999998],[77.5419819,12.8940564],[77.5420523,12.894051699999999],[77.5421419,12.8940227],[77.5423761,12.8939673],[77.5424287,12.893959300000002],[77.5425347,12.893952400000002],[77.5428998,12.893859699999998],[77.5428775,12.8940109],[77.5428645,12.8940853],[77.54285200000001,12.894145],[77.5428475,12.8941973],[77.54284400000002,12.894231000000001],[77.5428433,12.894269099999999],[77.5428472,12.894331800000002],[77.5428453,12.894423900000001],[77.5428429,12.894441700000002],[77.5428359,12.894457700000002],[77.5428269,12.894471500000002],[77.5428117,12.894485],[77.5427953,12.894494400000001],[77.542783,12.894497999999999],[77.5427587,12.8945034],[77.5426764,12.894517000000002],[77.5425779,12.894533099999999],[77.5425051,12.894544299999998],[77.5424627,12.8945499],[77.542447,12.8945555],[77.5424386,12.894561300000001],[77.5424273,12.894575199999998],[77.5424186,12.8945902],[77.5424074,12.894610900000002],[77.5423929,12.894642099999999],[77.5423822,12.894666900000002],[77.5423712,12.894698099999998],[77.5423623,12.894717200000002],[77.542351,12.8947395],[77.5423266,12.894775900000003],[77.5423044,12.894804700000002],[77.5422938,12.894818499999998],[77.5422898,12.894829900000001],[77.5422893,12.894844699999998],[77.5422922,12.894857900000002],[77.5423001,12.8948855],[77.5423095,12.8949118],[77.5423159,12.8949291],[77.5423307,12.894955399999999],[77.542345,12.8949782],[77.5423495,12.894988000000001],[77.5423544,12.895005800000002],[77.5423547,12.8950194],[77.5423519,12.895033099999997],[77.5423411,12.8950552],[77.542333,12.895075],[77.5423234,12.895099399999998],[77.5423128,12.895132700000001],[77.5423078,12.895158900000002],[77.5423053,12.895187700000001],[77.5423037,12.8952263],[77.5423044,12.895265300000002],[77.54230590000002,12.895296],[77.5423101,12.8953341],[77.5423114,12.895367899999998],[77.5423106,12.8954011],[77.5423048,12.8954386],[77.5422958,12.8954742],[77.542291,12.895499899999999],[77.5422901,12.8955235],[77.54228660000001,12.895541499999998],[77.5422767,12.895564200000003],[77.5422647,12.895582699999999],[77.542253,12.8956047],[77.54224200000002,12.895626799999999],[77.5422372,12.895646500000002],[77.5422342,12.895666400000001],[77.5422328,12.895684700000002],[77.5422315,12.8957078],[77.542226,12.8957282],[77.5422188,12.8957469],[77.5422054,12.895767700000002],[77.5421898,12.895780800000002],[77.5421536,12.8958045],[77.5421294,12.8958188],[77.5421137,12.8958272],[77.5420982,12.895842999999998],[77.5420898,12.895855899999999],[77.5420844,12.8958651],[77.5420815,12.895875099999998],[77.5420727,12.895910200000001],[77.5420669,12.895941],[77.5420632,12.895966400000002],[77.5420592,12.895994799999999],[77.5420556,12.896030900000001],[77.5420547,12.896035200000002],[77.5420523,12.896038],[77.5420485,12.8960396],[77.5420433,12.8960398],[77.5420349,12.8960396],[77.542025,12.896041000000002],[77.5420166,12.8960425],[77.5420089,12.8960442],[77.5419987,12.8960457],[77.5419904,12.8960459],[77.5419758,12.8960439],[77.5419629,12.8960408],[77.5419545,12.8960378],[77.5419454,12.8960334],[77.5419383,12.8960301],[77.5419342,12.8960295],[77.541929,12.896030399999999],[77.5419248,12.896032900000002],[77.5419218,12.896037600000001],[77.5419128,12.896056800000002],[77.5418995,12.896089799999999],[77.5418891,12.8961155],[77.5418841,12.896120000000002],[77.5418741,12.8961237],[77.5418395,12.896134199999999],[77.5418144,12.896144000000001],[77.5417917,12.896155500000003],[77.5417657,12.896171299999999],[77.5417379,12.8961921],[77.541713,12.8962138],[77.5416903,12.896237900000001],[77.541671,12.8962625],[77.5416524,12.896289599999998],[77.5416308,12.8963322],[77.5416184,12.8963473],[77.5416,12.8963605],[77.54156770000002,12.8963843],[77.5415364,12.896414600000002],[77.5415063,12.8964522],[77.5414848,12.8964857],[77.5414696,12.8965164],[77.5414576,12.8965503],[77.5414403,12.896569899999998],[77.5413936,12.896609799999998],[77.5413572,12.8966433],[77.5413038,12.896703100000002],[77.5412605,12.8967603],[77.5412222,12.8968199],[77.5411999,12.896847399999999],[77.5411947,12.896853699999998],[77.5411106,12.8969049],[77.5410936,12.896987599999997],[77.5411508,12.8971569]]]}"
3,5013,5013,Slum Area,4,0.39114085,2901217008,DODDAKALSANDRA,Non_Notofied,Net,Bommanahalli,1.0998564103070427,"{""type"":""Polygon"",""coordinates"":[[[77.5616518,12.8804286],[77.5617094,12.880572000000003],[77.5618543,12.880718],[77.5619034,12.880760700000002],[77.5620209,12.8808055],[77.5621284,12.8808084],[77.5623033,12.880764300000001],[77.56247020000002,12.880709899999998],[77.56284110000001,12.8806076],[77.56290180000002,12.880835800000002],[77.5628878,12.880972999999997],[77.5623801,12.881013200000002],[77.562193,12.881009400000002],[77.5620693,12.8809774],[77.561822,12.880905800000003],[77.5617012,12.8808124],[77.5616155,12.8806341],[77.5616177,12.8804478],[77.5616518,12.8804286]]]}"
4,5013,5013,Slum Area,5,1.57283092,2901217002,GULBARGA COLONY_ROOPENA_AGRAHARA,Non_Notofied,Net,Bommanahalli,7.605660410488354,"{""type"":""Polygon"",""coordinates"":[[[77.6214162,12.9098054],[77.621429,12.9100625],[77.6215254,12.9106922],[77.6212029,12.9107412],[77.6210121,12.910771200000001],[77.6208489,12.910557400000002],[77.6206751,12.9100655],[77.6206241,12.9098526],[77.6206035,12.909422500000002],[77.6205753,12.909090599999999],[77.6206134,12.908770600000002],[77.6207935,12.9087476],[77.6208885,12.908733899999998],[77.6209323,12.909103499999999],[77.621294,12.909061500000002],[77.6213807,12.909519900000001],[77.6214162,12.9098054]]]}"
5,5013,5013,Slum Area,6,2.75477314,2901217005,HULLIMAVU_GUDDE ,Non_Notofied,Net,Bommanahalli,15.715499615201765,"{""type"":""Polygon"",""coordinates"":[[[77.5994506,12.8725271],[77.5994128,12.8723611],[77.5993594,12.872181100000002],[77.599352,12.8721806],[77.5993444,12.872152700000001],[77.5993167,12.872031100000001],[77.6006984,12.8719729],[77.6010185,12.8732861],[77.60081320000002,12.8733096],[77.600869,12.873734400000002],[77.60070430000002,12.8737595],[77.6007464,12.874033799999998],[77.6003316,12.874078500000001],[77.6002653,12.8740747],[77.6000916,12.87374],[77.5999829,12.873633200000002],[77.5996984,12.8730035],[77.5994506,12.8725271]]]}"
6,5013,5013,Slum Area,7,1.00189888,2901217012,KUMARASWAMY_LAYOUT_2NDSTAGE_CHANDRANAGAR,Non_Notofied,Net,Bommanahalli,14.698371217765061,"{""type"":""Polygon"",""coordinates"":[[[77.564001,12.9019376],[77.5636387,12.9019879],[77.5631991,12.9020482],[77.5625569,12.9022099],[77.5624685,12.9021341],[77.5633454,12.901087],[77.5635914,12.901404300000001],[77.5638353,12.901335],[77.564001,12.9019376]]]}"
7,5013,5013,Slum Area,8,25.09729385,2901217013,PILLAGANAHALLI,Non_Notofied,Net,Bommanahalli,127.29524932375143,"{""type"":""Polygon"",""coordinates"":[[[77.5829768,12.847251799999999],[77.5826294,12.847319199999998],[77.5824221,12.8473737],[77.5822853,12.847456900000003],[77.582334,12.8475596],[77.5818694,12.8477746],[77.5821766,12.8482159],[77.582467,12.848617300000003],[77.5827599,12.849161100000002],[77.5818668,12.8494057],[77.5814112,12.8491967],[77.5811329,12.849076399999998],[77.5809482,12.8489171],[77.5809007,12.848603500000001],[77.5808445,12.848118399999997],[77.5808157,12.847802900000001],[77.580738,12.8473145],[77.5809639,12.847290700000002],[77.5809313,12.846966800000002],[77.5800006,12.8470829],[77.5794773,12.8471525],[77.5792449,12.846565299999996],[77.5797763,12.8463482],[77.579747,12.8462636],[77.57967760000001,12.8460178],[77.5798208,12.8459778],[77.5803357,12.8458262],[77.5801918,12.845417200000004],[77.5800747,12.845059400000002],[77.5798774,12.844479399999999],[77.5795041,12.8441497],[77.579518,12.844026699999999],[77.57947910000001,12.843925900000002],[77.579337,12.843841399999999],[77.5792499,12.843616400000002],[77.5791824,12.8435139],[77.5791481,12.8433873],[77.5790843,12.843334000000002],[77.5790514,12.843272300000002],[77.5790644,12.8431192],[77.5790482,12.843077200000002],[77.5789731,12.843033300000002],[77.5788118,12.8428489],[77.5787649,12.8428444],[77.5786902,12.842869299999998],[77.5786359,12.8428674],[77.5785888,12.8428417],[77.5784833,12.8426732],[77.5784078,12.8425301],[77.5783079,12.8422615],[77.5781547,12.841858199999999],[77.5780673,12.8417958],[77.5778858,12.841696599999999],[77.5774971,12.841541000000001],[77.5772778,12.8413966],[77.5771315,12.8412613],[77.5768911,12.8403763],[77.5767685,12.8400268],[77.5766981,12.8397533],[77.5777818,12.839731399999998],[77.5779115,12.839804599999999],[77.5789753,12.8394637],[77.5790904,12.839818900000001],[77.5793178,12.840454500000002],[77.5794786,12.8404136],[77.5796144,12.840763399999998],[77.5797466,12.841019400000002],[77.5798587,12.841253700000001],[77.5800994,12.8417277],[77.5803332,12.8422174],[77.5802838,12.842249699999998],[77.5803452,12.842372500000002],[77.5803857,12.8423646],[77.580418,12.842395700000003],[77.5805156,12.842579],[77.58074980000002,12.8424778],[77.58110420000001,12.843096100000004],[77.581386,12.843765],[77.5814974,12.8442453],[77.5816137,12.844218800000002],[77.5818026,12.8448264],[77.5819714,12.8449323],[77.5820503,12.8450812],[77.5821028,12.845109399999998],[77.5824115,12.8456897],[77.5824617,12.8456652],[77.5825423,12.845829800000002],[77.58265660000002,12.845992000000003],[77.58271,12.8461292],[77.5829946,12.8465418],[77.5828822,12.8465923],[77.5830227,12.846865100000004],[77.5829014,12.846923000000002],[77.5829768,12.847251799999999]]]}"
8,5013,5013,Slum Area,9,1.18104088,2901217009,RAMACHANDRAPURA,Non_Notofied,Net,Bommanahalli,15.53660613415288,"{""type"":""Polygon"",""coordinates"":[[[77.5435029,12.917061100000002],[77.5434888,12.9171951],[77.5434842,12.9172091],[77.5434822,12.917271900000001],[77.5435742,12.917448500000003],[77.5435826,12.917609599999999],[77.5431026,12.9176648],[77.5428739,12.9178499],[77.542949,12.9179508],[77.5424953,12.918242800000002],[77.5421708,12.9176462],[77.5421535,12.9176082],[77.5427143,12.9173781],[77.5426008,12.9170976],[77.5430741,12.9169458],[77.5435292,12.9168256],[77.5435029,12.917061100000002]]]}"
9,5013,5013,Slum Area,10,3.10076451,2901217001,ROOPENA AGRAHARA_DINNE MANEGALU,Non_Notofied,Net,Bommanahalli,33.166927001055555,"{""type"":""Polygon"",""coordinates"":[[[77.622781,12.9083802],[77.6223675,12.908396100000001],[77.62195,12.9083725],[77.6217412,12.9083633],[77.6214109,12.9083885],[77.62138,12.907999],[77.6213676,12.9078159],[77.6211383,12.9078174],[77.6211222,12.9076348],[77.62063950000001,12.907705300000002],[77.6204316,12.907502200000001],[77.6203383,12.9072759],[77.6215723,12.906963599999997],[77.622281,12.906858],[77.6223494,12.9073771],[77.62285,12.907435699999999],[77.6229061,12.907692799999998],[77.6230622,12.907987200000003],[77.6232212,12.9083429],[77.622781,12.9083802]]]}"
10,5013,5013,Slum Area,11,9.68158913,2901217007,VASANTHPURA,Notofied,Net,Bommanahalli,44.24986257085614,"{""type"":""Polygon"",""coordinates"":[[[77.5504625,12.895526],[77.5503101,12.8955648],[77.5501719,12.895655700000002],[77.5499293,12.895342200000002],[77.549783,12.895195500000002],[77.5496706,12.8950949],[77.54960320000002,12.895004000000002],[77.5495687,12.8949104],[77.5495467,12.8947539],[77.549483,12.894755199999999],[77.5494485,12.894556],[77.5492547,12.894426799999998],[77.5489041,12.8940829],[77.5488045,12.8938988],[77.5486896,12.8938266],[77.5486334,12.893710100000002],[77.5487906,12.893686400000002],[77.548873,12.893595],[77.548935,12.893535900000002],[77.5491609,12.893483500000002],[77.5492449,12.893479999999998],[77.5493335,12.893497200000002],[77.5494929,12.893509800000002],[77.5495501,12.893563799999999],[77.5497238,12.893539899999999],[77.5497176,12.893489599999999],[77.5497035,12.893374099999999],[77.5500232,12.893214800000003],[77.5498979,12.892939299999998],[77.549754,12.8926541],[77.5496248,12.892326599999999],[77.5494992,12.892069900000001],[77.5498788,12.891857],[77.5496979,12.891583199999998],[77.5495,12.8913023],[77.549358,12.891123800000004],[77.5491578,12.8908658],[77.5490446,12.890725300000001],[77.5494429,12.8905332],[77.5494136,12.890446799999998],[77.5503837,12.890241800000002],[77.5504879,12.8905239],[77.5505421,12.890741199999999],[77.5508398,12.891594599999998],[77.5509386,12.8919331],[77.55118450000002,12.892960099999996],[77.5514078,12.8937238],[77.551494,12.8937381],[77.5515832,12.894106899999997],[77.5515917,12.8943344],[77.5513337,12.8943937],[77.5510836,12.894476800000001],[77.551159,12.894623500000002],[77.5511058,12.8947516],[77.5511349,12.8950036],[77.5510178,12.895006200000001],[77.5510471,12.8951043],[77.5510036,12.8952661],[77.5509787,12.8952617],[77.5509222,12.895424299999998],[77.5509098,12.895424500000003],[77.5508889,12.8955342],[77.5507255,12.8955305],[77.5505421,12.8955228],[77.5504625,12.895526]]]}"
11,5013,5013,Slum Area,12,5.73549747,2901217010,YADALAM_NAGAR,Non_Notofied,Net,Bommanahalli,27.57051773445279,"{""type"":""Polygon"",""coordinates"":[[[77.5476466,12.893778099999999],[77.5479473,12.8943637],[77.5480176,12.8945938],[77.548149,12.894942600000002],[77.5485873,12.8960934],[77.5482822,12.8962873],[77.5478137,12.8965856],[77.5473904,12.896813400000001],[77.5472713,12.8964136],[77.547323,12.896374699999999],[77.5473282,12.8962465],[77.5469375,12.895260899999998],[77.5469447,12.8951707],[77.5469204,12.895069699999999],[77.5468633,12.894923899999998],[77.5465187,12.8948929],[77.5464278,12.8946835],[77.5463332,12.8939821],[77.546234,12.8933974],[77.5461931,12.8930743],[77.5461531,12.892880600000003],[77.5466365,12.892738],[77.546646,12.8927791],[77.5466724,12.892887799999999],[77.546741,12.893191200000002],[77.5472812,12.893010100000001],[77.5476466,12.893778099999999]]]}"
12,5013,5013,Slum Area,13,0.31174374,7777777777 ,SUBRAHMANYAPURA,Notofied,Net,Bommanahalli,1.2192525003470627,"{""type"":""Polygon"",""coordinates"":[[[77.5451643,12.8999402],[77.5451986,12.9001259],[77.5450722,12.9001622],[77.545021,12.900175999999998],[77.5443939,12.9003578],[77.5443013,12.900026199999997],[77.5450379,12.899873999999999],[77.5451643,12.8999402]]]}"
13,5013,5013,Slum Area,14,0.46111068,2901217011,THURAHALLI_COLONY,Non_Notofied,Net,Bommanahalli,1.768966148413864,"{""type"":""Polygon"",""coordinates"":[[[77.53517780000001,12.8910429],[77.5352962,12.8912584],[77.5354222,12.891654799999998],[77.5354907,12.892085],[77.5353294,12.892113499999999],[77.5350254,12.8916817],[77.5349742,12.8915374],[77.5349292,12.8912741],[77.5348391,12.891070499999998],[77.5348756,12.8910352],[77.5351493,12.8909285],[77.53517780000001,12.8910429]]]}"
14,5013,5013,Slum Area,15,,2901219087,A_NARAYANAPURA,Non_Notified,Net,Mahadevapura,12.280679568122416,"{""type"":""Polygon"",""coordinates"":[[[77.6775754,12.9978675],[77.6773309,12.998008099999998],[77.6771082,12.998141999999998],[77.6768858,12.9982562],[77.676788,12.9982994],[77.6767095,12.997941900000002],[77.6766101,12.9978831],[77.6763481,12.9978372],[77.676347,12.9978218],[77.6763642,12.997819600000003],[77.6766542,12.997820999999998],[77.6766073,12.997563500000002],[77.6767462,12.9975134],[77.67678710000001,12.9976143],[77.6771577,12.997538],[77.6774614,12.997406100000001],[77.6777144,12.9973135],[77.6777319,12.997306],[77.677755,12.997300999999998],[77.677709,12.9972168],[77.6779864,12.997092599999998],[77.6780214,12.997449499999998],[77.6779608,12.9975753],[77.6778606,12.997670100000002],[77.6777285,12.9977746],[77.6775754,12.9978675]]]}"
15,5013,5013,Slum Area,16,,2901219042,AMBEDKAR NAGAR GUTTA,Non_Notified,Net,Mahadevapura,42.179254459867295,"{""type"":""Polygon"",""coordinates"":[[[77.7559836,12.979700800000002],[77.7563879,12.9811945],[77.7556295,12.9814516],[77.7552988,12.981575400000002],[77.7553018,12.981604999999998],[77.7549373,12.981704499999998],[77.7539116,12.9819824],[77.7535897,12.9820787],[77.7535114,12.981984300000002],[77.7530952,12.9815083],[77.7528595,12.9812067],[77.7525321,12.980436700000002],[77.75236520000001,12.9798978],[77.7525762,12.979859300000001],[77.752959,12.9797967],[77.7534339,12.979841300000004],[77.7550889,12.979656300000002],[77.7559222,12.979661],[77.7559836,12.979700800000002]]]}"
16,5013,5013,Slum Area,17,,2901219002,HORAMAVU AGRA COLONY,Non_Notified,Net,Mahadevapura,2.2693231620040595,"{""type"":""Polygon"",""coordinates"":[[[77.6556238,13.0387212],[77.6556465,13.038330600000002],[77.6556099,13.0383278],[77.6556093,13.0381082],[77.6562145,13.038104999999998],[77.6561923,13.0384162],[77.656273,13.038721100000002],[77.6559215,13.038837699999997],[77.6558916,13.0387433],[77.655681,13.038801200000002],[77.6556635,13.0387249],[77.6556238,13.0387212]]]}"
17,5013,5013,Slum Area,18,,2901219095,AMBEDKAR_NAGAR_GMPALYA,Notified,Net,Mahadevapura,1.740957140455059,"{""type"":""Polygon"",""coordinates"":[[[77.6659405,12.9710288],[77.6656824,12.971084899999997],[77.6655776,12.970864400000002],[77.6655119,12.9706291],[77.6658449,12.9705476],[77.665901,12.970776000000003],[77.6659405,12.9710288]]]}"
18,5013,5013,Slum Area,19,,2901219089,ANDRA_COLONY,Non_Notified,Net,Mahadevapura,44.57046991610059,"{""type"":""Polygon"",""coordinates"":[[[77.6760978,12.997005499999998],[77.6760735,12.997025199999996],[77.6753451,12.9972154],[77.6747508,12.997414399999998],[77.6743159,12.997428199999998],[77.6743213,12.997015399999999],[77.6742759,12.9964667],[77.6742645,12.996200699999997],[77.67416580000001,12.9959861],[77.6747865,12.995772699999998],[77.6752419,12.9956316],[77.6752584,12.9956844],[77.6755308,12.9955869],[77.6756858,12.9958715],[77.6758879,12.9963681],[77.6760978,12.997005499999998]]]}"
19,5013,5013,Slum Area,20,,0,AMBEDKAR NAGAR RAMURTHY NAGAR,Non Notified,Net,Mahadevapura,33.72571259947384,"{""type"":""Polygon"",""coordinates"":[[[77.6820113,13.0108646],[77.6822735,13.010972400000002],[77.6822516,13.011055000000002],[77.6827323,13.011204799999998],[77.6826486,13.011922699999998],[77.6826224,13.013273099999997],[77.6826167,13.0139012],[77.6825888,13.0141314],[77.6824483,13.0141274],[77.6823997,13.014078299999998],[77.6823847,13.0140385],[77.68242070000001,13.0137634],[77.6824338,13.013284500000001],[77.6817568,13.0132001],[77.6814311,13.0131605],[77.68110060000001,13.013148000000001],[77.6809329,13.0122702],[77.6808067,13.0115975],[77.6807267,13.0111956],[77.6813821,13.0110663],[77.6812328,13.0108407],[77.6816329,13.0107143],[77.6820113,13.0108646]]]}"
20,5013,5013,Slum Area,21,,2901219081,BELAGERE AMBEDKAR NAGAR,Non_Notified,Net,Mahadevapura,3.5393823735854206,"{""type"":""Polygon"",""coordinates"":[[[77.7452929,12.938572],[77.7452616,12.938401299999999],[77.7457515,12.938312900000001],[77.7459825,12.9382795],[77.7464503,12.938235699999998],[77.7466303,12.93824],[77.7469473,12.9383309],[77.747086,12.938458],[77.74686460000001,12.938440400000001],[77.7466287,12.938415999999998],[77.7464309,12.938403600000001],[77.7461785,12.938431399999999],[77.7457728,12.9384614],[77.7455535,12.9384881],[77.7452929,12.938572]]]}"
21,5013,5013,Slum Area,22,,2901219060,BELLI_SHIVALAYA,Non_Notified,Net,Mahadevapura,4.730449762531355,"{""type"":""Polygon"",""coordinates"":[[[77.6714397,13.0536723],[77.67119370000002,13.053668100000001],[77.6710308,13.0536178],[77.6708561,13.0535468],[77.6707509,13.0535008],[77.6707032,13.053448800000002],[77.67052740000001,13.053429600000001],[77.6704726,13.0529703],[77.6707393,13.052970100000003],[77.6707347,13.0524122],[77.6709043,13.0524372],[77.6712852,13.0525592],[77.67138540000002,13.0527296],[77.6714869,13.052822799999998],[77.6714735,13.0534022],[77.6714683,13.0535609],[77.6714397,13.0536723]]]}"
22,5013,5013,Slum Area,23,,2901219061,BELTHUR_COLONY,Non_Notified,Net,Mahadevapura,4.865911668889662,"{""type"":""Polygon"",""coordinates"":[[[77.7523562,12.9994058],[77.7525497,12.999322900000001],[77.7526795,12.9995954],[77.7528229,12.999964400000001],[77.7528122,13.000149699999998],[77.7530952,13.001077899999999],[77.7531842,13.0013532],[77.7533966,13.0020146],[77.7532778,13.0022366],[77.7532297,13.002282199999998],[77.752977,13.0023843],[77.7528903,13.0019917],[77.752804,13.0016751],[77.7526559,13.001165499999999],[77.7525198,13.0007309],[77.7523817,13.0002728],[77.7522967,13.000028899999997],[77.7522372,12.999861899999999],[77.75206220000001,12.999508499999997],[77.7523562,12.9994058]]]}"
23,5013,5013,Slum Area,24,,2901219063,BASAVANNA NAGAR,Non_Notified,Net,Mahadevapura,8.813518787832821,"{""type"":""Polygon"",""coordinates"":[[[77.7199507,12.9852048],[77.7186955,12.9851894],[77.7186875,12.9846984],[77.7185009,12.9846937],[77.7185186,12.9841643],[77.71928010000002,12.9840597],[77.7193103,12.984394100000003],[77.7195342,12.984385399999999],[77.7197291,12.9843705],[77.7199408,12.984345699999999],[77.7199501,12.9842882],[77.7199275,12.9842267],[77.7205602,12.983963799999998],[77.7206081,12.9840894],[77.720661,12.984252399999999],[77.720743,12.9845319],[77.7208048,12.984740500000001],[77.71995880000001,12.984879000000001],[77.7199543,12.9851421],[77.7199507,12.9852048]]]}"
24,5013,5013,Slum Area,25,,2901219077,BELLURU NAGASANDRA,Non_Notified,Net,Mahadevapura,2.211371623768526,"{""type"":""Polygon"",""coordinates"":[[[77.6607192,12.9457839],[77.6607908,12.9458299],[77.6608567,12.9457421],[77.6608903,12.945763],[77.6609551,12.9456728],[77.6611257,12.945787700000002],[77.6613581,12.945508300000002],[77.6611291,12.9453361],[77.661224,12.945192599999999],[77.6613085,12.9452434],[77.6613693,12.945148299999996],[77.6614454,12.945140700000001],[77.6615192,12.945037300000001],[77.6616757,12.944765299999998],[77.6618647,12.944780100000001],[77.6619142,12.9448276],[77.6620363,12.9451122],[77.6619647,12.9452647],[77.66181680000001,12.9455102],[77.6617364,12.9455466],[77.6614735,12.945819800000002],[77.6613217,12.9459937],[77.6611775,12.9461828],[77.6609919,12.946040500000002],[77.6609636,12.946077],[77.6608846,12.9460332],[77.6608545,12.946073599999998],[77.6607496,12.946039500000001],[77.6605443,12.9458568],[77.6605919,12.9457953],[77.66066510000002,12.945843400000001],[77.6607192,12.9457839]]]}"
25,5013,5013,Slum Area,26,,2901219034,B_NARAYANAPURA_BADAVAR_COLONY,Non_Notified,Net,Mahadevapura,4.005651206596225,"{""type"":""Polygon"",""coordinates"":[[[77.6852751,12.996315800000001],[77.6852578,12.99648],[77.6854376,12.9964945],[77.6854189,12.9966513],[77.685348,12.996679199999999],[77.6852912,12.996689],[77.6849883,12.9967086],[77.6848078,12.996481699999999],[77.6846961,12.9963969],[77.6846099,12.9963667],[77.6843223,12.996356000000004],[77.6843235,12.996275200000001],[77.6846027,12.9962494],[77.6847691,12.9963153],[77.6848726,12.996154000000002],[77.6850904,12.9962861],[77.6852751,12.996315800000001]]]}"
26,5013,5013,Slum Area,27,,2901219033,B_NARAYANAPURA_COLONY,Non_Notified,Net,Mahadevapura,10.74840315650491,"{""type"":""Polygon"",""coordinates"":[[[77.6834585,12.9973581],[77.6835319,12.997544800000002],[77.6838113,12.9974383],[77.6840888,12.997218],[77.6841354,12.997259000000001],[77.6842617,12.9975817],[77.6843244,12.9977799],[77.6843673,12.9979859],[77.6840804,12.998047099999999],[77.6841059,12.998098100000002],[77.6838404,12.998160999999998],[77.6839086,12.998293999999998],[77.6838246,12.998334399999997],[77.6835256,12.9978013],[77.6834132,12.997867799999998],[77.683058,12.9980137],[77.6829513,12.997841599999997],[77.6832367,12.997381800000001],[77.6834585,12.9973581]]]}"
27,5013,5013,Slum Area,28,,2901219008,BABUSA PALYA,Non-Notified ,Net,Mahadevapura,4.784362746220009,"{""type"":""Polygon"",""coordinates"":[[[77.6476727,13.024670599999999],[77.647904,13.025478099999999],[77.64799100000002,13.025706],[77.64804,13.025865999999999],[77.6477943,13.025929],[77.6476696,13.0255422],[77.6475198,13.025143399999997],[77.6473567,13.024630700000001],[77.6476273,13.0245558],[77.6476727,13.024670599999999]]]}"
28,5013,5013,Slum Area,29,,2901219014,BHOVI NAGAR RAMURTHY NAGAR,Non_Notified,Net,Mahadevapura,19.181667952444037,"{""type"":""Polygon"",""coordinates"":[[[77.6781284,13.012943000000002],[77.6781294,13.0127488],[77.6783683,13.012628],[77.6785749,13.0126216],[77.6785875,13.012353199999998],[77.6786367,13.0123301],[77.6786991,13.012452799999998],[77.6787702,13.0124229],[77.6788625,13.0124266],[77.6790489,13.0128408],[77.6790506,13.012948800000002],[77.6789026,13.0129534],[77.6788918,13.0134994],[77.6788623,13.013972200000001],[77.6785328,13.013955400000002],[77.678536,13.0136635],[77.6782183,13.0136555],[77.6781337,13.0135113],[77.6780059,13.0133388],[77.6779316,13.013264800000002],[77.6779291,13.012941700000002],[77.6781284,13.012943000000002]]]}"
29,5013,5013,Slum Area,30,,2901219059,BYRATHI_BANDE,Non_Notified,Net,Mahadevapura,4.084475329810497,"{""type"":""Polygon"",""coordinates"":[[[77.6528079,13.076461000000002],[77.6530357,13.0764028],[77.653345,13.0763406],[77.6533747,13.076491600000002],[77.6532983,13.0765174],[77.6532298,13.0766516],[77.6532451,13.076941699999999],[77.6532748,13.0770072],[77.6533449,13.077063],[77.6536874,13.077251299999999],[77.65412,13.0771381],[77.6542639,13.077576499999997],[77.65412610000001,13.077615000000002],[77.6541471,13.077688400000001],[77.653486,13.077914700000001],[77.6531589,13.077602600000002],[77.6528357,13.077290900000003],[77.6526088,13.0770052],[77.6522952,13.076491],[77.6528079,13.076461000000002]]]}"
30,5013,5013,Slum Area,31,,2901219007,CHALKERE COLONY,Non_Notified,Net,Mahadevapura,3.4284802530326095,"{""type"":""Polygon"",""coordinates"":[[[77.6419456,13.0281829],[77.6422086,13.028097599999999],[77.6422511,13.028152099999998],[77.6422998,13.0283462],[77.6423342,13.0284799],[77.6423542,13.028590999999999],[77.6423881,13.028892000000003],[77.6420812,13.0289292],[77.6420427,13.0285742],[77.6419946,13.028371900000002],[77.6419732,13.028375800000001],[77.6419456,13.0281829]]]}"
31,5013,5013,Slum Area,32,,2901219101,CHALLAGHATTA,Notified,Net,Mahadevapura,1.5687878290812176,"{""type"":""Polygon"",""coordinates"":[[[77.6491754,12.9464453],[77.6490822,12.945884299999998],[77.6494136,12.945696399999997],[77.6497364,12.945534200000003],[77.6498553,12.945753499999999],[77.6497291,12.945811100000002],[77.6496638,12.945850800000002],[77.6495083,12.945992599999999],[77.6493669,12.946287800000002],[77.6493064,12.9463914],[77.6491754,12.9464453]]]}"
32,5013,5013,Slum Area,33,,2901219041,CHANNASANDRA AK COLONY,Non_Notified,Net,Mahadevapura,18.71955708475674,"{""type"":""Polygon"",""coordinates"":[[[77.7592459,12.981268600000002],[77.75920360000002,12.9806164],[77.7591475,12.9805375],[77.75915,12.9801324],[77.7595317,12.980102600000002],[77.7597461,12.9804087],[77.7601916,12.9805382],[77.76018250000001,12.9806131],[77.760554,12.9806613],[77.7606773,12.9806597],[77.7606726,12.9805841],[77.7607964,12.9805768],[77.7608314,12.980820799999998],[77.7609003,12.980834],[77.7609414,12.980844],[77.76104970000002,12.980870700000002],[77.7612679,12.9809131],[77.7615203,12.9809481],[77.7615584,12.980913700000002],[77.7617877,12.9809306],[77.7620708,12.981043399999999],[77.7622323,12.981100100000003],[77.76230470000002,12.9811069],[77.762334,12.9812137],[77.7623241,12.981277500000001],[77.7625181,12.981533100000004],[77.7627905,12.981541200000002],[77.7628596,12.981915699999998],[77.7631852,12.982005199999998],[77.763453,12.9821483],[77.7635673,12.982187600000001],[77.7635636,12.982250100000002],[77.7638805,12.982565900000003],[77.7639008,12.982671],[77.7632394,12.9826535],[77.7627509,12.982707699999999],[77.76247630000002,12.9827791],[77.7622169,12.9828549],[77.7619141,12.982926300000003],[77.7615995,12.9829316],[77.7613087,12.9828702],[77.7610763,12.982822100000002],[77.7610798,12.982663000000002],[77.7610773,12.982282],[77.7610815,12.982172200000003],[77.7610977,12.981993699999999],[77.761035,12.9818992],[77.7609623,12.981693199999999],[77.7610147,12.981672599999998],[77.7610105,12.981550800000003],[77.7610381,12.981431199999998],[77.7610589,12.981274299999999],[77.7610174,12.981261900000002],[77.761041,12.9811217],[77.7606762,12.981217900000003],[77.7605427,12.981290299999998],[77.7604415,12.9813777],[77.7603931,12.9813919],[77.7602325,12.981359900000001],[77.7599527,12.9816611],[77.7598345,12.9817028],[77.7596917,12.9816908],[77.7594919,12.9816998],[77.7594068,12.9817061],[77.759352,12.9813543],[77.7592962,12.9813401],[77.7592459,12.981268600000002]]]}"
33,5013,5013,Slum Area,34,,2901219027,CHIKKA_BASAVANAPURA_COLONY,Non_Notified,Net,Mahadevapura,3.095006732379689,"{""type"":""Polygon"",""coordinates"":[[[77.710122,13.0119101],[77.7100945,13.011573800000003],[77.7100898,13.01133],[77.7100116,13.011318300000001],[77.7100509,13.0111018],[77.7103417,13.011099],[77.7104667,13.0117897],[77.7103968,13.011803900000004],[77.7104182,13.0119099],[77.7104726,13.012200599999998],[77.7105106,13.0124799],[77.7106211,13.012471899999998],[77.7106431,13.0128297],[77.7106387,13.0129794],[77.7102979,13.012994200000003],[77.7102878,13.012942400000002],[77.71025320000001,13.0127451],[77.71016680000001,13.012211300000002],[77.710122,13.0119101]]]}"
34,5013,5013,Slum Area,35,,2901219058,CHIKKA_BYRATHI,Non_Notified,Net,Mahadevapura,5.017308038823745,"{""type"":""Polygon"",""coordinates"":[[[77.6509803,13.0557539],[77.6509435,13.055749000000002],[77.6509549,13.055657599999998],[77.6507873,13.0556216],[77.6508048,13.0555442],[77.6506156,13.055483099999998],[77.6506891,13.0552199],[77.6510224,13.0552292],[77.6510778,13.0554597],[77.6513034,13.0556773],[77.6514946,13.0556954],[77.6516206,13.0557078],[77.6515798,13.0560299],[77.6510271,13.056016700000002],[77.6509662,13.0560117],[77.6509803,13.0557539]]]}"
35,5013,5013,Slum Area,36,,2901219031,CHIKKADEVASANDRA_COLONY,Non_Notified,Net,Mahadevapura,10.234920435325773,"{""type"":""Polygon"",""coordinates"":[[[77.7059168,13.004316799999998],[77.705106,13.004502900000002],[77.705007,13.0038626],[77.7048329,13.002820000000002],[77.7049692,13.0025887],[77.7054623,13.002521],[77.7058278,13.002453299999997],[77.7058284,13.002721699999999],[77.705916,13.0027076],[77.7059755,13.002963299999998],[77.7059412,13.0029726],[77.70609360000002,13.003424300000002],[77.7061388,13.0034089],[77.706351,13.003980999999998],[77.7064132,13.004229100000002],[77.7059168,13.004316799999998]]]}"
36,5013,5013,Slum Area,37,,2901219078,DEVARABEESANAHALLI,Non_Notified,Net,Mahadevapura,40.48807019532896,"{""type"":""Polygon"",""coordinates"":[[[77.6890509,12.924325399999999],[77.6893894,12.9242078],[77.6897289,12.9240899],[77.6902513,12.9239259],[77.6905214,12.923803000000001],[77.6906217,12.9237603],[77.6906662,12.9240416],[77.6910476,12.924007700000002],[77.6917268,12.9238847],[77.6917609,12.924041000000003],[77.6917709,12.924281300000002],[77.6917655,12.924687599999999],[77.6917615,12.925051700000001],[77.6922997,12.925002699999999],[77.6925588,12.9257184],[77.6926095,12.925777600000002],[77.6927775,12.926524799999997],[77.6925075,12.926545600000003],[77.6909794,12.926654500000001],[77.6909329,12.9262436],[77.6908791,12.925977899999998],[77.6899336,12.926051099999999],[77.6898787,12.9257765],[77.6895885,12.9249835],[77.6895153,12.924827200000001],[77.6894328,12.9247417],[77.6892799,12.92466],[77.689151,12.9245322],[77.6890509,12.924325399999999]]]}"
37,5013,5013,Slum Area,38,,2901219043,DINNUR,Non_Notified,Net,Mahadevapura,14.661284187728283,"{""type"":""Polygon"",""coordinates"":[[[77.7507163,12.991127299999999],[77.7511159,12.991123300000002],[77.7512283,12.991122400000002],[77.7513335,12.9911422],[77.7514047,12.9912048],[77.7514567,12.9912864],[77.7515565,12.9918279],[77.751731,12.992771700000002],[77.75184040000002,12.992912899999999],[77.7518585,12.993336899999997],[77.7520512,12.993355199999998],[77.7520061,12.993576200000001],[77.7519046,12.993551900000002],[77.7518198,12.9937627],[77.7515606,12.993682700000003],[77.7515959,12.9935456],[77.7511826,12.993484299999999],[77.7506713,12.993432699999998],[77.7506503,12.993143000000002],[77.7503501,12.993165400000002],[77.7498543,12.9932363],[77.7491725,12.993222300000001],[77.74917410000002,12.993076500000003],[77.7493238,12.993065799999998],[77.7493337,12.992713499999999],[77.7493403,12.992669],[77.7493334,12.9923193],[77.7492153,12.992322000000001],[77.7491958,12.9921541],[77.7492087,12.9919349],[77.7492234,12.9916091],[77.7492245,12.991544200000002],[77.7492181,12.9913565],[77.7507221,12.9912917],[77.7507163,12.991127299999999]]]}"
38,5013,5013,Slum Area,39,,2901219046,GANDHIPURA,Non_Notified,Net,Mahadevapura,43.53046216310239,"{""type"":""Polygon"",""coordinates"":[[[77.756789,12.972011],[77.7562805,12.972108900000002],[77.7552341,12.972346800000002],[77.7541975,12.972581900000002],[77.7535065,12.972741000000001],[77.7532888,12.9717788],[77.7532454,12.971585499999998],[77.7530495,12.970865000000002],[77.7529893,12.970575899999998],[77.7529132,12.9701544],[77.7532472,12.970123799999998],[77.75405,12.9700386],[77.7542563,12.9700281],[77.7543418,12.9701776],[77.7544539,12.970167300000002],[77.7552382,12.969949099999997],[77.7552869,12.9700687],[77.7556189,12.970187600000001],[77.7557217,12.970188799999999],[77.7557413,12.970392500000003],[77.7557665,12.9704563],[77.7560026,12.970566599999996],[77.7560714,12.9706884],[77.7562304,12.9706542],[77.7563064,12.9707978],[77.7563849,12.970856199999998],[77.756551,12.971131599999998],[77.7568969,12.970997299999999],[77.7569679,12.9710951],[77.7571108,12.9712604],[77.7568681,12.971882899999999],[77.756789,12.972011]]]}"
39,5013,5013,Slum Area,40,,2901219010,GEDDALAHALLI_PALYA,Non_Notified,Net,Mahadevapura,10.868581451154224,"{""type"":""Polygon"",""coordinates"":[[[77.6447317,13.0478024],[77.6449285,13.047964300000002],[77.645111,13.048162],[77.6453018,13.048429800000001],[77.64549,13.0489023],[77.6454454,13.049257],[77.6453475,13.0492595],[77.6452103,13.0492355],[77.6445189,13.0493346],[77.6441182,13.0491493],[77.6439315,13.0487631],[77.64383780000001,13.048496100000001],[77.64386,13.048441500000001],[77.643939,13.048381800000001],[77.6442515,13.0481138],[77.6442681,13.0480764],[77.6447317,13.0478024]]]}"
40,5013,5013,Slum Area,41,,2901219080,GOUTHAM NAGAR,Non_Notified,Net,Mahadevapura,10.748965202593336,"{""type"":""Polygon"",""coordinates"":[[[77.737598,12.8897356],[77.7377323,12.890188999999996],[77.7371252,12.8903493],[77.7363981,12.890504800000002],[77.7361062,12.8896384],[77.7361521,12.8896244],[77.7358097,12.888529699999998],[77.7357629,12.8884442],[77.7355867,12.887780700000002],[77.7368793,12.887631900000002],[77.737598,12.8897356]]]}"
41,5013,5013,Slum Area,42,,2901219069,HARISHCHANDRA COLONY,Non_Notified,Net,Mahadevapura,0.7682554142147887,"{""type"":""Polygon"",""coordinates"":[[[77.6925325,12.968951599999999],[77.6924964,12.968509499999998],[77.6925386,12.9683075],[77.6927785,12.968422099999998],[77.6928811,12.9688995],[77.6927952,12.9689193],[77.6925325,12.968951599999999]]]}"
42,5013,5013,Slum Area,43,,0,HARLUR,,Net,Mahadevapura,31.702585362453085,"{""type"":""Polygon"",""coordinates"":[[[77.6593731,12.900999799999997],[77.659993,12.900841699999999],[77.6600229,12.9009313],[77.6600884,12.900921],[77.6606219,12.9007922],[77.6606548,12.9010606],[77.6606514,12.9011526],[77.66065,12.9011707],[77.6610791,12.9012028],[77.6616716,12.901084600000003],[77.6619231,12.901039],[77.6620064,12.901165600000002],[77.6620516,12.9012995],[77.6621343,12.9016969],[77.6614349,12.901873299999998],[77.6614886,12.902132799999999],[77.6611061,12.902169],[77.6611141,12.902792900000001],[77.6610496,12.9028055],[77.6604854,12.9027891],[77.6604732,12.902388700000001],[77.6603362,12.902413500000003],[77.6598626,12.902420800000002],[77.6598574,12.9022662],[77.6597911,12.9022688],[77.6597706,12.901994100000001],[77.6594856,12.902000000000001],[77.6594317,12.901744800000001],[77.6593731,12.900999799999997]]]}"
43,5013,5013,Slum Area,44,,2901219053,HOODI_COLONY,Non_Notified,Net,Mahadevapura,6.203205362955728,"{""type"":""Polygon"",""coordinates"":[[[77.7174563,12.996338099999996],[77.7172568,12.996407399999999],[77.7172301,12.9963091],[77.7170548,12.996364799999998],[77.7166281,12.9964147],[77.71656,12.995999500000002],[77.71640080000002,12.996008300000002],[77.7163762,12.995772000000002],[77.7163463,12.9956311],[77.716726,12.995507399999997],[77.7168294,12.9954941],[77.7168772,12.995534099999999],[77.71693930000002,12.9956185],[77.7179396,12.9953116],[77.7179561,12.995859999999999],[77.7178854,12.996050199999999],[77.71775140000001,12.996217099999999],[77.7175391,12.9962651],[77.7174563,12.996338099999996]]]}"
44,5013,5013,Slum Area,45,,2901219003,HORAMAVU AGRA VADDARA COLONY,Non_Notified,Net,Mahadevapura,34.27424437578986,"{""type"":""Polygon"",""coordinates"":[[[77.6471162,13.0399861],[77.6465738,13.040028099999999],[77.6461031,13.0401008],[77.6460301,13.039680800000001],[77.6458628,13.038795600000002],[77.6463026,13.038678299999999],[77.6471929,13.038413600000002],[77.6477937,13.038214800000002],[77.6481806,13.0380944],[77.6481736,13.0382449],[77.6481144,13.0386094],[77.648041,13.038828300000002],[77.6479145,13.038939499999998],[77.6478085,13.039162299999997],[77.6477121,13.039127199999996],[77.647584,13.0394527],[77.6472489,13.0397733],[77.6471162,13.0399861]]]}"
45,5013,5013,Slum Area,46,,2901219001,HORAMAVU COLONY,Non_Notified,Net,Mahadevapura,10.84730074265424,"{""type"":""Polygon"",""coordinates"":[[[77.6592382,13.027091300000002],[77.6592001,13.0269457],[77.6595551,13.026914100000003],[77.6599207,13.0269059],[77.6601268,13.0268977],[77.66073340000001,13.0267945],[77.6607058,13.0270932],[77.6606623,13.0273164],[77.6604696,13.027480199999998],[77.6603908,13.0275152],[77.6601735,13.0275888],[77.6600251,13.027659600000002],[77.6598442,13.027791300000002],[77.659611,13.0276504],[77.6593658,13.0273185],[77.6592995,13.0272131],[77.6592382,13.027091300000002]]]}"
46,5013,5013,Slum Area,47,,2901219047,IMADIHALLI COLONY,Non_Notified,Net,Mahadevapura,1.6128702481587727,"{""type"":""Polygon"",""coordinates"":[[[77.7630421,12.966724799999998],[77.7629031,12.967165800000002],[77.7625453,12.9671578],[77.7624316,12.9672075],[77.7623777,12.9670627],[77.7623338,12.9667805],[77.7630421,12.966724799999998]]]}"
47,5013,5013,Slum Area,48,,2901219026,BHATTRAHALLI_JANATHA_COLONY,Non_Notified,Net,Mahadevapura,2.852323729384179,"{""type"":""Polygon"",""coordinates"":[[[77.7073214,13.024401500000002],[77.7075012,13.0243136],[77.7077515,13.0242179],[77.7082686,13.023990200000002],[77.7083068,13.0238791],[77.7083712,13.023785],[77.7084192,13.0236246],[77.7084601,13.0235254],[77.7085031,13.023372600000002],[77.7084495,13.023099100000001],[77.7086019,13.0230835],[77.7086065,13.023132499999997],[77.7086178,13.0231747],[77.7086943,13.0231769],[77.7087135,13.0232497],[77.7088044,13.023232900000002],[77.7088128,13.0233389],[77.7091287,13.023298899999999],[77.70915,13.0233052],[77.7091254,13.0234474],[77.7089469,13.0234405],[77.7087394,13.023591799999998],[77.7085922,13.0238982],[77.7085061,13.0240963],[77.7082751,13.024234399999997],[77.70795860000001,13.024333000000002],[77.7078196,13.0245087],[77.7076027,13.0246296],[77.7075193,13.0246745],[77.7074469,13.0245341],[77.7073214,13.024401500000002]]]}"
48,5013,5013,Slum Area,49,,2901219004,JAYANTHI GRAMA COLONY,Non_Notified,Net,Mahadevapura,35.35988179936128,"{""type"":""Polygon"",""coordinates"":[[[77.6642614,13.028225100000002],[77.664748,13.0277439],[77.6651098,13.027392600000002],[77.6655063,13.0269918],[77.6658249,13.0266949],[77.6662357,13.0263599],[77.6664254,13.0266824],[77.6664583,13.0266776],[77.6666819,13.027112999999998],[77.666872,13.027793799999998],[77.6669282,13.0281426],[77.666958,13.028439299999999],[77.665734,13.0283983],[77.6651574,13.0284641],[77.6651527,13.028415299999999],[77.6649738,13.028430600000002],[77.6649532,13.0282931],[77.664407,13.028376600000001],[77.6642614,13.028225100000002]]]}"
49,5013,5013,Slum Area,50,,2901219084,JUNNASANDRA,Non_Notified,Net,Mahadevapura,3.276971284080955,"{""type"":""Polygon"",""coordinates"":[[[77.6841621,12.9059277],[77.6849365,12.9059561],[77.6849163,12.906370399999998],[77.6845606,12.9063682],[77.6841112,12.9063541],[77.6838991,12.906315199999998],[77.6841621,12.9059277]]]}"
50,5013,5013,Slum Area,51,,2901219086,JYOTHI_NAGAR_COLONY,Non_Notified,Net,Mahadevapura,11.52314551297356,"{""type"":""Polygon"",""coordinates"":[[[77.7142511,13.026502300000002],[77.7142006,13.026501599999998],[77.7142027,13.0266193],[77.7140159,13.0266208],[77.7140248,13.0267915],[77.7137247,13.0268144],[77.7137037,13.026620400000004],[77.7135205,13.0266351],[77.7134676,13.026479699999998],[77.7134541,13.0263235],[77.7134649,13.0261961],[77.7142153,13.026318600000002],[77.7142237,13.0254284],[77.7143602,13.0255702],[77.7144937,13.0255791],[77.7147372,13.025622],[77.7149651,13.025631200000001],[77.7151162,13.0256208],[77.7151486,13.026044000000002],[77.7147352,13.0261646],[77.7147134,13.0263237],[77.7144822,13.0265207],[77.7143153,13.0263988],[77.7142511,13.026502300000002]]]}"
51,5013,5013,Slum Area,52,,2901219009,K_NARAYANAPURA,Non_Notified,Net,Mahadevapura,6.007761583141252,"{""type"":""Polygon"",""coordinates"":[[[77.6422593,13.063428100000001],[77.6423159,13.0641209],[77.6423163,13.0641763],[77.6421909,13.0642987],[77.6422386,13.064392700000003],[77.6422642,13.0645337],[77.6422608,13.0646731],[77.6422141,13.0649428],[77.6419057,13.0651445],[77.6413778,13.0650637],[77.6411818,13.064359200000002],[77.6411544,13.064106599999997],[77.6416462,13.0640348],[77.6416098,13.063777500000004],[77.6418267,13.0637297],[77.6420957,13.063528700000003],[77.6422593,13.063428100000001]]]}"
52,5013,5013,Slum Area,53,,2901219038,KADUGODI_AK_COLONY,Non_Notified,Net,Mahadevapura,5.409544075236601,"{""type"":""Polygon"",""coordinates"":[[[77.7647337,12.996669700000002],[77.7649194,12.9970651],[77.7646751,12.997313100000001],[77.7646366,12.9974857],[77.7644681,12.997478499999998],[77.7643612,12.997428000000001],[77.764237,12.9972419],[77.76412710000001,12.9970033],[77.763974,12.9968097],[77.7640283,12.996752300000002],[77.7643458,12.9968299],[77.7644436,12.996801299999998],[77.7647337,12.996669700000002]]]}"
53,5013,5013,Slum Area,54,,2901219040,KADUGODI_COLONY,Non_Notified,Net,Mahadevapura,1.0703558809616986,"{""type"":""Polygon"",""coordinates"":[[[77.7594804,12.998064899999997],[77.759508,12.997809],[77.76007,12.9977246],[77.7601318,12.998019699999999],[77.7596067,12.998066499999998],[77.7594804,12.998064899999997]]]}"
54,5013,5013,Slum Area,55,,2901219017,KALKERE SCST COLONY,Non_Notified,Net,Mahadevapura,1.0477339950262332,"{""type"":""Polygon"",""coordinates"":[[[77.6729888,13.0354777],[77.6729491,13.035326899999998],[77.6729249,13.035180399999998],[77.6731101,13.0351522],[77.6733967,13.0351156],[77.6736425,13.035122499999998],[77.673612,13.035234299999999],[77.6735095,13.035273200000002],[77.6733725,13.035438700000002],[77.6729888,13.0354777]]]}"
55,5013,5013,Slum Area,56,,2901219020,KANAKA_NAGAR,Non_Notified,Net,Mahadevapura,2.612978893167832,"{""type"":""Polygon"",""coordinates"":[[[77.6830577,13.039052499999997],[77.6829588,13.039061899999998],[77.682821,13.0390675],[77.682811,13.0390052],[77.6827329,13.039013800000003],[77.6827136,13.0388397],[77.6826967,13.0388407],[77.6826927,13.0387796],[77.6826509,13.0384108],[77.6832026,13.03814],[77.6840765,13.038167300000001],[77.684202,13.0388082],[77.6831295,13.0389022],[77.6831353,13.038956799999998],[77.6830515,13.0389626],[77.6830577,13.039052499999997]]]}"
56,5013,5013,Slum Area,57,,2901219011,KAYALASANAHALLI,Non_Notified,Net,Mahadevapura,12.019709978851617,"{""type"":""Polygon"",""coordinates"":[[[77.6576968,13.056315399999999],[77.65787220000001,13.056239599999998],[77.6581665,13.056352600000002],[77.6588316,13.0563613],[77.6588379,13.056819],[77.6593906,13.0567899],[77.6593875,13.056731],[77.6599916,13.0567054],[77.6599928,13.0567566],[77.6606786,13.056773],[77.660673,13.057338000000001],[77.6605721,13.0575963],[77.6601332,13.057617200000003],[77.6601085,13.057474200000001],[77.6599673,13.0574547],[77.6587343,13.0576438],[77.6586578,13.057293499999998],[77.6582333,13.057329600000001],[77.6580733,13.0573128],[77.6576384,13.0572122],[77.6576968,13.056315399999999]]]}"
57,5013,5013,Slum Area,58,,,KEMPAPUR,Non_Notified,Net,Mahadevapura,2.885653354607376,"{""type"":""Polygon"",""coordinates"":[[[77.67182820000001,12.946301599999998],[77.6723501,12.946203600000002],[77.6723587,12.9459986],[77.6730059,12.946007],[77.6730085,12.9465873],[77.6729807,12.9467954],[77.6726782,12.9468121],[77.6724041,12.9468348],[77.6718515,12.9468143],[77.6718485,12.9465925],[77.6718308,12.9464365],[77.6718502,12.9464336],[77.67182820000001,12.946301599999998]]]}"
58,5013,5013,Slum Area,59,,2901219093,KOMMARA_KOTTA,Non_Notified,Net,Mahadevapura,1.620091256908342,"{""type"":""Polygon"",""coordinates"":[[[77.6804613,12.982969200000001],[77.6803447,12.9830316],[77.6803689,12.9827724],[77.6803728,12.9826506],[77.6802918,12.982272200000004],[77.6806185,12.9821963],[77.6804481,12.981643799999999],[77.6805595,12.9816281],[77.6808555,12.9816098],[77.680889,12.981606499999998],[77.6809291,12.981726900000002],[77.6809311,12.981731600000002],[77.6809181,12.982039899999998],[77.6809194,12.9820444],[77.680932,12.9820891],[77.680932,12.9822211],[77.6809264,12.9822219],[77.6809179,12.982260599999998],[77.6809186,12.9822634],[77.6808422,12.982399000000001],[77.6808111,12.9824342],[77.6807648,12.982460999999999],[77.6806819,12.9825119],[77.6806148,12.982551400000002],[77.6805941,12.9825689],[77.680524,12.982693399999999],[77.6804613,12.982969200000001]]]}"
59,5013,5013,Slum Area,60,,2901219100,KOODENAHALLI AK COLONY,Notified,Net,Mahadevapura,13.715894489662322,"{""type"":""Polygon"",""coordinates"":[[[77.679434,13.019286899999999],[77.68011610000002,13.019195899999998],[77.6801578,13.019217099999999],[77.6802334,13.0195888],[77.6802944,13.0198392],[77.6803188,13.020077700000002],[77.6803061,13.0201738],[77.680179,13.0201664],[77.680172,13.020007000000001],[77.67949320000001,13.020046],[77.6794838,13.0199535],[77.6791919,13.019971],[77.6791559,13.019764000000002],[77.6791387,13.019543099999998],[77.6793225,13.0195355],[77.6793066,13.019282799999997],[77.679434,13.019286899999999]]]}"
60,5013,5013,Slum Area,61,,2901219018,KOODENAHALLI GONDU THOPU,Non_Notified,Net,Mahadevapura,4.829529981052175,"{""type"":""Polygon"",""coordinates"":[[[77.68122400000001,13.019224900000001],[77.68116250000001,13.0186241],[77.6816091,13.018588400000002],[77.6816221,13.0190617],[77.6821246,13.0190318],[77.682138,13.019161],[77.6814792,13.0192152],[77.6814858,13.019339099999998],[77.681276,13.019366400000001],[77.6812599,13.019223400000001],[77.68122400000001,13.019224900000001]]]}"
61,5013,5013,Slum Area,62,,2901219055,KOODIGEHALLI,Non_Notified,Net,Mahadevapura,1.6541456498351752,"{""type"":""Polygon"",""coordinates"":[[[77.7268094,13.0037607],[77.7272961,13.003824],[77.7275334,13.0039637],[77.727748,13.004262000000004],[77.7277944,13.0044908],[77.7274685,13.0045448],[77.7274993,13.0047463],[77.7269982,13.004821300000001],[77.7269076,13.0044247],[77.726803,13.0039572],[77.7268094,13.0037607]]]}"
62,5013,5013,Slum Area,63,,2901219012,KOTHNUR_COLONY,Non_Notified,Net,Mahadevapura,7.454996954226027,"{""type"":""Polygon"",""coordinates"":[[[77.649218,13.0614384],[77.6495061,13.061447500000003],[77.6496472,13.061547899999999],[77.6496939,13.062135299999998],[77.6495047,13.0621804],[77.6493043,13.0622746],[77.6491763,13.062317599999998],[77.6490324,13.0621117],[77.6489794,13.0619865],[77.6489271,13.0617787],[77.6489095,13.0614413],[77.649218,13.0614384]]]}"
63,5013,5013,Slum Area,64,,2901219065,KUNDALAHALLI COLONY,Non_Notified,Net,Mahadevapura,61.9449821172976,"{""type"":""Polygon"",""coordinates"":[[[77.71298780000001,12.969037899999998],[77.7125613,12.969983399999998],[77.71226690000002,12.9707191],[77.7119298,12.971589600000001],[77.7116876,12.972232],[77.7115415,12.972093999999998],[77.7115382,12.971919500000002],[77.7114378,12.9716986],[77.7107444,12.9703703],[77.7106024,12.9699936],[77.7105748,12.969706800000003],[77.7105412,12.969416800000001],[77.7106433,12.9687701],[77.711925,12.968915],[77.71298780000001,12.969037899999998]]]}"
64,5013,5013,Slum Area,65,,2901219066,LAKSHMINARAYANAPURA,Non_Notified,Net,Mahadevapura,6.66729253133138,"{""type"":""Polygon"",""coordinates"":[[[77.7144797,12.9604252],[77.7141412,12.9603998],[77.7144491,12.9588401],[77.7149782,12.9589794],[77.7148725,12.9594755],[77.7147605,12.959473499999998],[77.7145619,12.9604168],[77.7144797,12.9604252]]]}"
65,5013,5013,Slum Area,66,,2901219022,LAXMANMURTHY NAGAR RAMURTHY NAGAR,Non_Notified,Net,Mahadevapura,18.276925300149358,"{""type"":""Polygon"",""coordinates"":[[[77.675995,13.008464400000001],[77.6759927,13.0085026],[77.6759803,13.008601099999998],[77.6759749,13.008733400000002],[77.6760116,13.008876],[77.6760475,13.008968800000002],[77.676087,13.009102900000002],[77.6761874,13.009345600000001],[77.6763325,13.009646100000001],[77.6764593,13.009913200000003],[77.6765706,13.010230799999999],[77.6766241,13.010388500000003],[77.676752,13.0109014],[77.6769428,13.010889],[77.6769112,13.011049599999998],[77.6766263,13.0110434],[77.6765669,13.0110582],[77.6765131,13.010850500000002],[77.6764685,13.0108568],[77.6764293,13.0106806],[77.6763699,13.0106923],[77.6763251,13.0104711],[77.6761879,13.0105009],[77.6760925,13.0102439],[77.6759558,13.009972],[77.67601,13.009919400000001],[77.6759749,13.009739200000002],[77.6755583,13.0089515],[77.675356,13.0085684],[77.6755403,13.0084425],[77.6759382,13.008260299999998],[77.6759924,13.008436100000004],[77.675995,13.008464400000001]]]}"
66,5013,5013,Slum Area,67,,2901219036,MAHADEVAPURA_BANDE,Non_Notified,Net,Mahadevapura,9.01408863067627,"{""type"":""Polygon"",""coordinates"":[[[77.6872944,12.9929403],[77.6875621,12.993001],[77.6878724,12.992787399999997],[77.6878096,12.992604999999998],[77.6879472,12.9925399],[77.6880398,12.992638099999999],[77.6883353,12.9926501],[77.6887446,12.992455500000002],[77.6888261,12.9925974],[77.6889445,12.9929009],[77.6889805,12.993164200000002],[77.6889742,12.993245],[77.6886255,12.9932061],[77.688423,12.9932207],[77.6883866,12.993020900000001],[77.6880413,12.993100399999998],[77.6880244,12.993027600000001],[77.6877744,12.9931219],[77.6876287,12.993183199999999],[77.68750300000002,12.993076799999999],[77.6873254,12.9930458],[77.687093,12.993134899999998],[77.6870489,12.993056800000002],[77.6872944,12.9929403]]]}"
67,5013,5013,Slum Area,68,,0,MAHADEVAPURA_BANDE,,Net,Mahadevapura,6.3009122736313765,"{""type"":""Polygon"",""coordinates"":[[[77.6911305,12.994880700000001],[77.6913539,12.9948468],[77.6913398,12.9947874],[77.691603,12.994662899999998],[77.6917223,12.994611400000002],[77.6917589,12.9946579],[77.6922767,12.994429],[77.6923121,12.9945126],[77.6918216,12.9947535],[77.6919022,12.994956299999998],[77.6919677,12.9951965],[77.691689,12.9952906],[77.6912464,12.9954424],[77.6911607,12.995027000000002],[77.6911305,12.994880700000001]]]}"
68,5013,5013,Slum Area,69,,2901219072,MANJUNATH NAGAR,Non_Notified,Net,Mahadevapura,5.296688764235553,"{""type"":""Polygon"",""coordinates"":[[[77.6948353,12.9580166],[77.6944929,12.958008000000001],[77.6944743,12.9579972],[77.6943359,12.957786799999997],[77.6942411,12.9576812],[77.6941152,12.957547600000003],[77.6939913,12.9574101],[77.6939648,12.957357600000002],[77.6939496,12.957304000000002],[77.694093,12.9565432],[77.6941906,12.956551499999998],[77.69457120000001,12.956518499999998],[77.6947439,12.957185800000001],[77.6948784,12.957675900000002],[77.6948504,12.957721800000002],[77.6948353,12.9580166]]]}"
69,5013,5013,Slum Area,70,,2901219074,MARATHALLI AK COLONY,Non_Notified,Net,Mahadevapura,34.70833748275159,"{""type"":""Polygon"",""coordinates"":[[[77.6934342,12.953553899999998],[77.6940434,12.953422600000001],[77.6949097,12.9532088],[77.6954667,12.953085399999999],[77.6954737,12.9531039],[77.6954652,12.9537318],[77.6954423,12.954018100000003],[77.6955653,12.9545549],[77.6953777,12.9545609],[77.6953608,12.9545283],[77.6953017,12.9545369],[77.6951107,12.9546105],[77.6946207,12.9547807],[77.69450290000002,12.9547582],[77.694135,12.954763200000002],[77.6937908,12.954793300000002],[77.6938016,12.9541878],[77.69365820000002,12.9538395],[77.6934803,12.9536877],[77.6934342,12.953553899999998]]]}"
70,5013,5013,Slum Area,71,,2901219068,MARUTHI NAGAR,Non_Notified,Net,Mahadevapura,2.988180431665159,"{""type"":""MultiPolygon"",""coordinates"":[[[[77.7048875,12.9586555],[77.704826,12.959036000000001],[77.7047706,12.9594026],[77.7044355,12.959371700000002],[77.7045023,12.9589567],[77.7045396,12.958613500000002],[77.7048875,12.9586555]]],[[[77.7051033,12.9572895],[77.7050906,12.9573696],[77.7050434,12.957683699999999],[77.7046843,12.9576096],[77.704732,12.9574678],[77.7048458,12.957259800000001],[77.7051033,12.9572895]]]]}"
71,5013,5013,Slum Area,72,,2901219048,MUNEKOLALU GANDHI NAGAR,Non_Notified,Net,Mahadevapura,12.626843774084952,"{""type"":""Polygon"",""coordinates"":[[[77.7075955,12.953658899999999],[77.7081336,12.9535725],[77.7081603,12.9538235],[77.7081747,12.954433900000002],[77.7081871,12.954918800000002],[77.7081454,12.954977799999996],[77.7081627,12.9553619],[77.7074403,12.9554117],[77.7075513,12.9545205],[77.7076394,12.953940399999999],[77.7075955,12.953658899999999]]]}"
72,5013,5013,Slum Area,73,,2901219005,MUNESHWAR COLONY RAMURTHY NAGAR,Non_Notified,Net,Mahadevapura,39.881593449910476,"{""type"":""Polygon"",""coordinates"":[[[77.6702274,13.0168978],[77.6702647,13.0171675],[77.6705691,13.0171689],[77.6708808,13.017182000000002],[77.6711676,13.0171175],[77.6713235,13.017068200000002],[77.6714502,13.017115699999996],[77.6716964,13.0171504],[77.6717533,13.0173702],[77.6718152,13.017609200000003],[77.6718429,13.0177139],[77.6719666,13.0180917],[77.6718954,13.018249400000002],[77.672052,13.018336199999998],[77.6727456,13.018781],[77.672354,13.019070399999999],[77.6723348,13.019049899999999],[77.6718395,13.0194119],[77.6716669,13.0191862],[77.6713285,13.018775199999999],[77.6714628,13.018643400000002],[77.6713662,13.018544899999998],[77.6713461,13.0185792],[77.6712557,13.018490400000001],[77.6712442,13.018514100000004],[77.6711338,13.0184393],[77.6711546,13.0183991],[77.6709781,13.0182257],[77.6706555,13.018068199999998],[77.6704714,13.017978400000002],[77.6707144,13.0176115],[77.670407,13.0174579],[77.6700122,13.017248499999999],[77.670028,13.017090800000002],[77.6700071,13.0168493],[77.6700646,13.016827400000002],[77.6700837,13.016889700000002],[77.6702274,13.0168978]]]}"
73,5013,5013,Slum Area,74,,2901219070,MUNESHWAR NAGAR,Non_Notified,Net,Mahadevapura,57.746912980079664,"{""type"":""Polygon"",""coordinates"":[[[77.6963382,12.9710347],[77.6933256,12.9707178],[77.6929432,12.968909400000001],[77.6930294,12.9685801],[77.6931102,12.9672021],[77.6953851,12.966839399999998],[77.6970294,12.967141500000002],[77.6973431,12.968429799999997],[77.6975158,12.9691785],[77.6963382,12.9710347]]]}"
74,5013,5013,Slum Area,75,,2901219013,Nagareshwara_Nagenahalli,Non_Notified,Net,Mahadevapura,2.495423216913261,"{""type"":""Polygon"",""coordinates"":[[[77.6430208,13.070463299999998],[77.6432826,13.070460199999998],[77.6435421,13.070434200000001],[77.64374900000001,13.0704044],[77.6440547,13.070381099999999],[77.6440902,13.0704055],[77.644185,13.070845200000003],[77.6439811,13.070863900000003],[77.6438023,13.0708687],[77.6436055,13.070883199999999],[77.642979,13.0709528],[77.6429683,13.0706981],[77.643021,13.0706981],[77.6430208,13.070463299999998]]]}"
75,0,0,,76,,0,NEKKUNDI AK COLONY,,,Mahadevapura,7.299371358460071,"{""type"":""Polygon"",""coordinates"":[[[77.6947777,12.9720567],[77.69476610000001,12.9717874],[77.6947538,12.9714619],[77.6947475,12.971167700000002],[77.6947462,12.970971500000001],[77.694688,12.9706481],[77.6950038,12.970595000000001],[77.6950718,12.970578699999999],[77.6953186,12.9705284],[77.6953455,12.970655200000001],[77.6954309,12.971057999999998],[77.6954442,12.9711617],[77.6954402,12.9715735],[77.6954212,12.9715751],[77.6954438,12.971817300000001],[77.6954451,12.972045200000002],[77.6947777,12.9720567]]]}"
76,5013,5013,Slum Area,77,,2901219094,NELLUR_PURAM,Notified,Net,Mahadevapura,32.106530419517966,"{""type"":""Polygon"",""coordinates"":[[[77.6656745,12.9671602],[77.6659033,12.967411899999998],[77.6662852,12.967559100000003],[77.6663953,12.9678168],[77.6655243,12.9679413],[77.6655481,12.968115700000004],[77.6651832,12.9681828],[77.6651634,12.968090800000002],[77.6652494,12.968073800000003],[77.6651935,12.9678319],[77.6651547,12.967724299999999],[77.6650319,12.9677654],[77.6650235,12.967740399999999],[77.6647926,12.967780500000002],[77.664929,12.968336900000002],[77.6645223,12.9684342],[77.6643535,12.967786700000001],[77.6642534,12.9678003],[77.6641603,12.9678207],[77.66400090000002,12.9678696],[77.6639475,12.967685899999996],[77.6638726,12.9676921],[77.6636906,12.967739899999998],[77.6636252,12.967523699999997],[77.6635049,12.967551699999998],[77.6634323,12.967335699999998],[77.663718,12.967190400000002],[77.6640707,12.967037099999999],[77.6644957,12.9669767],[77.6648775,12.966897300000001],[77.6652155,12.966695499999998],[77.6654681,12.9665926],[77.6654957,12.9663144],[77.6655181,12.966127799999999],[77.6656826,12.966145799999998],[77.6656702,12.966328899999999],[77.6656745,12.9671602]]]}"
77,5013,5013,Slum Area,78,,2901219098,NELLURALLI,Notified,Net,Mahadevapura,12.137239519755047,"{""type"":""Polygon"",""coordinates"":[[[77.7322473,12.9719609],[77.7317784,12.9701517],[77.7320779,12.969689],[77.7321836,12.969652099999998],[77.7326569,12.9695684],[77.7330011,12.9695777],[77.7333501,12.9696687],[77.7336755,12.9697386],[77.7338179,12.970628400000003],[77.7338518,12.9706239],[77.7338581,12.9706821],[77.7338604,12.9707644],[77.7335964,12.970937399999999],[77.7335459,12.9709627],[77.7335224,12.971049100000004],[77.733497,12.971509399999999],[77.7333345,12.971495099999999],[77.7332175,12.9714522],[77.7322473,12.9719609]]]}"
78,5013,5013,Slum Area,79,,2901219073,ASHWATH NAGAR,Non_Notified,Net,Mahadevapura,87.93526943618176,"{""type"":""Polygon"",""coordinates"":[[[77.7042924,12.958721900000002],[77.7042838,12.958789900000001],[77.7042588,12.958962],[77.7042441,12.959036500000002],[77.7042111,12.9592598],[77.704179,12.959477099999999],[77.7028047,12.9595455],[77.7028072,12.959815700000002],[77.7017124,12.9594687],[77.7017268,12.959399599999998],[77.7016975,12.9591834],[77.7016174,12.9589205],[77.7015983,12.9587176],[77.7015938,12.9577764],[77.7015787,12.957001199999999],[77.7028352,12.9568958],[77.7032293,12.9568976],[77.704362,12.9568788],[77.7043226,12.9573659],[77.7038639,12.9571864],[77.7038943,12.958739900000001],[77.7042924,12.958721900000002]]]}"
79,5013,5013,Slum Area,80,,2901219025,AMBEDKAR_NAGAR_OLD_POLICESTATION,Non_Notified,Net,Mahadevapura,15.449363865571861,"{""type"":""Polygon"",""coordinates"":[[[77.6952275,13.011311900000003],[77.6957391,13.0112317],[77.6958222,13.0114504],[77.6958873,13.011547500000002],[77.6960689,13.011734500000001],[77.696454,13.0120823],[77.6956498,13.012294500000001],[77.6951273,13.012390900000002],[77.6950364,13.0120128],[77.694936,13.011612099999999],[77.6952662,13.011545700000001],[77.6952275,13.011311900000003]]]}"
80,5013,5013,Slum Area,81,,2901219028,PARVATHI_NAGAR,Non_Notified,Net,Mahadevapura,12.960524142957201,"{""type"":""Polygon"",""coordinates"":[[[77.7146976,13.0297149],[77.7147908,13.029652],[77.7151485,13.0300072],[77.7153168,13.030038200000002],[77.7155286,13.0301349],[77.7156668,13.0308927],[77.7159031,13.030875400000001],[77.7159849,13.031563900000002],[77.7160293,13.0317164],[77.7154514,13.0321541],[77.7149003,13.032542900000001],[77.71489020000001,13.032256900000002],[77.7145547,13.032281000000001],[77.71454580000001,13.0305436],[77.7146113,13.030298500000002],[77.7146525,13.029746300000003],[77.7146976,13.0297149]]]}"
81,5013,5013,Slum Area,82,,2901219064,PATTANDURU AGRAHARA,Non_Notified,Net,Mahadevapura,4.65997813355689,"{""type"":""Polygon"",""coordinates"":[[[77.7335869,12.9779169],[77.7337465,12.978021200000002],[77.733892,12.9780802],[77.7338749,12.978256],[77.7337503,12.9787149],[77.7337016,12.9790397],[77.7336327,12.9794288],[77.7331309,12.9794019],[77.7331474,12.9791979],[77.7330947,12.979196800000002],[77.7330941,12.9788838],[77.7331657,12.978877199999998],[77.7330712,12.978483],[77.7331274,12.978477200000002],[77.7331491,12.9781737],[77.7331832,12.9781746],[77.7331951,12.977979600000001],[77.7329689,12.9779587],[77.7329771,12.9778852],[77.7335869,12.9779169]]]}"
82,5013,5013,Slum Area,83,,2901219096,PRIYANKA_NAGAR,Notified,Net,Mahadevapura,17.663117566763184,"{""type"":""Polygon"",""coordinates"":[[[77.7184477,13.0117282],[77.71841890000002,13.011198600000002],[77.7191886,13.0110929],[77.7191574,13.010487500000002],[77.7195372,13.0104215],[77.7195994,13.0107431],[77.7198158,13.010712500000002],[77.7198924,13.0111548],[77.7199276,13.011241900000002],[77.7200341,13.0114994],[77.7201707,13.011862799999996],[77.7203271,13.0122281],[77.720254,13.0128266],[77.7202029,13.0132241],[77.7200737,13.014008500000001],[77.720062,13.0141311],[77.7200543,13.014247500000002],[77.720171,13.014269799999997],[77.7201674,13.014533800000004],[77.7201408,13.015184100000003],[77.7201399,13.015267],[77.719885,13.015249200000001],[77.7196073,13.0152239],[77.7193363,13.0151686],[77.7190572,13.0151164],[77.7187453,13.0150265],[77.7183688,13.0148663],[77.7183808,13.0146948],[77.719046,13.0147432],[77.7193172,13.014758199999998],[77.7195668,13.0147693],[77.7195819,13.0144472],[77.719714,13.0144519],[77.7197524,13.0140006],[77.7195495,13.013985],[77.7195427,13.013903800000001],[77.71938780000002,13.013890600000002],[77.7192201,13.012864900000002],[77.7193531,13.012836399999998],[77.7192745,13.0123562],[77.7192587,13.012173500000001],[77.7184827,13.0122218],[77.7182341,13.012240800000002],[77.7176988,13.0122339],[77.717706,13.0117633],[77.7184477,13.0117282]]]}"
83,5013,5013,Slum Area,84,,2901219097,RAJEEV_GANDHI_NAGAR,Notified,Net,Mahadevapura,7.229274914311428,"{""type"":""Polygon"",""coordinates"":[[[77.6959737,13.0042784],[77.6962669,13.0048443],[77.6963099,13.0049243],[77.6961413,13.0050158],[77.6960953,13.0050274],[77.6958734,13.0051211],[77.6955876,13.005319],[77.6952666,13.0046664],[77.695515,13.004643300000001],[77.6959737,13.0042784]]]}"
84,5013,5013,Slum Area,85,,2901219032,RAJEEVGANDHI_NAGAR_WARD_NO65_DEVASANDRA,Non_Notified,Net,Mahadevapura,4.7881745992922315,"{""type"":""Polygon"",""coordinates"":[[[77.70009630000001,13.003144300000002],[77.700138,13.0031164],[77.7001043,13.0030864],[77.700124,13.003047999999996],[77.700182,13.003040900000002],[77.7002069,13.002999000000003],[77.7002993,13.0029714],[77.7003299,13.002872899999998],[77.7003505,13.002780600000001],[77.700324,13.002676499999998],[77.7002703,13.002644800000002],[77.7000655,13.002787499999998],[77.6999576,13.0028472],[77.6998787,13.002857700000002],[77.6998719,13.002648800000001],[77.7001997,13.002564],[77.7001916,13.002517299999997],[77.7006842,13.0024412],[77.7007139,13.0025723],[77.7006263,13.0028155],[77.7005807,13.0030397],[77.7005605,13.0034211],[77.700277,13.0034323],[77.7002754,13.0033743],[77.7002559,13.0032628],[77.7002282,13.0031628],[77.7001162,13.003191200000002],[77.70009630000001,13.003144300000002]]]}"
85,5013,5013,Slum Area,86,,2901219090,REDDY_PALYA,Non_Notified,Net,Mahadevapura,8.199926273495544,"{""type"":""Polygon"",""coordinates"":[[[77.6654235,12.965295599999996],[77.6655632,12.965204000000002],[77.6657308,12.965106000000004],[77.66603430000002,12.9649383],[77.6659948,12.9647804],[77.6663939,12.9648833],[77.6664554,12.9648891],[77.666824,12.9647743],[77.6670681,12.964714799999998],[77.6671966,12.965218500000002],[77.6672989,12.965636799999999],[77.6671473,12.9657396],[77.6669915,12.965758299999996],[77.6669621,12.9657303],[77.6667352,12.965745299999998],[77.666532,12.9658075],[77.6666277,12.966087200000002],[77.6661454,12.9661808],[77.6660718,12.966126300000003],[77.6660272,12.9660153],[77.666008,12.965887599999999],[77.6659002,12.965928599999996],[77.6657834,12.9660046],[77.6656676,12.9660376],[77.6655202,12.965929899999999],[77.665669,12.9657555],[77.6654235,12.965295599999996]]]}"
86,5013,5013,Slum Area,87,,2901219090,REDDY_PALYA,Non_Notified,Net,Mahadevapura,8.199926273495544,"{""type"":""Polygon"",""coordinates"":[[[77.6654235,12.965295599999996],[77.6655632,12.965204000000002],[77.6657308,12.965106000000004],[77.66603430000002,12.9649383],[77.6659948,12.9647804],[77.6663939,12.9648833],[77.6664554,12.9648891],[77.666824,12.9647743],[77.6670681,12.964714799999998],[77.6671966,12.965218500000002],[77.6672989,12.965636799999999],[77.6671473,12.9657396],[77.6669915,12.965758299999996],[77.6669621,12.9657303],[77.6667352,12.965745299999998],[77.666532,12.9658075],[77.6666277,12.966087200000002],[77.6661454,12.9661808],[77.6660718,12.966126300000003],[77.6660272,12.9660153],[77.666008,12.965887599999999],[77.6659002,12.965928599999996],[77.6657834,12.9660046],[77.6656676,12.9660376],[77.6655202,12.965929899999999],[77.665669,12.9657555],[77.6654235,12.965295599999996]]]}"
87,5013,5013,Slum Area,88,,2901219071,SANJAY NAGAR_2,Non_Notified,Net,Mahadevapura,5.7727265769360105,"{""type"":""Polygon"",""coordinates"":[[[77.6947527,13.0037202],[77.6946368,13.003722400000001],[77.6942623,13.0038143],[77.6939947,13.003832400000002],[77.693691,13.003929000000001],[77.6933304,13.0040143],[77.6929832,13.004087799999997],[77.69283800000001,13.0041874],[77.6927658,13.004183300000001],[77.6928056,13.003624300000002],[77.6932509,13.003547600000001],[77.6935824,13.003468899999998],[77.6937504,13.0034387],[77.6943645,13.003378900000001],[77.6947406,13.0033055],[77.6947199,13.003409400000002],[77.6947527,13.0037202]]]}"
88,5013,5013,Slum Area,89,,2901219071,SANJAY NAGAR_1,Non_Notified,Net,Mahadevapura,18.34420565997853,"{""type"":""Polygon"",""coordinates"":[[[77.6951957,12.9576495],[77.6957859,12.9575256],[77.6967775,12.957218699999999],[77.6975121,12.9569691],[77.6975036,12.9568495],[77.6977704,12.956886599999999],[77.6977833,12.957065800000002],[77.6978994,12.958681400000001],[77.6977396,12.9587031],[77.697571,12.9587253],[77.6974533,12.958740099999998],[77.6973128,12.958759299999999],[77.6971539,12.958780400000002],[77.69699600000001,12.958801900000001],[77.6967967,12.9588285],[77.6966524,12.958846699999999],[77.6965031,12.9588672],[77.69640850000002,12.958879100000003],[77.6963144,12.958226299999998],[77.6962118,12.958234700000002],[77.6961856,12.9582379],[77.6960104,12.958260399999999],[77.695988,12.9582509],[77.6956393,12.9581935],[77.6955779,12.9581753],[77.6955482,12.9581134],[77.6954454,12.958087099999997],[77.6951778,12.958042199999998],[77.6950237,12.958027900000001],[77.6950128,12.957649200000002],[77.6951957,12.9576495]]]}"
89,5013,5013,Slum Area,90,,2901219039,SHANKARAPURA_COLONY,Non_Notified,Net,Mahadevapura,19.278554725646973,"{""type"":""Polygon"",""coordinates"":[[[77.7684709,12.995989700000003],[77.7684697,12.9954072],[77.7691047,12.995404200000001],[77.7697215,12.9954086],[77.76971290000002,12.9955759],[77.7697155,12.9957228],[77.7697165,12.995879000000004],[77.7697272,12.995977299999998],[77.7691588,12.995999],[77.7684709,12.995989700000003]]]}"
90,5013,5013,Slum Area,91,,2901219054,SHANTHI_NAGAR,Non_Notified,Net,Mahadevapura,2.470077215456495,"{""type"":""Polygon"",""coordinates"":[[[77.7182507,12.9965019],[77.7191001,12.9962527],[77.7193417,12.996798100000001],[77.7184364,12.9970371],[77.7182507,12.9965019]]]}"
91,5013,5013,Slum Area,92,,0,SHIVALAYA,,Net,Mahadevapura,6.559666674744849,"{""type"":""Polygon"",""coordinates"":[[[77.668654,13.061304300000002],[77.6685591,13.0599803],[77.6702931,13.059915200000002],[77.6703219,13.059955699999996],[77.6700361,13.0603867],[77.6699559,13.0606046],[77.6699366,13.0608275],[77.6699724,13.061258],[77.668654,13.061304300000002]]]}"
92,5013,5013,Slum Area,93,,2901219092,SHIVASHAKTI_COLONY,Non_Notified,Net,Mahadevapura,4.749521715500776,"{""type"":""Polygon"",""coordinates"":[[[77.6776804,12.9651259],[77.6776047,12.965105600000001],[77.6775339,12.9650332],[77.677483,12.964826],[77.6774606,12.964678499999998],[77.6777214,12.9647781],[77.678287,12.965052100000003],[77.6784775,12.965150699999997],[77.6785409,12.9655689],[77.6786116,12.9659619],[77.6786567,12.966371199999998],[77.6782263,12.966430799999998],[77.6780047,12.9664436],[77.6780541,12.9659785],[77.6780839,12.965681499999999],[77.6780773,12.965619799999999],[77.678015,12.965470700000001],[77.6779824,12.965465299999998],[77.6778757,12.9652487],[77.6776804,12.9651259]]]}"
93,5013,5013,Slum Area,94,,2901219037,SINGAYYANA_PALYA,Non_Notified,Net,Mahadevapura,10.77843521903543,"{""type"":""Polygon"",""coordinates"":[[[77.692764,12.9976758],[77.6927347,12.997395200000001],[77.6931115,12.9974058],[77.6931679,12.997461300000001],[77.6933839,12.9974773],[77.6939425,12.997560899999998],[77.6940286,12.997549600000003],[77.6940875,12.9975271],[77.6941723,12.9978181],[77.6941921,12.9979827],[77.6941936,12.998131899999999],[77.693822,12.998107800000001],[77.6935932,12.9980957],[77.6933585,12.9980991],[77.6928035,12.9981337],[77.692764,12.9976758]]]}"
94,5013,5013,Slum Area,95,,2901219030,SWATHANTRA_NAGAR,Non_Notified,Net,Mahadevapura,13.289249001297295,"{""type"":""Polygon"",""coordinates"":[[[77.7112855,13.007135999999997],[77.711782,13.006963300000002],[77.7118501,13.0072353],[77.7119523,13.007218600000002],[77.7120023,13.0074777],[77.7118753,13.0075273],[77.7119286,13.007808400000002],[77.7124013,13.007738399999997],[77.7124287,13.0079169],[77.7119905,13.0080864],[77.7111834,13.008383300000002],[77.7110013,13.0078746],[77.710888,13.007575800000001],[77.7108006,13.0073232],[77.7112855,13.007135999999997]]]}"
95,5013,5013,Slum Area,96,,2901219024,ANANDAPURA_TCPALYA,Non_Notified,Net,Mahadevapura,6.452614577611287,"{""type"":""Polygon"",""coordinates"":[[[77.6932158,13.0221073],[77.6932067,13.0227801],[77.6932031,13.0232308],[77.6925677,13.023165599999999],[77.69211950000002,13.023129],[77.6921105,13.0232617],[77.6913053,13.0231701],[77.6912875,13.0232363],[77.69105380000002,13.023142799999999],[77.6907146,13.023068800000003],[77.690725,13.0230168],[77.69077890000001,13.023025800000001],[77.6909378,13.0230619],[77.6909654,13.022914199999999],[77.6909838,13.022516600000001],[77.691249,13.0225046],[77.6915983,13.0225074],[77.6920849,13.022535599999998],[77.6923806,13.022540400000002],[77.6927152,13.022549700000003],[77.6930008,13.0225525],[77.6929935,13.022427000000002],[77.6930373,13.022185600000002],[77.6930989,13.022137900000002],[77.6932158,13.0221073]]]}"
96,5013,5013,Slum Area,97,,2901219052,THIGALARA_PALYA,Non_Notified,Net,Mahadevapura,4.549694505392336,"{""type"":""Polygon"",""coordinates"":[[[77.721526,12.9953905],[77.721629,12.9949848],[77.7215891,12.9943276],[77.7224599,12.9941698],[77.7226919,12.9952365],[77.7225222,12.995245599999999],[77.7221391,12.995298300000002],[77.721526,12.9953905]]]}"
97,5013,5013,Slum Area,98,,2901219049,VARTHUR VENKATAGIRIYAPPA COLONY,Non_Notified,Net,Mahadevapura,8.534597647423837,"{""type"":""Polygon"",""coordinates"":[[[77.7453205,12.9386213],[77.7453474,12.9385783],[77.7455671,12.9385281],[77.7458459,12.938500100000002],[77.74621320000001,12.9384704],[77.746457,12.938454899999998],[77.7468628,12.93849],[77.7470344,12.938503699999998],[77.7471511,12.9385304],[77.7472927,12.938736999999998],[77.7473391,12.938884899999998],[77.7472069,12.9388965],[77.7470568,12.9389036],[77.7466929,12.938852400000002],[77.7467045,12.938749200000002],[77.7464775,12.938754399999999],[77.7460171,12.9388334],[77.7459944,12.938781],[77.7453638,12.938901100000002],[77.7453205,12.9386213]]]}"
98,5013,5013,Slum Area,99,,2901219091,VIBHUTHIPURA,Non_Notified,Net,Mahadevapura,16.765533890443688,"{""type"":""Polygon"",""coordinates"":[[[77.6772931,12.963573800000002],[77.6773502,12.9638862],[77.6773817,12.9640923],[77.677384,12.9643187],[77.6774055,12.9646183],[77.6770519,12.964668600000001],[77.6766397,12.964743000000002],[77.6762892,12.9647936],[77.6760968,12.9640222],[77.6761395,12.9640073],[77.67608,12.9637959],[77.6766233,12.963654500000002],[77.6766894,12.963626299999996],[77.6768307,12.9636089],[77.6768267,12.9635675],[77.6770771,12.9636004],[77.6772931,12.963573800000002]]]}"
99,5013,5013,Slum Area,100,,2901219045,VIJAYA NAGAR,Non_Notified,Net,Mahadevapura,42.19867378823897,"{""type"":""Polygon"",""coordinates"":[[[77.756715,12.974742600000003],[77.7567298,12.9752277],[77.7566838,12.975726500000002],[77.7567318,12.975788399999999],[77.7569214,12.9762336],[77.7570494,12.9766955],[77.7567502,12.9766919],[77.7562738,12.9766788],[77.7553125,12.976763600000002],[77.7551466,12.976359499999997],[77.7546745,12.975404],[77.7543856,12.974868299999999],[77.7543091,12.9748532],[77.7541031,12.974524100000002],[77.7539038,12.974131399999997],[77.7538305,12.974067100000003],[77.7537575,12.9737614],[77.7535564,12.972956200000004],[77.7546189,12.9727166],[77.755687,12.9724766],[77.7565992,12.9722466],[77.7566343,12.9724452],[77.7567423,12.9729032],[77.7569699,12.9735245],[77.7561436,12.9738752],[77.7564836,12.9745833],[77.756591,12.9745364],[77.756715,12.974742600000003]]]}"
100,5013,5013,Slum Area,101,,2901219021,VIJINAPUR_AMBEDKAR_NAGAR,Non_Notified,Net,Mahadevapura,94.00029434503293,"{""type"":""Polygon"",""coordinates"":[[[77.67000340000001,13.0036929],[77.6705385,13.003607400000002],[77.6707998,13.003564800000001],[77.6709747,13.0035534],[77.6712101,13.003575000000001],[77.6711945,13.003659700000002],[77.671782,13.0037984],[77.6720472,13.003889899999999],[77.672755,13.0041629],[77.6733187,13.0042787],[77.6732661,13.004506699999999],[77.673151,13.004474499999999],[77.6730235,13.0044988],[77.6727642,13.0046005],[77.6726434,13.004729599999997],[77.6726048,13.0048109],[77.672506,13.0049745],[77.6723639,13.005168099999999],[77.6721383,13.0055699],[77.6720977,13.0056343],[77.6720417,13.005877300000002],[77.6719868,13.005870000000002],[77.6719282,13.006171600000002],[77.671897,13.006219800000002],[77.6719883,13.006552200000002],[77.6719782,13.006822400000003],[77.6717774,13.006809200000001],[77.671524,13.0068166],[77.6713569,13.006836399999997],[77.6711376,13.0068474],[77.67092890000002,13.0068419],[77.6706236,13.006851299999996],[77.6706151,13.0063456],[77.6706375,13.006004999999998],[77.6706775,13.0057869],[77.6705547,13.0053811],[77.6703968,13.004976600000003],[77.6701942,13.0046808],[77.6700771,13.004147500000002],[77.67000340000001,13.0036929]]]}"
101,5013,5013,Slum Area,102,,2901219086,VIJINAPUR_KOTTHUR_COLONY,Non_Notified,Net,Mahadevapura,17.273690197514554,"{""type"":""Polygon"",""coordinates"":[[[77.669966,12.9987526],[77.6706956,12.9987431],[77.6707604,12.9993905],[77.6707983,13.0000294],[77.6699413,12.9999365],[77.6698713,12.999724099999998],[77.669966,12.9987526]]]}"
102,5013,5013,Slum Area,103,,2901219023,"Vijinapura Kothnur Colony
",Non_Notified,Net,Mahadevapura,25.1832306693582,"{""type"":""Polygon"",""coordinates"":[[[77.6737571,13.0029083],[77.6737602,13.003440800000002],[77.6731402,13.003402199999998],[77.6726224,13.0033074],[77.6717103,13.0032585],[77.6713272,13.0031475],[77.6713823,13.0029129],[77.6715113,13.0025512],[77.6725743,13.002546699999998],[77.6737218,13.0024025],[77.6737571,13.0029083]]]}"
103,5013,5013,Slum Area,104,,2901219006,YARAYYANA PALYA.,Non_Notified,Net,Mahadevapura,28.15721873115091,"{""type"":""Polygon"",""coordinates"":[[[77.6730724,13.0132468],[77.6730435,13.013678000000002],[77.6730666,13.0139803],[77.6731421,13.014657900000001],[77.6728755,13.014740500000002],[77.6723946,13.0149325],[77.672228,13.014982],[77.6721766,13.0146222],[77.6721547,13.0144349],[77.6719892,13.0145327],[77.6719232,13.013656300000003],[77.6719477,13.0136549],[77.671938,13.013302],[77.6727042,13.013256300000002],[77.6730724,13.0132468]]]}"
104,5013,5013,Slum Area,105,0.27621427,,AD_COLONY_CHOWDESHWARI_WARD,,net,Yelahanka,68.9354856004902,"{""type"":""Polygon"",""coordinates"":[[[77.5959607,13.103452999999998],[77.5965426,13.103455300000002],[77.5965412,13.103582200000002],[77.5962249,13.1036062],[77.5961371,13.103618199999998],[77.5961235,13.103639200000002],[77.595943,13.103649500000001],[77.5956297,13.103676300000002],[77.595638,13.103736699999999],[77.5954387,13.103784400000002],[77.5953525,13.103526900000002],[77.595622,13.103444700000002],[77.5959607,13.103452999999998]]]}"
105,5013,5013,Slum Area,106,0.91254312,2901221023,AD_COLONY_KODIGEHALLI_WARD,Non-Notified,net,Yelahanka,163.34215716193702,"{""type"":""Polygon"",""coordinates"":[[[77.5768437,13.0583706],[77.5768659,13.058884200000001],[77.5767461,13.0592711],[77.5764931,13.0592612],[77.5764148,13.0589818],[77.5762318,13.0585724],[77.5762092,13.0584184],[77.5761368,13.058124700000002],[77.5760503,13.0579799],[77.576036,13.0579274],[77.5762595,13.057858100000002],[77.5763135,13.0578893],[77.5765625,13.057923600000002],[77.5767596,13.057905],[77.5768437,13.0583706]]]}"
106,5013,5013,Slum Area,107,1.1087625,2901221001,AGRAHARA_LAYOUT,Non-Notified,net,Yelahanka,141.18304925058402,"{""type"":""Polygon"",""coordinates"":[[[77.6189457,13.091260899999996],[77.6189603,13.0915224],[77.61940580000001,13.0915441],[77.6193434,13.0919686],[77.6194875,13.0920949],[77.6195627,13.0923581],[77.6198475,13.093408599999998],[77.6198062,13.093419799999998],[77.6197154,13.093426199999998],[77.6195424,13.092835000000001],[77.6193826,13.0921289],[77.619296,13.0919665],[77.6187571,13.091926699999998],[77.6184113,13.0919],[77.6183247,13.091880600000001],[77.6179106,13.0914529],[77.6179884,13.0914049],[77.6179948,13.091314500000001],[77.61853980000001,13.091261200000002],[77.6189457,13.091260899999996]]]}"
107,5013,5013,Slum Area,108,0.88695455,2901221045,AD_COLONY_TINDLU_VIDYARANYAPURA_WARD,Non-Notified,net,Yelahanka,99.6580649282418,"{""type"":""Polygon"",""coordinates"":[[[77.5670838,13.074665899999998],[77.5672036,13.075118000000002],[77.56726270000001,13.075124700000002],[77.5672866,13.075227900000002],[77.5665045,13.075301500000002],[77.5659109,13.075285],[77.5658397,13.0748383],[77.5666086,13.074666799999997],[77.5669106,13.0746555],[77.5670838,13.074665899999998]]]}"
108,5013,5013,Slum Area,109,0.41771454,2901221009,AK_COLONY_BELLAHALLI,Non-Notified,net,Yelahanka,41.957766544117646,"{""type"":""Polygon"",""coordinates"":[[[77.6422556,13.099298200000003],[77.64264550000001,13.0993345],[77.64263,13.0994399],[77.64258160000001,13.0995756],[77.6423988,13.099916],[77.6422948,13.100109400000001],[77.6421846,13.1001267],[77.6420782,13.0997617],[77.6419619,13.099348299999999],[77.6422216,13.099266000000002],[77.6422556,13.099298200000003]]]}"
109,5013,5013,Slum Area,110,0.39646354,2901221011,AK_COLONY_BYATARAYANAPURA,Non-Notified,net,Yelahanka,167.13546262254903,"{""type"":""Polygon"",""coordinates"":[[[77.5929402,13.0665169],[77.5925822,13.0666106],[77.5921641,13.066662999999998],[77.59212,13.0662446],[77.5924154,13.066200799999999],[77.5929708,13.0661692],[77.5929402,13.0665169]]]}"
110,5013,5013,Slum Area,111,0.72712928,2901221017,AK_COLONY_DODDABOMMASANDRA,Non-Notified,net,Yelahanka,260.72426015816484,"{""type"":""Polygon"",""coordinates"":[[[77.5597583,13.059805299999999],[77.5597811,13.0599802],[77.5598487,13.060389300000002],[77.5595336,13.060423600000002],[77.55940120000001,13.060446299999999],[77.5594041,13.0605151],[77.5589043,13.060561],[77.5588798,13.060293600000001],[77.55885510000002,13.0600724],[77.55887760000002,13.0600618],[77.559112,13.0599508],[77.5592777,13.059784500000001],[77.5592798,13.059736899999999],[77.5593382,13.0596692],[77.5597583,13.059805299999999]]]}"
111,5013,5013,Slum Area,112,1.76820171,2901221019,AK_COLONY_JAKKUR,Non-Notified,net,Yelahanka,260.9464259128944,"{""type"":""Polygon"",""coordinates"":[[[77.6083474,13.077567900000002],[77.6082019,13.0776306],[77.6077443,13.0777106],[77.607642,13.0772886],[77.6072178,13.0773685],[77.6068369,13.0761545],[77.6076906,13.075946200000002],[77.6080395,13.076783399999998],[77.6083474,13.077567900000002]]]}"
112,5013,5013,Slum Area,113,0.65891135,,AK_COLONY_KEMPEGOWDA_NAGAR_WARD,,net,Yelahanka,228.8530859853707,"{""type"":""Polygon"",""coordinates"":[[[77.5944085,13.1016731],[77.5945005,13.101817200000001],[77.594409,13.1018581],[77.5941248,13.102023799999998],[77.5941875,13.1022437],[77.59332300000001,13.101998499999999],[77.5934899,13.1016337],[77.5942635,13.101452299999998],[77.59436060000002,13.1014232],[77.5944085,13.1016731]]]}"
113,5013,5013,Slum Area,114,0.77446586,2901221024,AK_COLONY_KODIGEHALLI_WARD,Non-Notified,net,Yelahanka,167.20267597273283,"{""type"":""Polygon"",""coordinates"":[[[77.5747696,13.06004],[77.5746424,13.0600504],[77.5746404,13.060031900000002],[77.5746176,13.0598428],[77.5737355,13.0600065],[77.57362770000002,13.060026899999999],[77.5734746,13.059319800000003],[77.5734969,13.059238700000002],[77.5736975,13.0592713],[77.5742641,13.059508400000002],[77.5746752,13.059443500000004],[77.574732,13.059719399999999],[77.5747696,13.06004]]]}"
114,5013,5013,Slum Area,115,0.50703764,2901221035,AK_COLONY_NAGAVARA,Non-Notified,net,Yelahanka,237.14736615349267,"{""type"":""Polygon"",""coordinates"":[[[77.6236461,13.038938],[77.6237372,13.039163800000003],[77.6238671,13.039387699999999],[77.623772,13.039445600000002],[77.6232573,13.039448599999998],[77.6230282,13.039411499999998],[77.6230911,13.0389275],[77.6231663,13.03879],[77.6233727,13.0388086],[77.6236117,13.038788700000001],[77.6236461,13.038938]]]}"
115,5013,5013,Slum Area,116,0.58482116,,AK_COLONY_RAMACHANDRAPURA,,net,Yelahanka,89.5849043303845,"{""type"":""Polygon"",""coordinates"":[[[77.5526512,13.0640165],[77.5525092,13.0640621],[77.5526271,13.0643584],[77.5524822,13.064411],[77.5523667,13.064464600000003],[77.552299,13.064506],[77.5519627,13.064621399999998],[77.5517522,13.064097000000002],[77.552001,13.0640198],[77.5522091,13.063845399999998],[77.5525076,13.063636600000002],[77.5526512,13.0640165]]]}"
116,5013,5013,Slum Area,117,1.61755729,2901221046,AK_COLONY_TINDLU_VIDYARANYAPURA_WARD,Non-Notified,net,Yelahanka,215.8163793825636,"{""type"":""Polygon"",""coordinates"":[[[77.5700947,13.0746481],[77.5700613,13.074685799999997],[77.5696436,13.074793800000002],[77.5686383,13.0750412],[77.5680915,13.075167300000002],[77.5676794,13.0753248],[77.5675377,13.074902],[77.5674384,13.0747227],[77.56764730000002,13.074710100000003],[77.5683608,13.074588799999999],[77.5688765,13.074458500000002],[77.5688681,13.074343800000001],[77.5690258,13.0743206],[77.5691871,13.0743287],[77.5701414,13.074301000000002],[77.5700947,13.0746481]]]}"
117,5013,5013,Slum Area,118,2.07821536,2901221004,AKCOLONY_AMRUTHAHALLI,Non-Notified,net,Yelahanka,432.4449234906365,"{""type"":""Polygon"",""coordinates"":[[[77.6005316,13.0637868],[77.6005492,13.0638611],[77.6007059,13.0638629],[77.6008434,13.0644761],[77.6008825,13.064847],[77.600908,13.065079699999998],[77.60092410000001,13.0653852],[77.6009461,13.065636799999998],[77.6003136,13.0657058],[77.6000855,13.0651999],[77.59994600000002,13.0651164],[77.5998825,13.0650392],[77.5998036,13.0648109],[77.599845,13.0643629],[77.5999103,13.064216099999998],[77.599861,13.064118700000002],[77.5997891,13.064049699999998],[77.5997556,13.0639301],[77.5997431,13.0637775],[77.6005316,13.0637868]]]}"
118,5013,5013,Slum Area,119,1.53392184,,AMBEDKAR_NAGAR_JAKKUR_WARD,,net,Yelahanka,121.60813048119638,"{""type"":""Polygon"",""coordinates"":[[[77.6277539,13.1219973],[77.6279627,13.122001599999999],[77.6279816,13.1223948],[77.6280159,13.1229109],[77.6281118,13.1240717],[77.6279491,13.1240764],[77.6279063,13.1237115],[77.62782670000001,13.1236513],[77.6275024,13.1236194],[77.6272797,13.1234832],[77.6272653,13.121972],[77.6277539,13.1219973]]]}"
119,5013,5013,Slum Area,120,1.00656569,2901221050,AMBEDKAR_NAGAR_YELAHANKA_SATELLITE_TOWN_WARD,Notified,net,Yelahanka,156.05405602548637,"{""type"":""Polygon"",""coordinates"":[[[77.5862769,13.092308199999998],[77.5859031,13.09237],[77.5854221,13.0924612],[77.5847525,13.092584899999999],[77.5848016,13.092813400000002],[77.5840668,13.0929769],[77.58391600000002,13.092321099999998],[77.5841271,13.0922551],[77.5842179,13.092300800000002],[77.5846824,13.092265399999999],[77.5850027,13.0922276],[77.5853972,13.0922272],[77.5855043,13.0922173],[77.5857224,13.0922166],[77.5859872,13.092182600000001],[77.5862879,13.0921669],[77.5862769,13.092308199999998]]]}"
120,5013,5013,Slum Area,121,1.85898483,2901221005,ATTUR_VILLAGE,Non-Notified,net,Yelahanka,217.2977913052428,"{""type"":""Polygon"",""coordinates"":[[[77.5657604,13.107730000000002],[77.5657821,13.107929800000003],[77.56576620000001,13.108240399999998],[77.5656811,13.108247200000001],[77.5656859,13.108096300000001],[77.5656694,13.1079654],[77.5655825,13.107631000000001],[77.56446740000001,13.107697],[77.5643641,13.1076534],[77.5639548,13.107649400000001],[77.5638899,13.107658700000002],[77.5638146,13.107262300000002],[77.5638149,13.107185500000002],[77.56392890000001,13.1071373],[77.5640087,13.107132600000003],[77.5640013,13.1070243],[77.56410050000001,13.1070271],[77.5643563,13.107084699999998],[77.5645256,13.107061],[77.5645296,13.1069171],[77.5650291,13.106878199999999],[77.5652062,13.106817499999998],[77.56597720000002,13.1068263],[77.5659274,13.107302300000002],[77.5656982,13.107423100000002],[77.5657604,13.107730000000002]]]}"
121,5013,5013,Slum Area,122,0.70637375,2901221008,BB_NAGAR,Non-Notified,net,Yelahanka,79.48378155278226,"{""type"":""Polygon"",""coordinates"":[[[77.5804642,13.058877200000001],[77.58006460000001,13.0589747],[77.5798577,13.059026800000002],[77.579665,13.059075400000001],[77.5795943,13.058872700000002],[77.5796265,13.0588303],[77.5798038,13.058769],[77.5800445,13.0586459],[77.5800771,13.0586293],[77.5803196,13.058504],[77.5808524,13.0581426],[77.5808722,13.0581651],[77.5809777,13.0584504],[77.581074,13.0588025],[77.5808794,13.058829300000001],[77.5808666,13.0587936],[77.5804642,13.058877200000001]]]}"
122,5013,5013,Slum Area,123,2.11350584,2901221010,BESTHAR_BEEDI,Non-Notified,net,Yelahanka,572.3963606292126,"{""type"":""Polygon"",""coordinates"":[[[77.5947458,13.1043165],[77.5942717,13.1042825],[77.5937665,13.1042581],[77.5932485,13.1042623],[77.593267,13.103986099999998],[77.5932849,13.1037851],[77.5934982,13.103830400000003],[77.5936231,13.103371800000001],[77.5936966,13.1032568],[77.5938642,13.1028194],[77.5939541,13.1028106],[77.5942679,13.102867000000002],[77.5943728,13.102801900000001],[77.5947544,13.102814800000003],[77.5947458,13.1043165]]]}"
123,5013,5013,Slum Area,124,1.04466164,2901221012,CHIKKABOMMASANDRA,Non-Notified,net,Yelahanka,108.13456073835785,"{""type"":""Polygon"",""coordinates"":[[[77.5815894,13.0892877],[77.5815371,13.089965],[77.5814251,13.090041399999999],[77.5814356,13.090137],[77.580873,13.090262899999999],[77.5805394,13.0892952],[77.581481,13.0890845],[77.5815894,13.0892877]]]}"
124,5013,5013,Slum Area,125,2.32827902,2901221013,CHOKKANAHALLI,Non-Notified,net,Yelahanka,344.0444623760149,"{""type"":""Polygon"",""coordinates"":[[[77.6272095,13.0853287],[77.6261174,13.0855136],[77.6258417,13.0855575],[77.6257795,13.0850399],[77.6258348,13.0850306],[77.6258271,13.084952400000002],[77.6258277,13.084887099999998],[77.6257535,13.084542699999998],[77.6257536,13.084457999999996],[77.6255358,13.084476800000003],[77.62551,13.084344600000001],[77.625478,13.084176599999997],[77.6257231,13.084142200000002],[77.6259187,13.084025699999998],[77.626291,13.084407700000002],[77.6263853,13.0844697],[77.6266209,13.0843867],[77.6266078,13.084257100000002],[77.6269293,13.084223300000001],[77.6269705,13.084491000000002],[77.6275883,13.084501200000002],[77.6277402,13.0845542],[77.6276759,13.084813699999998],[77.6276893,13.0849318],[77.627583,13.0849366],[77.6273633,13.084935099999996],[77.6272095,13.0853287]]]}"
125,5013,5013,Slum Area,126,0.36697608,2901221014,DASARAHALLI,Non-Notified,net,Yelahanka,1.1182916828230316,"{""type"":""Polygon"",""coordinates"":[[[77.611557,13.058716799999997],[77.6112302,13.058645000000002],[77.6112408,13.0579412],[77.6113682,13.057946300000003],[77.6113805,13.057727600000002],[77.6116185,13.057745899999999],[77.611557,13.058716799999997]]]}"
126,5013,5013,Slum Area,127,1.6184833,2901221018,DWARAKA_NAGARA,Non-Notified,net,Yelahanka,432.53962222828585,"{""type"":""Polygon"",""coordinates"":[[[77.6176827,13.1212755],[77.6181468,13.1213351],[77.618146,13.121760000000002],[77.6182069,13.123663800000001],[77.6179778,13.1236746],[77.6179166,13.1234361],[77.61777630000002,13.1228993],[77.6176281,13.122419500000001],[77.6173738,13.121835999999998],[77.6172796,13.1215521],[77.6171778,13.121176800000002],[77.6176827,13.1212755]]]}"
127,5013,5013,Slum Area,128,0.68195081,2901221020,JAKKURU_LAYOUT,Non-Notified,net,Yelahanka,115.68030694699756,"{""type"":""Polygon"",""coordinates"":[[[77.6018276,13.0707029],[77.6018842,13.0711087],[77.60151400000001,13.071215300000002],[77.601558,13.0710222],[77.6014754,13.070480099999997],[77.6015808,13.070018100000002],[77.6016938,13.0697321],[77.601677,13.0696096],[77.6020495,13.0694301],[77.6018276,13.0707029]]]}"
128,5013,5013,Slum Area,129,0.73607564,2901221021,JANATHA_COLONY_KEMPAPUR,Non-Notified,net,Yelahanka,194.3846659342448,"{""type"":""Polygon"",""coordinates"":[[[77.6010377,13.048287800000002],[77.6011313,13.048755599999998],[77.6008309,13.0488087],[77.6005888,13.0488402],[77.6004833,13.048842100000002],[77.6003797,13.048145],[77.6002881,13.048132300000002],[77.60027030000002,13.047955],[77.6006747,13.047892600000003],[77.6010216,13.047853699999997],[77.6010377,13.048287800000002]]]}"
129,5013,5013,Slum Area,130,0.60802758,2901221052,JAYAPRAKASH_NARAYAN_COLONY,Non-Notified,net,Yelahanka,160.9069413727405,"{""type"":""Polygon"",""coordinates"":[[[77.5882157,13.104161600000001],[77.5889724,13.104253],[77.5896269,13.1043604],[77.5899675,13.104521099999998],[77.5903088,13.104682400000002],[77.5903252,13.1048058],[77.5901696,13.1048609],[77.5901208,13.104843400000002],[77.5901049,13.1048257],[77.5899162,13.1047154],[77.5897109,13.104690299999998],[77.5893921,13.104624600000001],[77.5890697,13.104518400000002],[77.5888621,13.104466],[77.5886367,13.1044069],[77.5883462,13.104315],[77.5883269,13.1042572],[77.5878326,13.104158900000002],[77.5877306,13.104126499999998],[77.5877333,13.104105999999998],[77.5882157,13.104161600000001]]]}"
130,5013,5013,Slum Area,131,0.47663146,2901221030,KATTIGENAHALLI_JAKKUR_WARD,Non-Notified,net,Yelahanka,66.24490811217065,"{""type"":""Polygon"",""coordinates"":[[[77.6255628,13.117406199999998],[77.6255813,13.117467499999998],[77.6257417,13.117562399999999],[77.6257075,13.117636500000001],[77.6255685,13.117928400000002],[77.6255412,13.118110200000002],[77.6253691,13.1181591],[77.6252296,13.1180611],[77.6251625,13.1179515],[77.6251347,13.117856699999999],[77.6251243,13.1177559],[77.6251443,13.1175393],[77.6252738,13.117199399999999],[77.6253345,13.117161599999998],[77.625441,13.117137300000001],[77.6255628,13.117406199999998]]]}"
131,5013,5013,Slum Area,132,1.4044596,,KODIGENAHALLI_KEMPEGOWDA_NAGAR,,net,Yelahanka,160.64943192425895,"{""type"":""Polygon"",""coordinates"":[[[77.5668688,13.0652326],[77.5671462,13.0661863],[77.5672021,13.066396699999999],[77.5673057,13.0666857],[77.5673244,13.066763700000001],[77.5674399,13.06707],[77.5669616,13.067289000000002],[77.5666261,13.0665246],[77.5668166,13.0664871],[77.566738,13.0661969],[77.5666595,13.065771800000002],[77.5665558,13.065296500000002],[77.5664792,13.064913099999998],[77.5663726,13.064536099999998],[77.566312,13.0642343],[77.5665645,13.0642262],[77.5668688,13.0652326]]]}"
132,5013,5013,Slum Area,133,7.36809874,2901221026,KOGILU_LAYOUT,Non-Notified,net,Yelahanka,1061.5536019418753,"{""type"":""Polygon"",""coordinates"":[[[77.6313519,13.104375699999999],[77.6313856,13.1052502],[77.6313819,13.105335799999999],[77.6313924,13.105765100000001],[77.6313931,13.105793799999999],[77.6314681,13.1062032],[77.6310879,13.1063554],[77.6310596,13.1064022],[77.6307005,13.1065279],[77.6302542,13.106650100000001],[77.6298485,13.106799],[77.6296629,13.1064433],[77.6294334,13.105838299999997],[77.6297063,13.105685700000002],[77.6295065,13.104892899999998],[77.6291227,13.1032156],[77.6290681,13.1027897],[77.6288764,13.102811800000001],[77.6288381,13.102577100000001],[77.62917490000001,13.102531799999998],[77.6296338,13.1024971],[77.6297097,13.103442099999999],[77.6297786,13.1043344],[77.6303248,13.104291200000002],[77.6306912,13.104266600000003],[77.6305664,13.102426],[77.6309463,13.1024048],[77.6312931,13.103823099999996],[77.6313519,13.104375699999999]]]}"
133,5013,5013,Slum Area,134,1.69105875,2901221025,KOGILU_VILLAGE,Non-Notified,net,Yelahanka,211.98574661554076,"{""type"":""Polygon"",""coordinates"":[[[77.6164496,13.1028651],[77.6164117,13.1032827],[77.6164102,13.1035055],[77.6159129,13.1036029],[77.615236,13.1036866],[77.6152039,13.1032088],[77.61509110000001,13.102594299999998],[77.6153013,13.102546999999996],[77.6166604,13.102468099999998],[77.6164496,13.1028651]]]}"
134,5013,5013,Slum Area,135,0.75641698,2901221027,KONDAPPA_LAYOUT,Non-Notified,net,Yelahanka,100.17019835827398,"{""type"":""Polygon"",""coordinates"":[[[77.5907311,13.1100215],[77.5904062,13.110159500000002],[77.590566,13.1105413],[77.5904948,13.1105956],[77.59043730000002,13.110643400000004],[77.5903663,13.110678100000001],[77.5903426,13.1106929],[77.5902608,13.1107353],[77.5900804,13.1108053],[77.5900656,13.1108086],[77.59005230000001,13.110042200000002],[77.5899143,13.109644],[77.590311,13.109608300000001],[77.5907225,13.109547700000002],[77.5907311,13.1100215]]]}"
135,5013,5013,Slum Area,136,1.49646986,2901221028,KOTE_BEEDI,Non-Notified,net,Yelahanka,473.08395864449295,"{""type"":""Polygon"",""coordinates"":[[[77.5932578,13.1039854],[77.5932393,13.1042625],[77.5931009,13.104267300000002],[77.5924666,13.104121199999998],[77.5926293,13.1036345],[77.5929384,13.1027433],[77.5934344,13.102785800000001],[77.5936631,13.102783700000002],[77.5938545,13.102819],[77.5936883,13.1032528],[77.5936145,13.1033681],[77.5934916,13.1038197],[77.5932766,13.1037741],[77.5932578,13.1039854]]]}"
136,5013,5013,Slum Area,137,0.79963255,2901221029,KOTI_HOSAHALLI,Non-Notified,net,Yelahanka,199.70458900601255,"{""type"":""Polygon"",""coordinates"":[[[77.5839117,13.0584963],[77.5824992,13.058679300000001],[77.582052,13.058721499999999],[77.5820271,13.058363999999997],[77.5832629,13.058217600000003],[77.5838219,13.0581509],[77.5839117,13.0584963]]]}"
137,5013,5013,Slum Area,138,1.09143639,2901221034,MARIYANNANA_PALYA,Non-Notified,net,Yelahanka,133.9601592718386,"{""type"":""Polygon"",""coordinates"":[[[77.6118093,13.0500408],[77.6111056,13.050211400000002],[77.6111231,13.0502973],[77.6106563,13.0504022],[77.610373,13.050435300000002],[77.610359,13.0503164],[77.6103951,13.050147900000002],[77.6104393,13.049740999999997],[77.6106377,13.0497198],[77.6114359,13.049503000000001],[77.6117501,13.0494513],[77.6118093,13.0500408]]]}"
138,5013,5013,Slum Area,139,3.31174588,,MS_PALYA,,net,Yelahanka,1180.8798998664408,"{""type"":""Polygon"",""coordinates"":[[[77.5533386,13.0814268],[77.5534546,13.0821134],[77.5519301,13.082383],[77.5517367,13.081394800000002],[77.5518542,13.0813197],[77.5518294,13.0812063],[77.5516532,13.0812443],[77.5515692,13.0809377],[77.5526132,13.080506500000002],[77.55337700000001,13.0801993],[77.5534239,13.080605500000003],[77.5532912,13.0806207],[77.5533386,13.0814268]]]}"
139,5013,5013,Slum Area,140,1.88540566,2901221036,PALANAHALLI,Non-Notified,net,Yelahanka,196.63368246041094,"{""type"":""Polygon"",""coordinates"":[[[77.6155326,13.1174009],[77.6155785,13.117515000000003],[77.6155899,13.117649200000002],[77.6154113,13.117653500000001],[77.6153418,13.1171131],[77.6152842,13.1167598],[77.6146336,13.116803000000003],[77.6145483,13.1164337],[77.6145087,13.1161878],[77.6143331,13.116191500000001],[77.614322,13.1159845],[77.6138593,13.115985199999999],[77.61385620000001,13.1153624],[77.6140791,13.115353100000002],[77.61475,13.1153288],[77.6149844,13.1155597],[77.6152072,13.115560699999998],[77.6152229,13.1158789],[77.6152861,13.116330400000002],[77.6153676,13.1165859],[77.6155326,13.1174009]]]}"
140,5013,5013,Slum Area,141,1.39396286,2901221038,RACHENAHALLI,Non-Notified,net,Yelahanka,4.908481555826524,"{""type"":""Polygon"",""coordinates"":[[[77.6251345,13.058205500000001],[77.6250232,13.0582827],[77.6247864,13.0584086],[77.6244526,13.0585833],[77.6240274,13.058737900000002],[77.6238734,13.0586112],[77.623742,13.058294800000002],[77.623664,13.0580013],[77.6237725,13.0577508],[77.6238609,13.057598200000001],[77.6243463,13.057585700000002],[77.6243752,13.057675600000001],[77.6247914,13.057634900000002],[77.6248017,13.057847800000001],[77.6250156,13.057826900000002],[77.6251345,13.058205500000001]]]}"
141,5013,5013,Slum Area,142,1.13337636,2901221039,SAMPIGEHALLI,Non-Notified,net,Yelahanka,109.23470046099496,"{""type"":""Polygon"",""coordinates"":[[[77.6183998,13.082812800000001],[77.6181133,13.082843800000001],[77.6180782,13.082649],[77.6179348,13.0821753],[77.6178991,13.0818521],[77.617908,13.081662299999998],[77.6178521,13.081485000000002],[77.6180439,13.081451600000001],[77.6182984,13.0813522],[77.6184941,13.081321399999998],[77.6185234,13.081589],[77.6186027,13.0816122],[77.6186085,13.081780799999999],[77.6187326,13.081775599999999],[77.618755,13.0819649],[77.6186945,13.082168],[77.61870580000001,13.0825399],[77.6184968,13.082538599999998],[77.6183998,13.082812800000001]]]}"
142,5013,5013,Slum Area,143,3.9609828,2901221040,SANJIVINI_NAGAR,Non-Notified,net,Yelahanka,774.8196139167338,"{""type"":""Polygon"",""coordinates"":[[[77.590485,13.056170700000001],[77.5890293,13.0562792],[77.5889765,13.055716],[77.5889044,13.054927000000001],[77.5890744,13.054602700000002],[77.5890994,13.054399800000002],[77.5891238,13.054340799999999],[77.5891997,13.054304],[77.5893754,13.054270200000001],[77.5898736,13.0542071],[77.5905283,13.054088000000002],[77.5905544,13.0543754],[77.5905691,13.0544603],[77.5903547,13.0544868],[77.5902638,13.054503799999999],[77.5903802,13.0549232],[77.59047870000002,13.055293700000002],[77.5907495,13.055219999999998],[77.5908522,13.0551952],[77.5909297,13.055687500000001],[77.5909334,13.055704100000002],[77.5908734,13.0557214],[77.5908948,13.055803899999999],[77.5909531,13.056096000000002],[77.5907509,13.056109700000002],[77.590713,13.0561164],[77.5906952,13.0560719],[77.590485,13.056170700000001]]]}"
143,5013,5013,Slum Area,144,0.78258485,,SINGAPURA_LAYOUT,,net,Yelahanka,102.3452813241996,"{""type"":""Polygon"",""coordinates"":[[[77.5380544,13.0786445],[77.5384518,13.078680200000003],[77.53854170000001,13.0790552],[77.5384528,13.079298799999998],[77.5383102,13.079548500000003],[77.538188,13.079519000000003],[77.5379553,13.079359600000002],[77.5376035,13.0790741],[77.5375471,13.0789948],[77.5375148,13.0786705],[77.5377503,13.078643300000001],[77.5380544,13.0786445]]]}"
144,5013,5013,Slum Area,145,3.85941744,2901221042,SRINIVASPURA,Non-Notified,net,Yelahanka,382.498727536669,"{""type"":""Polygon"",""coordinates"":[[[77.6241439,13.1048463],[77.6238897,13.104904499999998],[77.6240654,13.105102000000002],[77.6243231,13.105395900000001],[77.6243705,13.105495899999998],[77.6241532,13.105521799999996],[77.6241136,13.1056713],[77.6236957,13.105839],[77.6227507,13.1060911],[77.622473,13.104853],[77.6223741,13.1040732],[77.6223864,13.1036606],[77.6224163,13.1036127],[77.6232432,13.1034966],[77.6235057,13.104436600000001],[77.6239712,13.1042935],[77.6241439,13.1048463]]]}"
145,5013,5013,Slum Area,146,2.96342087,2901221043,SRIRAMPURA,Non-Notified,net,Yelahanka,362.5746769026214,"{""type"":""Polygon"",""coordinates"":[[[77.621127,13.066655299999999],[77.6202975,13.066681299999999],[77.6204405,13.0678042],[77.619615,13.067779300000002],[77.6193885,13.0662401],[77.6192688,13.066230799999998],[77.6192904,13.0659964],[77.6193304,13.065807700000002],[77.619391,13.0656997],[77.6196431,13.0657958],[77.6199829,13.0658863],[77.6203702,13.0656862],[77.62048,13.0655067],[77.620638,13.065388799999997],[77.6207457,13.0653821],[77.6208404,13.065937800000002],[77.6208506,13.0661245],[77.6208597,13.066337500000001],[77.6211233,13.066332199999998],[77.621127,13.066655299999999]]]}"
146,5013,5013,Slum Area,147,0.2722435,2901221044,THANISANDRA,Non-Notified,net,Yelahanka,1.4261089362350166,"{""type"":""Polygon"",""coordinates"":[[[77.6333744,13.056249400000002],[77.6333334,13.0564193],[77.6333438,13.056668900000002],[77.6333377,13.057000899999998],[77.6330802,13.0569396],[77.633042,13.056681699999999],[77.6330081,13.0564128],[77.632994,13.0562258],[77.6333744,13.056249400000002]]]}"
147,5013,5013,Slum Area,148,0.25411588,2901221047,THIRUMALA_COLONY,Non-Notified,net,Yelahanka,19.52366165460325,"{""type"":""Polygon"",""coordinates"":[[[77.6324476,13.090555500000002],[77.6319784,13.090578099999998],[77.6319459,13.090376799999998],[77.6319306,13.090293200000001],[77.6319248,13.0901544],[77.6323842,13.090088899999998],[77.6324476,13.090555500000002]]]}"
148,5013,5013,Slum Area,149,1.26268327,2901221033,VELANGANI_LAYOUT,Non-Notified,net,Yelahanka,326.915296606924,"{""type"":""Polygon"",""coordinates"":[[[77.5485271,13.0593786],[77.5486899,13.0595552],[77.5488474,13.0596261],[77.5490578,13.0597532],[77.5491623,13.059834100000002],[77.5492485,13.0598592],[77.5495175,13.059931200000001],[77.5495811,13.0603756],[77.5493073,13.0604351],[77.5489117,13.060510300000002],[77.54872110000001,13.0605056],[77.5485527,13.060500300000003],[77.5484838,13.060495299999998],[77.5483322,13.060493999999997],[77.5482254,13.0593053],[77.5483368,13.0593006],[77.5485271,13.0593786]]]}"
149,5013,5013,Slum Area,150,1.43764019,2901221048,VENKATAL_OC_COLONY,Non-Notified,net,Yelahanka,153.4154378853592,"{""type"":""Polygon"",""coordinates"":[[[77.6041637,13.113322600000004],[77.6041348,13.113350100000002],[77.6034839,13.113432200000002],[77.6034695,13.1132369],[77.603457,13.11302],[77.6034303,13.1128557],[77.6033442,13.1128605],[77.6032239,13.1122245],[77.6031996,13.111820800000002],[77.6039631,13.1117504],[77.6040759,13.1126474],[77.6041637,13.113322600000004]]]}"
150,5013,5013,Slum Area,151,1.76010525,2901220001,AKKIYAPPA_GARDEN,Non-Notified,net,RR Nagar,455.53720080805755,"{""type"":""Polygon"",""coordinates"":[[[77.5493783,13.0300894],[77.5493852,13.030363500000002],[77.5493617,13.0308258],[77.5493529,13.0313849],[77.5493117,13.031476699999999],[77.5490296,13.031481],[77.54884370000002,13.031455199999998],[77.5488381,13.031367799999998],[77.5486168,13.031369199999997],[77.5484084,13.031328799999999],[77.548263,13.0312746],[77.5482218,13.031240599999999],[77.5484157,13.030845400000002],[77.5487096,13.030306199999998],[77.5491665,13.029351500000002],[77.5492244,13.0292331],[77.5493648,13.029219199999998],[77.5493783,13.0300894]]]}"
151,5013,5013,Slum Area,152,2.40112042,2901220002,AMBEDKAR_CIRCLE,Non-Notified,net,RR Nagar,38.609196543226055,"{""type"":""Polygon"",""coordinates"":[[[77.4837011,12.912836799999997],[77.483826,12.9130377],[77.4838936,12.9132225],[77.4838924,12.913298200000002],[77.4837966,12.913303999999997],[77.48384200000001,12.913719],[77.4840478,12.9142187],[77.4830173,12.9146637],[77.4827945,12.914362],[77.4824184,12.9134985],[77.4826619,12.9132566],[77.4829325,12.913023600000002],[77.4832721,12.9128046],[77.4834824,12.912714000000001],[77.4835087,12.9126444],[77.4835982,12.912608999999998],[77.4837011,12.912836799999997]]]}"
152,5013,5013,Slum Area,153,0.60010487,2901220003,ANDRAHALLI,Non-Notified,net,RR Nagar,44.075721381692325,"{""type"":""Polygon"",""coordinates"":[[[77.4824861,13.009193],[77.4824855,13.009457600000001],[77.4823763,13.0094707],[77.4823145,13.008971499999998],[77.4820324,13.009024800000002],[77.4818037,13.0090768],[77.4817683,13.008953699999998],[77.4817728,13.008630699999998],[77.4817426,13.0084382],[77.4824056,13.008300900000002],[77.4824648,13.0085221],[77.4824214,13.0087165],[77.4824414,13.0089476],[77.4824861,13.009193]]]}"
153,5013,5013,Slum Area,154,1.80087066,2901220004,ARUNDATHI_NAGAR,Non-Notified,net,RR Nagar,13.769645539452048,"{""type"":""Polygon"",""coordinates"":[[[77.4743238,12.910468900000001],[77.4756234,12.911024500000002],[77.4756901,12.9112516],[77.4748756,12.911429],[77.4747559,12.9114864],[77.4738922,12.9116666],[77.4738637,12.911451],[77.4738449,12.910826600000002],[77.4737732,12.9106457],[77.4737887,12.9105032],[77.4737918,12.910355300000003],[77.4738447,12.910261599999998],[77.4743238,12.910468900000001]]]}"
154,5013,5013,Slum Area,155,4.11619949,2901220005,ASHRAYA_NAGAR,Non-Notified,net,RR Nagar,605.0945996153588,"{""type"":""Polygon"",""coordinates"":[[[77.5297073,13.0291599],[77.5288282,13.029444],[77.5286165,13.0297146],[77.5284541,13.029772],[77.5283751,13.0295988],[77.5282199,13.029597400000002],[77.527912,13.0287301],[77.5277879,13.028745600000002],[77.5275293,13.028209499999999],[77.5279017,13.027717399999998],[77.5281906,13.027322],[77.5284135,13.027053899999999],[77.528479,13.027077000000002],[77.52885420000001,13.026801600000002],[77.5290107,13.026823299999998],[77.5290961,13.0269283],[77.52934890000002,13.0270521],[77.5291828,13.027180600000003],[77.5288349,13.0274626],[77.5290745,13.027849700000003],[77.5297073,13.0291599]]]}"
155,5013,5013,Slum Area,156,0.72425681,2901220006,B_RAMAIAH_HARIJANA_COLONY,Non-Notified,net,RR Nagar,142.45556497012868,"{""type"":""Polygon"",""coordinates"":[[[77.5533518,13.0379607],[77.5533935,13.038193899999998],[77.5534043,13.0384897],[77.5533945,13.038587200000002],[77.5530623,13.038625600000001],[77.5530005,13.038328599999998],[77.5527616,13.038249500000001],[77.5524882,13.038106499999998],[77.5516516,13.037883100000002],[77.5517036,13.037738800000001],[77.552033,13.037766000000001],[77.5524989,13.037844],[77.5527292,13.0379009],[77.5529969,13.037941900000003],[77.5532601,13.037897700000004],[77.5533518,13.0379607]]]}"
156,5013,5013,Slum Area,157,8.26316357,2901220008,BANGARAPPA_NAGAR,Non-Notified,net,RR Nagar,53.894597022673665,"{""type"":""Polygon"",""coordinates"":[[[77.528753,12.9260457],[77.528949,12.926072499999998],[77.5289506,12.9262012],[77.5289504,12.926325800000003],[77.5289537,12.926783700000001],[77.5289953,12.9270278],[77.5290633,12.927157399999999],[77.5290531,12.9272384],[77.5290887,12.927491999999999],[77.52909330000001,12.927782299999999],[77.528207,12.9277189],[77.5282509,12.927379999999998],[77.5276927,12.927136199999996],[77.527132,12.926940700000001],[77.527159,12.9266607],[77.5272284,12.9261779],[77.5272181,12.926164000000002],[77.527042,12.9261589],[77.5270123,12.9261406],[77.5266823,12.925029900000002],[77.5266679,12.925031700000002],[77.5265442,12.9249711],[77.5264981,12.924827799999997],[77.52669180000001,12.924382699999999],[77.5269898,12.923880300000002],[77.5270665,12.9238497],[77.527251,12.9238092],[77.5282865,12.9234982],[77.5285719,12.924454700000002],[77.5286134,12.924452400000002],[77.5286768,12.924447900000002],[77.528753,12.9260457]]]}"
157,5013,5013,Slum Area,158,5.70992565,2901220009,BAPUJI_COLONY,Non-Notified,net,RR Nagar,56.70840184828815,"{""type"":""Polygon"",""coordinates"":[[[77.4835876,12.907904400000001],[77.4835829,12.9080253],[77.4832357,12.908067100000002],[77.4832488,12.908467900000002],[77.4825533,12.908491799999997],[77.4816064,12.9086167],[77.4815132,12.9084986],[77.4815965,12.9084343],[77.481493,12.908025599999998],[77.4814704,12.907846299999997],[77.4815262,12.9078258],[77.4815269,12.907762400000001],[77.4817251,12.9077287],[77.4820585,12.9077071],[77.4820636,12.907235999999997],[77.4819564,12.9072372],[77.4819286,12.907003],[77.48135450000001,12.907046100000002],[77.4813566,12.906621899999998],[77.4813703,12.906451500000001],[77.4813986,12.906376500000002],[77.481385,12.906089800000002],[77.4819594,12.905830999999997],[77.4828375,12.9052495],[77.4830891,12.905469200000002],[77.4830956,12.906138900000002],[77.4830503,12.9062134],[77.4829679,12.906269000000002],[77.4830355,12.906810600000002],[77.4830819,12.9067998],[77.4830882,12.9071028],[77.4832434,12.907105],[77.4832636,12.9073145],[77.4835351,12.9072762],[77.4835876,12.907904400000001]]]}"
158,5013,5013,Slum Area,159,1.51856112,2901220012,BEDARAHALLI,Non-Notified,net,RR Nagar,594.2597579656863,"{""type"":""Polygon"",""coordinates"":[[[77.4823844,12.9839674],[77.4825122,12.984610500000002],[77.4820556,12.9847143],[77.48197460000002,12.9847688],[77.481544,12.984844699999998],[77.4814482,12.9843043],[77.4815996,12.9842842],[77.4815401,12.983736299999999],[77.4815514,12.9832337],[77.4820443,12.983205699999996],[77.4821052,12.983159],[77.4823159,12.983141800000002],[77.4823368,12.9833939],[77.4821935,12.983395100000001],[77.4821903,12.9837658],[77.4822332,12.9837646],[77.4822482,12.9838454],[77.4823469,12.9838209],[77.4823844,12.9839674]]]}"
159,5013,5013,Slum Area,160,1.01834738,2901220010,BHOVI_COLONY_GANIGARAPALYA,Non-Notified,net,RR Nagar,2.797285349228803,"{""type"":""Polygon"",""coordinates"":[[[77.5279213,12.8732472],[77.527959,12.8735747],[77.5279878,12.8739206],[77.5279845,12.874251600000001],[77.52731350000002,12.8742362],[77.52717,12.873092100000003],[77.5275097,12.873059800000002],[77.527906,12.8730476],[77.5279213,12.8732472]]]}"
160,5013,5013,Slum Area,161,0.78556871,2901220007,BK_NAGAR,Non-Notified,net,RR Nagar,361.6239068723192,"{""type"":""Polygon"",""coordinates"":[[[77.5535878,13.0249882],[77.55391790000002,13.025044300000001],[77.553798,13.0257502],[77.5537338,13.026241700000002],[77.5536227,13.026863699999998],[77.5533554,13.026838300000001],[77.5533582,13.026783899999998],[77.5534109,13.026200500000002],[77.5534362,13.025671499999998],[77.553457,13.025326999999999],[77.5534819,13.024975800000002],[77.5535878,13.0249882]]]}"
161,5013,5013,Slum Area,162,2.47746277,2901220013,CHANNASANDRA_JANATHA_COLONY,Non-Notified,net,RR Nagar,19.598659831402347,"{""type"":""Polygon"",""coordinates"":[[[77.515407,12.9045767],[77.5152834,12.9043114],[77.5154066,12.9042553],[77.5153317,12.9039569],[77.5152753,12.903716199999998],[77.515269,12.903653800000003],[77.51600850000001,12.903478699999999],[77.5173495,12.9030714],[77.5174094,12.9034795],[77.5174807,12.904091700000002],[77.51723,12.9041284],[77.5170346,12.9041647],[77.5165403,12.9042604],[77.5162656,12.904311600000002],[77.5163074,12.904531199999997],[77.5158892,12.9045712],[77.5158503,12.9044199],[77.515407,12.9045767]]]}"
162,5013,5013,Slum Area,163,0.76633501,2901220014,DASANAYAKANAPALYA,Non-Notified,net,RR Nagar,399.75361375995715,"{""type"":""Polygon"",""coordinates"":[[[77.53846540000002,13.0216104],[77.5388801,13.022326299999996],[77.5380868,13.0227536],[77.5380581,13.022690800000001],[77.5380864,13.022329100000002],[77.5381303,13.021970499999997],[77.5381229,13.0217192],[77.5381678,13.021308200000002],[77.5382538,13.0212939],[77.53846540000002,13.0216104]]]}"
163,5013,5013,Slum Area,164,8.80931473,2901220015,DODDABIDIRAKALLU,Non-Notified,net,RR Nagar,1646.0149964874868,"{""type"":""Polygon"",""coordinates"":[[[77.4949382,13.035697600000002],[77.49499230000002,13.0362371],[77.4949556,13.036461699999998],[77.4950027,13.0366515],[77.495159,13.036849499999999],[77.49521410000001,13.036965300000002],[77.4950803,13.0373532],[77.4949343,13.037484],[77.4945877,13.037544500000001],[77.4936596,13.0376617],[77.4929213,13.0377329],[77.4924331,13.0378426],[77.4921988,13.0364344],[77.4922525,13.036388600000002],[77.4921056,13.035944299999999],[77.4924858,13.035820999999999],[77.4923179,13.035276600000001],[77.492552,13.035206600000002],[77.4927492,13.0351596],[77.49297780000002,13.0351877],[77.4931335,13.035292599999998],[77.4932722,13.0352668],[77.4935815,13.035176200000002],[77.4934595,13.034696999999998],[77.4942026,13.034550600000001],[77.4945901,13.034336299999998],[77.4946456,13.0346635],[77.4947353,13.035359400000003],[77.4948733,13.0353561],[77.4949382,13.035697600000002]]]}"
164,5013,5013,Slum Area,165,2.55741668,2901220017,G_HOSAHALLI_GOLLARAPALYA,Non-Notified,net,RR Nagar,224.77165617101332,"{""type"":""Polygon"",""coordinates"":[[[77.4798062,12.9961739],[77.479873,12.996476099999997],[77.4800064,12.9969955],[77.4797262,12.997005800000002],[77.4794211,12.9969468],[77.4789138,12.9969384],[77.4787266,12.996857900000002],[77.4785857,12.996194699999998],[77.4783252,12.9953839],[77.4794945,12.9951145],[77.4795195,12.9952416],[77.4795698,12.995517900000001],[77.4796821,12.995502199999999],[77.4798062,12.9961739]]]}"
165,5013,5013,Slum Area,166,1.30279279,2901220018,GANDHINAGAR_AKKIPIKKI_COLONY,Non-Notified,net,RR Nagar,7.207117129307167,"{""type"":""Polygon"",""coordinates"":[[[77.4832232,12.927590400000001],[77.4826569,12.9278292],[77.4825221,12.9276809],[77.4823836,12.9275505],[77.4821344,12.927035700000001],[77.4821313,12.9269182],[77.48197820000001,12.926567200000001],[77.4822726,12.926462500000001],[77.48273650000002,12.926289500000003],[77.4832232,12.927590400000001]]]}"
166,5013,5013,Slum Area,167,4.80943203,2901220019,GIDADA_KONNENAHALLI,Non-Notified,net,RR Nagar,389.0985138388241,"{""type"":""Polygon"",""coordinates"":[[[77.4897356,12.973116500000001],[77.48979,12.9735043],[77.4895582,12.9735715],[77.4896478,12.9738716],[77.4890659,12.9740558],[77.4892,12.9744496],[77.489401,12.9751296],[77.4891469,12.9753187],[77.4882289,12.9755438],[77.4877326,12.9756185],[77.4878585,12.975226800000003],[77.4879264,12.974503200000001],[77.4877546,12.973842200000002],[77.4876736,12.973126599999999],[77.4882429,12.9730846],[77.4890438,12.972904899999998],[77.4896828,12.9728031],[77.4897356,12.973116500000001]]]}"
167,5013,5013,Slum Area,168,1.31874835,2901220021,HALAGEVADERA_HALLI,Non-Notified,net,RR Nagar,14.49110543120141,"{""type"":""Polygon"",""coordinates"":[[[77.5144329,12.921618399999998],[77.5144844,12.922122999999997],[77.5142891,12.922925700000002],[77.5139515,12.923022700000002],[77.513857,12.9228386],[77.5138288,12.9226537],[77.5137455,12.922376100000001],[77.5137017,12.9221399],[77.513742,12.9219349],[77.51374970000002,12.9217628],[77.5136506,12.9213997],[77.5143659,12.921206199999999],[77.5144329,12.921618399999998]]]}"
168,5013,5013,Slum Area,169,1.80737793,2901220022,HANUMANTHARAYANNA_PALYA,Non-Notified,net,RR Nagar,357.54527513092637,"{""type"":""Polygon"",""coordinates"":[[[77.5025665,12.989586500000001],[77.5026009,12.9898914],[77.5016264,12.9895562],[77.5012771,12.989426999999997],[77.501215,12.988433600000002],[77.5017011,12.9883968],[77.50210070000001,12.988302899999999],[77.5021297,12.988406299999998],[77.5022756,12.9883761],[77.5025665,12.989586500000001]]]}"
169,5013,5013,Slum Area,170,0.78500992,2901220016,HEERANNA_PALYA,Non-Notified,net,RR Nagar,92.88466207466874,"{""type"":""Polygon"",""coordinates"":[[[77.5010244,12.9747858],[77.5010537,12.9748891],[77.5010811,12.975093800000003],[77.5011352,12.975325700000003],[77.5008843,12.9754006],[77.5006042,12.9754168],[77.5002618,12.975514600000004],[77.50009060000001,12.9748725],[77.5009395,12.9745753],[77.5010244,12.9747858]]]}"
170,5013,5013,Slum Area,171,1.05637085,2901220023,HEMMIGEPURA_JATTIGANARAHALLI,Non-Notified,net,RR Nagar,4.228574985616347,"{""type"":""Polygon"",""coordinates"":[[[77.4945961,12.889671700000001],[77.4939964,12.8898492],[77.49341180000002,12.890014599999999],[77.4933413,12.889688400000002],[77.493199,12.889247799999998],[77.4935672,12.889053499999997],[77.4935982,12.889116299999998],[77.4942514,12.889196199999999],[77.4944547,12.889121600000001],[77.4945961,12.889671700000001]]]}"
171,5013,5013,Slum Area,172,5.43535185,2901220024,HEROHALLI,Non-Notified,net,RR Nagar,689.2797083536783,"{""type"":""Polygon"",""coordinates"":[[[77.4876843,12.992181799999997],[77.487645,12.992054999999999],[77.4875416,12.9920833],[77.4874217,12.9916806],[77.4871752,12.9913393],[77.4870712,12.991355900000002],[77.4870443,12.991070699999998],[77.4868689,12.991092400000001],[77.4865543,12.9911358],[77.486542,12.990995],[77.486461,12.990374],[77.48722360000001,12.9902603],[77.48719710000002,12.9901161],[77.48760860000002,12.990060300000003],[77.4876744,12.9900118],[77.4880556,12.990042000000003],[77.4891399,12.9902866],[77.489256,12.9903486],[77.48936070000002,12.9907916],[77.4894531,12.9912721],[77.4894918,12.991612499999999],[77.4889959,12.991654099999998],[77.4890385,12.992002400000002],[77.488111,12.9921319],[77.4880757,12.992087],[77.4876843,12.992181799999997]]]}"
172,5013,5013,Slum Area,173,0.63407254,2901220020,HM_COLONY_THALAGATTAPURA,Non-Notified,net,RR Nagar,1.9272161165873207,"{""type"":""Polygon"",""coordinates"":[[[77.5339571,12.8781784],[77.5339307,12.878292499999999],[77.5339406,12.878546999999996],[77.5340555,12.8791119],[77.5337394,12.879164500000002],[77.5336995,12.8792195],[77.533555,12.8792246],[77.5334967,12.878648400000001],[77.5332387,12.878646199999999],[77.53322960000001,12.878389600000002],[77.5336248,12.8783728],[77.5336424,12.878214200000002],[77.53370620000001,12.878102300000002],[77.53394970000001,12.878083599999998],[77.5339571,12.8781784]]]}"
173,5013,5013,Slum Area,174,4.1408968,2901220050,JAI_BHUWANESHWARI_NAGAR,Notified,net,RR Nagar,1615.6501202751608,"{""type"":""Polygon"",""coordinates"":[[[77.5291486,13.0125743],[77.5292043,13.012720299999998],[77.5292457,13.012789700000003],[77.52938,13.012902100000002],[77.5294855,13.0130946],[77.5296572,13.013305],[77.5298669,13.013601600000003],[77.5299913,13.0138111],[77.5301442,13.014085200000002],[77.5303896,13.014548599999998],[77.5305398,13.014930600000001],[77.5300082,13.015147200000003],[77.5297893,13.0151861],[77.5293221,13.0152789],[77.5289287,13.0143876],[77.5286665,13.013899600000002],[77.5284047,13.0133714],[77.528202,13.0130677],[77.5280274,13.0127979],[77.5286656,13.012440700000003],[77.5288,13.012418800000003],[77.5289614,13.012339599999997],[77.5291486,13.0125743]]]}"
174,5013,5013,Slum Area,175,0.63919073,2901220033,JANATHA_COLONY_MALAGALA,Non-Notified,net,RR Nagar,268.6431406058517,"{""type"":""Polygon"",""coordinates"":[[[77.5160118,12.972731200000002],[77.5160552,12.9730832],[77.5154195,12.973132499999998],[77.5153187,12.972744500000001],[77.5158652,12.9726985],[77.5158348,12.9723051],[77.5160484,12.9722917],[77.5165158,12.972211399999999],[77.5166716,12.9726183],[77.5165583,12.972662300000003],[77.5162903,12.9725774],[77.5160081,12.972565399999999],[77.5160118,12.972731200000002]]]}"
175,5013,5013,Slum Area,176,0.2402183,2901220051,KASTHURAMMA_SLUM,Notified,net,RR Nagar,4.085079619463752,"{""type"":""Polygon"",""coordinates"":[[[77.4808514,12.9101374],[77.4807985,12.9105175],[77.4801985,12.9104352],[77.4802714,12.9101808],[77.4804055,12.9101311],[77.4808514,12.9101374]]]}"
176,5013,5013,Slum Area,177,1.73035049,2901220028,KATHANAGAR,Non-Notified,net,RR Nagar,255.34554467294728,"{""type"":""Polygon"",""coordinates"":[[[77.5332718,13.052789700000002],[77.5331007,13.0533158],[77.5324609,13.053227700000003],[77.5311121,13.053114100000002],[77.5310939,13.052921999999999],[77.531078,13.0528214],[77.5311744,13.0525631],[77.5313099,13.052641399999999],[77.5315807,13.052766499999999],[77.53175720000002,13.0523771],[77.5316726,13.052328],[77.5317063,13.052250899999999],[77.53175400000002,13.052147100000001],[77.5318379,13.052188],[77.5320252,13.0522793],[77.5320533,13.052293800000001],[77.5325176,13.0524982],[77.5330692,13.052712300000001],[77.5332718,13.052789700000002]]]}"
177,5013,5013,Slum Area,178,1.160357,2901220052,KAVERI_NAGAR,Notified,net,RR Nagar,446.8232972388174,"{""type"":""Polygon"",""coordinates"":[[[77.5224628,13.016783799999999],[77.52261260000002,13.0169238],[77.5228035,13.016935000000002],[77.5227571,13.018495899999998],[77.5224912,13.018502400000001],[77.522469,13.018636799999998],[77.5222458,13.0184304],[77.5221545,13.0183099],[77.5222482,13.0167755],[77.5224628,13.016783799999999]]]}"
178,5013,5013,Slum Area,179,4.80064583,2901220025,KEBBEHALLA,Non-Notified,net,RR Nagar,1116.2362898583506,"{""type"":""Polygon"",""coordinates"":[[[77.50563140000001,12.985371600000002],[77.5056291,12.985523199999998],[77.5050896,12.985538499999999],[77.5046195,12.9858084],[77.5043433,12.98592],[77.5042582,12.985677299999999],[77.5037097,12.9846607],[77.5030707,12.984940999999997],[77.50276,12.9842941],[77.5024773,12.9829126],[77.5026822,12.982747999999999],[77.503002,12.982698],[77.5030516,12.9830115],[77.5031798,12.9834883],[77.503441,12.984358100000001],[77.5036048,12.9843256],[77.5043037,12.9841269],[77.5046743,12.9840328],[77.5053798,12.9838641],[77.5054898,12.984358399999998],[77.50563140000001,12.985371600000002]]]}"
179,5013,5013,Slum Area,180,6.08807707,2901220026,KEMPAMMA_LAYOUT,Non-Notified,net,RR Nagar,2293.2746078192017,"{""type"":""Polygon"",""coordinates"":[[[77.5245438,13.018346800000002],[77.525924,13.019316500000002],[77.525899,13.019476399999999],[77.5262451,13.0196906],[77.5261319,13.019886399999999],[77.5262851,13.0199755],[77.5263311,13.020023],[77.5263391,13.0201183],[77.52640810000001,13.0201938],[77.5260094,13.0209141],[77.5253476,13.020475],[77.5242823,13.019784200000002],[77.523017,13.019025200000002],[77.5227551,13.018868200000002],[77.5233162,13.0184884],[77.5241721,13.017963200000002],[77.5242591,13.0179951],[77.5252917,13.017398099999998],[77.5253479,13.017344399999999],[77.5253741,13.017325200000002],[77.5257193,13.017549800000001],[77.5257838,13.0176021],[77.5245438,13.018346800000002]]]}"
180,5013,5013,Slum Area,181,1.548877,2901220011,KENGERI_BHUVANESHWARI_NAGAR_2ND_STAGE,Non-Notified,net,RR Nagar,12.551557899923885,"{""type"":""Polygon"",""coordinates"":[[[77.4860118,12.9408447],[77.48624590000001,12.9411156],[77.4865366,12.9411902],[77.4866426,12.941251500000002],[77.4867492,12.941444200000001],[77.4868645,12.941865100000003],[77.4869564,12.9419477],[77.48732,12.9420995],[77.4877438,12.9425751],[77.4874294,12.9426438],[77.4870021,12.942546699999998],[77.4865084,12.9423492],[77.4862213,12.942215100000002],[77.4860134,12.9414782],[77.4858849,12.940766799999999],[77.4860118,12.9408447]]]}"
181,5013,5013,Slum Area,182,8.97811508,2901220027,KENGUNTE,Non-Notified,net,RR Nagar,3811.05672751034,"{""type"":""Polygon"",""coordinates"":[[[77.503179,12.9641396],[77.5030547,12.9637138],[77.5025097,12.9638962],[77.5021492,12.9630531],[77.5025061,12.962927100000002],[77.5020877,12.9614262],[77.5022493,12.961323],[77.5020038,12.960981900000002],[77.50307640000001,12.960831400000002],[77.5039019,12.9605963],[77.5043258,12.960533999999999],[77.5046651,12.9617874],[77.5048906,12.962646200000002],[77.5049729,12.9630925],[77.5046534,12.9632081],[77.5046677,12.9635533],[77.503179,12.9641396]]]}"
182,5013,5013,Slum Area,183,2.18832278,2901220030,LAKSHMIDEVI_NAGAR_KSCB_HOUSING_BOARD,Non-Notified,net,RR Nagar,889.7457186829811,"{""type"":""Polygon"",""coordinates"":[[[77.5257046,13.013102],[77.5257968,13.0131335],[77.5263012,13.0138903],[77.5264256,13.014453699999999],[77.52611880000002,13.014630400000001],[77.5260105,13.014738300000001],[77.5262326,13.015083800000001],[77.5260848,13.0151569],[77.5259462,13.015164900000002],[77.5254497,13.014494699999998],[77.5253578,13.014366499999998],[77.5248767,13.013680600000004],[77.5250539,13.0135601],[77.5250487,13.013332000000002],[77.5251404,13.0133305],[77.5251581,13.013143999999999],[77.5253462,13.013080899999999],[77.5253104,13.012979100000004],[77.5255864,13.012871099999998],[77.5257046,13.013102]]]}"
183,5013,5013,Slum Area,184,0.72375,2901220032,MAILASANDRA,Non-Notified,net,RR Nagar,7.730675974079206,"{""type"":""Polygon"",""coordinates"":[[[77.4995708,12.916061399999998],[77.4994929,12.916355],[77.4994853,12.916649500000002],[77.4986691,12.916484700000003],[77.4986204,12.916402500000002],[77.4986261,12.916211300000002],[77.4986947,12.9159683],[77.4988322,12.9159371],[77.4989956,12.9158682],[77.4990279,12.9159035],[77.4994677,12.9157734],[77.4995708,12.916061399999998]]]}"
184,5013,5013,Slum Area,185,3.76329923,2901220034,MALLATHAHALLI,Non-Notified,net,RR Nagar,1348.830076449525,"{""type"":""Polygon"",""coordinates"":[[[77.498972,12.961249900000002],[77.4986771,12.9613876],[77.4986336,12.9611743],[77.4985292,12.960630899999998],[77.4984617,12.960311700000002],[77.4987966,12.9603085],[77.4987971,12.959520300000001],[77.498958,12.959518300000001],[77.4988594,12.9590927],[77.4990375,12.958997600000004],[77.4991162,12.959206499999999],[77.4996263,12.959089399999998],[77.4999807,12.959016299999998],[77.5000005,12.9591662],[77.5000704,12.9591601],[77.500082,12.9595665],[77.5000383,12.959847099999996],[77.5004488,12.9601283],[77.5005756,12.9603447],[77.5003903,12.960430300000002],[77.5004728,12.960628400000001],[77.5002349,12.960718299999996],[77.4998946,12.9608699],[77.4999893,12.961136],[77.4996601,12.961227099999999],[77.4992096,12.9612257],[77.498972,12.961249900000002]]]}"
185,5013,5013,Slum Area,186,1.88003016,2901220035,MARIYAPPANA_PALYA_KENGERI,Non-Notified,net,RR Nagar,28.68393128712972,"{""type"":""Polygon"",""coordinates"":[[[77.4955206,12.9454337],[77.49463300000001,12.945673199999998],[77.4939465,12.9458586],[77.4936655,12.9447464],[77.4938947,12.944682300000002],[77.4940568,12.944666899999998],[77.4942152,12.944622899999999],[77.4943872,12.944590799999999],[77.4944104,12.94466],[77.4948809,12.944512800000002],[77.4955206,12.9454337]]]}"
186,5013,5013,Slum Area,187,0.17640376,2901220031,MSK_NAGAR,Non-Notified,net,RR Nagar,91.5072332643995,"{""type"":""Polygon"",""coordinates"":[[[77.5359748,13.0252343],[77.5359538,13.025340499999999],[77.5358878,13.025523200000002],[77.5356998,13.026066499999999],[77.5356446,13.026329100000002],[77.5354879,13.0263543],[77.5358224,13.0254843],[77.5356925,13.0252382],[77.5359051,13.0251375],[77.5359748,13.0252343]]]}"
187,5013,5013,Slum Area,188,2.36962056,2901220036,MUTTHURAYANNA_NAGAR,Non-Notified,net,RR Nagar,22.065930514242137,"{""type"":""Polygon"",""coordinates"":[[[77.5053888,12.936126000000002],[77.5053263,12.9364463],[77.5053278,12.936818],[77.5052924,12.936990300000001],[77.5051861,12.9372117],[77.5052005,12.9376335],[77.5051457,12.9380822],[77.5049683,12.938076000000002],[77.5041842,12.9361638],[77.5045088,12.9358998],[77.5049609,12.9355615],[77.5056522,12.935095399999998],[77.5056948,12.935141700000003],[77.5056216,12.9353945],[77.5055534,12.935384000000003],[77.5053888,12.936126000000002]]]}"
188,5013,5013,Slum Area,189,1.87723994,2901220038,NARASIMHARAJA_COLONY,Non-Notified,net,RR Nagar,337.0536335066253,"{""type"":""Polygon"",""coordinates"":[[[77.5191721,12.987087600000002],[77.5191614,12.987249900000002],[77.5191337,12.98727],[77.5179959,12.987660800000004],[77.5170121,12.9880705],[77.5168749,12.987386900000002],[77.5171584,12.987324600000003],[77.5176474,12.987167100000002],[77.5179522,12.987050699999998],[77.5180437,12.9869973],[77.5181737,12.9868682],[77.5182858,12.986783400000002],[77.5184939,12.9866785],[77.5188218,12.9865695],[77.5190165,12.9865084],[77.5191721,12.987087600000002]]]}"
189,5013,5013,Slum Area,190,0.24980871,2901220039,PANTHAR_PALYA,Non-Notified,net,RR Nagar,2.8988023309146653,"{""type"":""Polygon"",""coordinates"":[[[77.5242393,12.9373985],[77.5241506,12.937476100000001],[77.5240415,12.9375272],[77.5236989,12.937686700000002],[77.5235856,12.9377522],[77.5235215,12.9376449],[77.523458,12.93751],[77.5235034,12.937473299999999],[77.5236318,12.9373882],[77.5238472,12.9373175],[77.5240284,12.937220199999999],[77.5241012,12.9371768],[77.5242393,12.9373985]]]}"
190,5013,5013,Slum Area,191,2.23158503,2901220040,PAPAREDDY_PALYA,Non-Notified,net,RR Nagar,850.8163213991652,"{""type"":""Polygon"",""coordinates"":[[[77.5086197,12.9734799],[77.5088036,12.973781200000001],[77.50825390000001,12.9739224],[77.5083583,12.9743326],[77.507743,12.9744323],[77.5076163,12.973550600000001],[77.5073905,12.9733738],[77.5070743,12.972383499999998],[77.5074863,12.972228],[77.507628,12.972157499999998],[77.5078008,12.972664299999998],[77.508046,12.9725732],[77.5086197,12.9734799]]]}"
191,5013,5013,Slum Area,192,0.1761445,2901220041,PATTANAGERE_JANATHA_COLONY,Non-Notified,net,RR Nagar,3.053021905936447,"{""type"":""Polygon"",""coordinates"":[[[77.50767,12.921691300000003],[77.5073952,12.921801200000003],[77.5071707,12.921888999999998],[77.5071146,12.9217552],[77.507071,12.921651900000002],[77.5074819,12.9214701],[77.5074657,12.9214202],[77.5075299,12.9213896],[77.50767,12.921691300000003]]]}"
192,5013,5013,Slum Area,193,1.50278783,2901220042,PURNAPURA_AMBEDKAR_NAGAR,Non-Notified,net,RR Nagar,604.9401546702666,"{""type"":""Polygon"",""coordinates"":[[[77.5598924,13.040549399999996],[77.5597502,13.040521299999998],[77.5595282,13.040497799999999],[77.55966240000001,13.0396221],[77.5592308,13.0395312],[77.5593277,13.0391053],[77.5594485,13.039145699999999],[77.5597799,13.0393011],[77.5600258,13.039403],[77.5602933,13.0395578],[77.5607614,13.0399903],[77.5608463,13.040225900000001],[77.5605505,13.0405096],[77.5604278,13.040498400000002],[77.56014,13.0404542],[77.5599546,13.0405081],[77.5599036,13.040499300000002],[77.5598924,13.040549399999996]]]}"
193,5013,5013,Slum Area,194,0.97841471,2901220043,RAMA_BHOOMI_COLONY,Non-Notified,net,RR Nagar,459.5667072370941,"{""type"":""Polygon"",""coordinates"":[[[77.54885370000001,13.0437325],[77.5489437,13.0443476],[77.5489624,13.044495199999998],[77.5487498,13.044610999999998],[77.54843,13.0446534],[77.5481367,13.044587400000001],[77.5479834,13.0436934],[77.5484282,13.0436494],[77.5488045,13.043605200000002],[77.54885370000001,13.0437325]]]}"
194,5013,5013,Slum Area,195,2.51797342,2901220044,SAJJEPALYA,Non-Notified,net,RR Nagar,436.1619192684398,"{""type"":""Polygon"",""coordinates"":[[[77.5188187,12.986561000000002],[77.5184903,12.986670300000002],[77.5182808,12.986775999999999],[77.5181676,12.9868618],[77.5180381,12.986990500000001],[77.5179482,12.987043000000002],[77.5176444,12.987159099999998],[77.51715620000002,12.9873166],[77.5168734,12.9873788],[77.5168265,12.987145299999998],[77.5169402,12.9871243],[77.516816,12.9864877],[77.5162403,12.986536400000004],[77.5162114,12.9862984],[77.5157974,12.986297600000002],[77.5158216,12.985988299999999],[77.5162079,12.9860435],[77.5164419,12.986116],[77.5167064,12.986135200000001],[77.5175671,12.986093],[77.5183708,12.9859655],[77.5185519,12.9864827],[77.5187571,12.986388300000002],[77.5188187,12.986561000000002]]]}"
195,5013,5013,Slum Area,196,0.90083796,2901220054,SANJAYGANDHI_NAGAR,Notified,net,RR Nagar,391.3561728084789,"{""type"":""Polygon"",""coordinates"":[[[77.5277502,13.0203062],[77.5274749,13.020437400000002],[77.5272433,13.020776799999998],[77.5271141,13.020757400000003],[77.52712020000001,13.0206704],[77.5266026,13.020393699999998],[77.5263481,13.0201145],[77.52634,13.0200191],[77.5262909,13.019968399999998],[77.5261444,13.019883199999999],[77.5263168,13.0195848],[77.5270289,13.020057100000002],[77.5270904,13.0199663],[77.5277502,13.0203062]]]}"
196,5013,5013,Slum Area,197,1.74545324,2901220056,SHIVANAPALYA_VADDARAPALYA,Notified,net,RR Nagar,20.069799011828852,"{""type"":""Polygon"",""coordinates"":[[[77.4912185,12.930605200000002],[77.4908183,12.9306768],[77.4906914,12.930078100000001],[77.4905231,12.930098199999998],[77.4904903,12.9296823],[77.4904669,12.9294778],[77.4903691,12.9290549],[77.4903252,12.928707699999999],[77.4903087,12.928331],[77.4906236,12.9283184],[77.4908482,12.928262799999999],[77.4910621,12.9287353],[77.491183,12.9286995],[77.4914164,12.929301400000002],[77.4911918,12.9293812],[77.491187,12.929514600000001],[77.4908818,12.9295766],[77.4909397,12.9298075],[77.4912185,12.930605200000002]]]}"
197,5013,5013,Slum Area,198,5.55572271,2901220057,SIDDHARTHA_NAGAR,Notified,net,RR Nagar,1983.1118306477863,"{""type"":""Polygon"",""coordinates"":[[[77.5297232,13.0469464],[77.5298698,13.0474308],[77.5297779,13.0474213],[77.5288355,13.047280300000002],[77.528643,13.0472558],[77.5286127,13.0472517],[77.52842580000001,13.047216099999998],[77.5278669,13.047124],[77.52760160000001,13.0470767],[77.5266309,13.046915199999999],[77.5266294,13.046922300000002],[77.5259498,13.0467911],[77.5257637,13.046735300000002],[77.5256,13.0467144],[77.525554,13.046609900000002],[77.525508,13.046220499999999],[77.526003,13.046121200000002],[77.5264523,13.045996],[77.526639,13.045938100000003],[77.52718850000001,13.0458162],[77.5273872,13.045777],[77.5278997,13.0457311],[77.5281445,13.045708000000001],[77.52842580000001,13.0457335],[77.5284961,13.045972799999998],[77.528519,13.046113800000004],[77.5293966,13.0462416],[77.5294406,13.0462865],[77.5299546,13.046360900000003],[77.5296824,13.046816400000003],[77.5297232,13.0469464]]]}"
198,5013,5013,Slum Area,199,7.43894529,2901220045,SRINIVASPUR_COLONY,Non-Notified,net,RR Nagar,52.21355636540581,"{""type"":""Polygon"",""coordinates"":[[[77.5095617,12.900698300000002],[77.5095285,12.901193600000001],[77.5094702,12.9011943],[77.5094464,12.901696300000001],[77.509355,12.9025975],[77.5080088,12.902537599999999],[77.5079655,12.902499],[77.5079743,12.9022954],[77.507869,12.9020929],[77.5078623,12.902037],[77.5078732,12.9019615],[77.5079242,12.9018398],[77.5079916,12.901657000000002],[77.5079529,12.901484999999997],[77.507918,12.9013521],[77.5078504,12.9012453],[77.5077668,12.901163899999998],[77.5077009,12.901114300000001],[77.5070845,12.9008045],[77.5070355,12.9007193],[77.5069177,12.900424499999996],[77.5068766,12.900328300000002],[77.5067519,12.899982899999998],[77.506717,12.899613499999997],[77.5067819,12.899415],[77.5067706,12.899158500000002],[77.5067749,12.8990168],[77.5068054,12.898925],[77.5068451,12.898838900000001],[77.5069438,12.898529200000002],[77.5069607,12.8984679],[77.5070879,12.8984759],[77.5074363,12.8983902],[77.5074639,12.898450299999999],[77.5076312,12.898909899999998],[77.5077479,12.899396],[77.5079378,12.899968099999999],[77.5088635,12.899806100000001],[77.5088457,12.900466900000001],[77.5095569,12.9004311],[77.5095617,12.900698300000002]]]}"
199,5013,5013,Slum Area,200,0.19921121,2901220046,SUNNADAGUDU_SLUM,Non-Notified,net,RR Nagar,83.92277449065563,"{""type"":""Polygon"",""coordinates"":[[[77.5519888,13.025003400000001],[77.5517045,13.025025199999996],[77.5514018,13.025071100000002],[77.551359,13.025044200000002],[77.5514159,13.024949300000003],[77.5514628,13.0248812],[77.5515197,13.0248013],[77.551668,13.024669599999998],[77.5517613,13.024722300000002],[77.55181700000001,13.0247189],[77.5518377,13.024794200000002],[77.55205130000002,13.024758500000003],[77.5520478,13.024847],[77.5520333,13.0249508],[77.551989,13.0249448],[77.5519888,13.025003400000001]]]}"
200,5013,5013,Slum Area,201,0.98487347,2901220053,TANNEERHALLI_MUNESHWARA_NAGAR,Notified,net,RR Nagar,231.2090233896293,"{""type"":""Polygon"",""coordinates"":[[[77.5453667,13.0305655],[77.5452447,13.0306905],[77.5449533,13.0309658],[77.5448463,13.0310782],[77.5442487,13.0316693],[77.5441635,13.031796100000001],[77.5440219,13.031287400000002],[77.5442083,13.0311036],[77.5440687,13.030936],[77.544046,13.030899900000001],[77.5451614,13.030264699999998],[77.5453667,13.0305655]]]}"
201,5013,5013,Slum Area,202,0.93259525,2901220055,TANNEERHALLI_SANJAYNAGAR,Notified,net,RR Nagar,259.5856435738358,"{""type"":""Polygon"",""coordinates"":[[[77.547118,13.0280758],[77.5471857,13.028466000000002],[77.5471019,13.028780099999999],[77.54708960000002,13.028805800000002],[77.5470162,13.028844500000002],[77.5468346,13.0288876],[77.5468713,13.0290182],[77.5468852,13.0290533],[77.5467932,13.029192000000002],[77.5465353,13.029501],[77.5463919,13.029636100000001],[77.5463547,13.0295973],[77.5463253,13.029398400000002],[77.5463284,13.029310300000002],[77.5463082,13.029115600000003],[77.5463879,13.0291029],[77.5463565,13.028806899999998],[77.54616850000001,13.028804299999997],[77.5461703,13.0286976],[77.5461693,13.0286763],[77.5463775,13.028528900000001],[77.5465785,13.0283925],[77.54670020000002,13.0283035],[77.5468085,13.0282274],[77.5469276,13.0281437],[77.547101,13.028039500000002],[77.547118,13.0280758]]]}"
202,5013,5013,Slum Area,203,2.0142796,2901220047,TIGALARAPALYA,Non-Notified,net,RR Nagar,283.07347415101293,"{""type"":""Polygon"",""coordinates"":[[[77.4854447,13.0167474],[77.4851791,13.0169677],[77.4848574,13.015580299999998],[77.4862429,13.015340600000002],[77.486342,13.015869599999998],[77.4863944,13.016263999999998],[77.4864096,13.016579800000002],[77.4857688,13.016625200000002],[77.4856944,13.0165026],[77.4854447,13.0167474]]]}"
203,5013,5013,Slum Area,204,0.08415931,2901220058,TMC_QUARTERS,Notified,net,RR Nagar,0.924547805038153,"{""type"":""Polygon"",""coordinates"":[[[77.4780994,12.909345100000003],[77.47803880000001,12.909554900000002],[77.477887,12.9095232],[77.4778135,12.909477199999998],[77.4777395,12.909439],[77.4777922,12.909250900000002],[77.4780994,12.909345100000003]]]}"
204,5013,5013,Slum Area,205,3.87698221,2901220048,ULLALA_AMBEDKAR_NAGAR,Non-Notified,net,RR Nagar,261.9513315238205,"{""type"":""Polygon"",""coordinates"":[[[77.4767374,12.9666798],[77.4767188,12.966776000000001],[77.4766144,12.966933699999998],[77.4762796,12.9671026],[77.4757941,12.9674723],[77.474758,12.9680855],[77.4744622,12.967325399999998],[77.4741697,12.966458000000001],[77.4742915,12.9664217],[77.4746442,12.9663324],[77.4749348,12.966251300000001],[77.4754198,12.9661945],[77.4762631,12.9658986],[77.4765208,12.965877699999998],[77.4767374,12.9666798]]]}"
205,5013,5013,Slum area,206,1.29064906,2901218003,ABBIGERI_DINNE,Notified,net,Dasarahalli,127.47202238195082,"{""type"":""Polygon"",""coordinates"":[[[77.527077,13.071211999999997],[77.5264468,13.07132],[77.5261514,13.071362699999998],[77.5258484,13.071478600000003],[77.5256197,13.0716792],[77.5255489,13.0717677],[77.5253019,13.071874700000002],[77.5252036,13.071539999999999],[77.5251569,13.071174600000003],[77.5250579,13.070888000000002],[77.5253307,13.070824600000002],[77.5253468,13.0708853],[77.5256747,13.070832199999998],[77.5260131,13.0707287],[77.5261525,13.0706975],[77.5262552,13.0710659],[77.5270225,13.070952199999999],[77.527077,13.071211999999997]]]}"
206,5013,5013,Slum area,207,3.32998204,2901218004,BASAPPANAKATTE_SLUM,Non-Notified,net,Dasarahalli,432.2052106670305,"{""type"":""Polygon"",""coordinates"":[[[77.5138307,13.011906099999997],[77.5136613,13.0119703],[77.5134636,13.0111543],[77.5132118,13.0103812],[77.5135346,13.0102935],[77.5136315,13.010270300000004],[77.514097,13.010220100000002],[77.5141148,13.0103387],[77.514134,13.010327999999998],[77.5144325,13.010308599999998],[77.5146111,13.010433],[77.5146822,13.010908499999998],[77.5146154,13.0110073],[77.5147285,13.011076999999998],[77.5148493,13.010999799999999],[77.5148055,13.0108339],[77.51503080000002,13.010678499999996],[77.5155585,13.010698],[77.5155908,13.010771700000001],[77.5156696,13.011023899999998],[77.5155919,13.0110801],[77.5156716,13.0116113],[77.5151469,13.0117168],[77.5151365,13.0115839],[77.51412540000001,13.011932599999998],[77.5140494,13.011807900000003],[77.5138124,13.0118075],[77.5138307,13.011906099999997]]]}"
207,5013,5013,Slum area,208,0.72562861,,CHOKKASANDRA,,net,Dasarahalli,318.7489839441636,"{""type"":""Polygon"",""coordinates"":[[[77.5141457,13.040559699999996],[77.513929,13.040701900000002],[77.5138297,13.0407235],[77.5137074,13.0407247],[77.5135281,13.0404429],[77.5131595,13.0403351],[77.5130485,13.040242500000002],[77.5128947,13.039852800000004],[77.51297,13.0398274],[77.5130945,13.039841299999999],[77.51323610000001,13.039854200000002],[77.5133489,13.039862399999999],[77.51347840000001,13.0398583],[77.5136055,13.039854099999998],[77.5137824,13.0398536],[77.513901,13.0403983],[77.5140975,13.0403618],[77.5141457,13.040559699999996]]]}"
208,5013,5013,Slum area,209,3.13534236,2901218006,FRIENDS_COLONY,Non-Notified,net,Dasarahalli,1672.6238374597888,"{""type"":""Polygon"",""coordinates"":[[[77.5052301,13.0090779],[77.505299,13.009386399999999],[77.5047492,13.009495899999997],[77.5047713,13.0097323],[77.5041304,13.00968],[77.5033055,13.0095855],[77.5032957,13.0093642],[77.5032231,13.008938199999998],[77.5032044,13.008728900000001],[77.5033447,13.008706500000002],[77.5033186,13.008548000000001],[77.503318,13.0084334],[77.5042739,13.008163899999998],[77.5048031,13.0080006],[77.5048885,13.008257],[77.5049289,13.008246299999998],[77.505003,13.008519099999997],[77.5050973,13.0085046],[77.5052301,13.0090779]]]}"
209,5013,5013,Slum area,210,0.25349399,2901218005,GULBARGA_SLUM,Non-Notified,net,Dasarahalli,128.44023581112134,"{""type"":""Polygon"",""coordinates"":[[[77.5007784,13.0167237],[77.5007878,13.0167398],[77.50071230000002,13.016795800000002],[77.5004467,13.016480499999998],[77.5007934,13.016475400000001],[77.5012286,13.0163247],[77.5013924,13.016576500000001],[77.5013134,13.016610700000003],[77.5010931,13.016737300000003],[77.5009865,13.0165978],[77.5007784,13.0167237]]]}"
210,5013,5013,Slum area,211,4.31350422,2901218009,KAMMAGONDAHALLI,Notified,net,Dasarahalli,637.255600603889,"{""type"":""Polygon"",""coordinates"":[[[77.5351668,13.056304300000003],[77.5351669,13.0565932],[77.5351276,13.0566984],[77.5350793,13.056737799999999],[77.5351307,13.057168700000002],[77.534932,13.057182499999998],[77.5348886,13.0574151],[77.534867,13.0575329],[77.535377,13.0576869],[77.5353409,13.0577141],[77.5351972,13.057798],[77.5351435,13.057876300000002],[77.534962,13.0581472],[77.5349468,13.0581864],[77.5348778,13.0582841],[77.5346792,13.0586017],[77.534516,13.058857599999998],[77.53444320000001,13.0590635],[77.53422660000001,13.059324599999998],[77.5338204,13.060019899999999],[77.533647,13.060092100000002],[77.5335951,13.0598736],[77.5335369,13.0596677],[77.5334928,13.059603999999998],[77.5334497,13.0594454],[77.5334879,13.0591237],[77.5335479,13.0588786],[77.53364150000002,13.058475400000003],[77.5337529,13.058022500000002],[77.5339213,13.0575026],[77.5341577,13.056732400000001],[77.5343024,13.0562075],[77.5351668,13.056304300000003]]]}"
211,5013,5013,Slum area,212,0.86844891,2901218010,KATARAYA_NAGAR,Non-Notified,net,Dasarahalli,55.7724391264074,"{""type"":""Polygon"",""coordinates"":[[[77.4965435,13.057164299999998],[77.4955524,13.057566400000002],[77.4954036,13.056922200000002],[77.4953458,13.0569268],[77.4953268,13.056818699999999],[77.4961737,13.0566693],[77.4964682,13.0566104],[77.4965435,13.057164299999998]]]}"
212,5013,5013,Slum area,213,3.79914451,2901218008,MAHAKALAHASTHI_NAGAR,Non-Notified,net,Dasarahalli,1549.185012757544,"{""type"":""Polygon"",""coordinates"":[[[77.5188229,13.046154199999998],[77.5188892,13.0463084],[77.51886650000002,13.046331999999998],[77.5187764,13.046271400000002],[77.5187111,13.046202],[77.5186119,13.0461429],[77.5184744,13.046147300000001],[77.5183715,13.0461421],[77.5183375,13.0461193],[77.5182289,13.0461099],[77.5180631,13.0461245],[77.5179043,13.0461519],[77.5176338,13.046154700000002],[77.5173836,13.0461367],[77.5172722,13.046126700000002],[77.5171383,13.0460884],[77.51698,13.045991300000003],[77.5168718,13.045941099999999],[77.5166878,13.0456177],[77.5165111,13.045346399999998],[77.5164465,13.045310800000001],[77.5163596,13.0452939],[77.5162879,13.0453033],[77.516187,13.044860700000001],[77.5168995,13.044672500000003],[77.5181486,13.0443235],[77.5182566,13.044627300000002],[77.5183967,13.044961000000004],[77.5184951,13.0452053],[77.51856910000001,13.0453783],[77.5187074,13.045826799999999],[77.5187427,13.0459817],[77.5187786,13.0459765],[77.5188229,13.046154199999998]]]}"
213,5013,5013,Slum area,214,2.22040248,2901218011,MAHALAKSHMI_NAGAR,Non-Notified,net,Dasarahalli,550.5754051058901,"{""type"":""Polygon"",""coordinates"":[[[77.4958954,13.053935600000003],[77.4947591,13.0541447],[77.4939312,13.0544081],[77.4938794,13.054228800000002],[77.4938418,13.0540907],[77.494145,13.0539638],[77.4944665,13.053874000000002],[77.4942497,13.0529873],[77.4953907,13.052708000000003],[77.4958954,13.053935600000003]]]}"
214,5013,5013,Slum area,215,1.54911137,2901218001,MALLASANDRA,Notified,net,Dasarahalli,614.0123142616421,"{""type"":""Polygon"",""coordinates"":[[[77.510427,13.0573931],[77.5108992,13.0576936],[77.5110683,13.057754000000003],[77.5110911,13.058185600000003],[77.5111934,13.058807800000002],[77.5104081,13.058949700000001],[77.5102624,13.058520000000001],[77.5100528,13.057981800000004],[77.5100351,13.057865],[77.5100537,13.057703700000003],[77.510198,13.0572806],[77.510427,13.0573931]]]}"
215,5013,5013,Slum area,216,8.57965946,2901218002,MANJUNATH_NAGAR,Notified,net,Dasarahalli,2000.8537679634844,"{""type"":""Polygon"",""coordinates"":[[[77.4954695,13.052679400000002],[77.4942386,13.0529807],[77.4944555,13.053867699999996],[77.4941419,13.0539553],[77.4938308,13.054085500000001],[77.4938686,13.0542241],[77.4932924,13.054518200000002],[77.4921683,13.0548693],[77.492167,13.0547582],[77.4923142,13.0545321],[77.4923311,13.0541069],[77.4923334,13.054077900000001],[77.4923426,13.053758200000003],[77.4923423,13.0536774],[77.4924857,13.053639000000002],[77.4924141,13.0530621],[77.4924201,13.052819899999998],[77.4924294,13.0524728],[77.4924603,13.0515651],[77.4931993,13.051539200000002],[77.4933231,13.051527500000002],[77.4939234,13.0513669],[77.4944817,13.051261400000001],[77.4947823,13.051189599999999],[77.4948825,13.0515759],[77.4951586,13.0515281],[77.4954695,13.052679400000002]]]}"
216,5013,5013,Slum area,217,2.92956829,2901218012,MARUTHI_NAGAR,Non-Notified,net,Dasarahalli,1528.9275112974876,"{""type"":""Polygon"",""coordinates"":[[[77.5045058,13.0062072],[77.50322350000002,13.006746100000003],[77.50271430000001,13.006955699999999],[77.5021183,13.007245800000002],[77.5020173,13.006781499999999],[77.501921,13.006280800000003],[77.5021916,13.006247199999999],[77.5021864,13.0062115],[77.502234,13.006196899999999],[77.5022082,13.0059851],[77.50214770000001,13.005995799999999],[77.5020788,13.005753200000001],[77.5024694,13.0056698],[77.5029045,13.0055903],[77.502995,13.0058965],[77.5030669,13.0061287],[77.503306,13.006041700000003],[77.5036906,13.005890799999998],[77.50374750000002,13.0060528],[77.5039081,13.0059906],[77.50374750000002,13.005490800000002],[77.5036951,13.005306200000001],[77.5041591,13.0051825],[77.5043951,13.0058721],[77.5045058,13.0062072]]]}"
217,5013,5013,Slum area,218,1.38010108,2901218013,NAGASANDRA,Non-Notified,net,Dasarahalli,308.35865436628757,"{""type"":""Polygon"",""coordinates"":[[[77.503207,13.0447659],[77.5022685,13.044850600000002],[77.5020372,13.0448741],[77.5013885,13.0449203],[77.5012271,13.0440464],[77.50143440000001,13.0441071],[77.5016374,13.044364700000001],[77.5017232,13.044389200000001],[77.5020081,13.044352200000002],[77.502434,13.044144700000002],[77.5026455,13.044045799999997],[77.502715,13.0440316],[77.502808,13.044036600000002],[77.5028848,13.0440538],[77.503207,13.0447659]]]}"
218,5013,5013,Slum area,219,1.52384079,2901218014,NARAYANAPURA,Non-Notified,net,Dasarahalli,620.7246117685355,"{""type"":""Polygon"",""coordinates"":[[[77.5161195,13.028971400000003],[77.515102,13.029127900000002],[77.5148787,13.028031],[77.5154551,13.0279097],[77.5160788,13.0278627],[77.5161195,13.028971400000003]]]}"
219,5013,5013,Slum area,220,15.94734669,2901218015,RAJGOPAL_NAGAR,Non-Notified,net,Dasarahalli,7160.424006383559,"{""type"":""Polygon"",""coordinates"":[[[77.5139062,13.0171135],[77.5139156,13.017253000000002],[77.513949,13.017417499999999],[77.5139332,13.017620700000002],[77.5134045,13.017442000000003],[77.51295440000001,13.017094499999999],[77.5126776,13.0171074],[77.512461,13.017033399999999],[77.5121811,13.0168904],[77.5117356,13.016585499999998],[77.5115668,13.0163898],[77.5114517,13.016200000000001],[77.5109996,13.0152571],[77.5107677,13.014778099999997],[77.5118624,13.0142502],[77.5124314,13.013990300000001],[77.5129896,13.0137772],[77.5134574,13.0136133],[77.5135593,13.0135581],[77.5133958,13.0133731],[77.5132697,13.013295600000001],[77.5132673,13.0132603],[77.513279,13.0132311],[77.5134444,13.0132366],[77.5134987,13.0132139],[77.5134849,13.013048999999999],[77.5135514,13.0128284],[77.5137319,13.012779100000001],[77.5137453,13.012741100000001],[77.5136824,13.012644799999999],[77.5136412,13.012600099999998],[77.5136277,13.012552200000002],[77.5137021,13.0124487],[77.5137596,13.012411400000001],[77.5136861,13.012187900000002],[77.5138884,13.0120909],[77.5138614,13.0119485],[77.5138395,13.011902800000001],[77.5138235,13.011816500000004],[77.5140442,13.0118169],[77.5141213,13.0119436],[77.5151282,13.0115964],[77.5151378,13.0117186],[77.5151347,13.0118965],[77.5151522,13.012520200000003],[77.5151801,13.012788099999998],[77.5151699,13.013074400000002],[77.5150287,13.0131406],[77.5149259,13.0137853],[77.51514610000001,13.0137941],[77.5151304,13.0143665],[77.5151041,13.014415600000001],[77.5149213,13.0146691],[77.5148871,13.014660699999999],[77.514612,13.0151289],[77.5144597,13.015480000000002],[77.514265,13.0160311],[77.5139062,13.0171135]]]}"
220,5013,5013,Slum area,221,1.54027712,2901218016,SHIVA_NAGAR,Non-Notified,net,Dasarahalli,720.6998347263711,"{""type"":""Polygon"",""coordinates"":[[[77.50246760000002,13.005660900000002],[77.5020686,13.0057461],[77.5020789,13.0058236],[77.5019721,13.0058319],[77.5019009,13.0057884],[77.5018997,13.005710199999998],[77.5017837,13.0056582],[77.5014619,13.005644699999998],[77.5013568,13.0056614],[77.5012352,13.0056892],[77.5010458,13.0057695],[77.5010144,13.005705699999998],[77.5008052,13.005751200000002],[77.5006984,13.005738499999998],[77.5005949,13.0056927],[77.5004596,13.0056829],[77.5004058,13.005388699999997],[77.5005805,13.005348899999996],[77.5009489,13.005302500000003],[77.5014424,13.005261499999996],[77.5017724,13.005242],[77.502161,13.005245300000002],[77.50251020000002,13.005213500000002],[77.50275370000001,13.0051554],[77.5031674,13.0050705],[77.5035886,13.0049956],[77.5036305,13.005306500000001],[77.5035943,13.005312499999999],[77.5029281,13.0053994],[77.5028784,13.005432500000001],[77.502902,13.005581600000001],[77.50246760000002,13.005660900000002]]]}"
221,5013,5013,Slum area,222,1.48407733,2901218017,SHIVAPUR_SLUM,Non-Notified,net,Dasarahalli,372.4491231880936,"{""type"":""Polygon"",""coordinates"":[[[77.5092676,13.023771900000002],[77.5092712,13.0240028],[77.5086868,13.0240087],[77.5070838,13.024155199999997],[77.5065922,13.024228000000003],[77.5059251,13.024315500000002],[77.505531,13.0243698],[77.5051821,13.0243848],[77.5051874,13.0242851],[77.5052142,13.024278100000002],[77.5057243,13.024202000000002],[77.5060632,13.0240952],[77.5061039,13.024084899999998],[77.50655,13.023971999999999],[77.506821,13.0239333],[77.5068133,13.023813399999998],[77.5068889,13.0237678],[77.5069976,13.023759499999999],[77.5073218,13.0237807],[77.507768,13.0237653],[77.5078489,13.023762200000002],[77.5081622,13.0236754],[77.5083197,13.0235609],[77.5084933,13.0236258],[77.5086792,13.023668],[77.5089385,13.0236146],[77.5089512,13.023588200000003],[77.5090371,13.0234697],[77.5090958,13.023560699999999],[77.5091758,13.023663900000003],[77.5092676,13.023771900000002]]]}"
222,5013,5013,Slum area,223,1.45630741,2901218018,VINAYAKA_NAGAR,Non-Notified,net,Dasarahalli,107.04819748822379,"{""type"":""Polygon"",""coordinates"":[[[77.4996969,13.0599018],[77.4997088,13.060119300000002],[77.4997258,13.0603844],[77.4997704,13.060654200000002],[77.4992756,13.0607893],[77.4993055,13.0609225],[77.4988939,13.061030599999997],[77.4987489,13.060653600000002],[77.4986411,13.060392100000001],[77.4985092,13.060065400000001],[77.4984837,13.0599761],[77.4988794,13.059832500000002],[77.4993227,13.0596439],[77.4995346,13.0595514],[77.4996124,13.0595487],[77.4996969,13.0599018]]]}"
223,5013,5013,Slum Area,224,0.15167628,2901216021,ASHWATH_NAGAR,Non-Notified,net,West,81.45925544289982,"{""type"":""Polygon"",""coordinates"":[[[77.5630776,12.973978800000001],[77.5630206,12.9743442],[77.5627192,12.974346200000001],[77.5627057,12.973962700000001],[77.5630776,12.973978800000001]]]}"
224,5013,5013,Slum Area,225,2.32191825,2901216004,ASHWATH_KATTE_BANDE_GUDISALU,Non-Notified,net,West,1237.1224386776196,"{""type"":""Polygon"",""coordinates"":[[[77.5523714,12.9556212],[77.5524668,12.9561897],[77.5520248,12.956245999999998],[77.5520011,12.956008599999999],[77.5520022,12.955901699999998],[77.5519837,12.9556137],[77.5519975,12.955461400000003],[77.5519367,12.955139399999998],[77.5519294,12.954895899999999],[77.5519499,12.9543625],[77.5522858,12.9543714],[77.5528682,12.954301800000003],[77.5529395,12.9547439],[77.5529338,12.955085799999999],[77.5530699,12.955076499999999],[77.5530944,12.955059099999998],[77.5531472,12.955016399999998],[77.5533582,12.955020699999999],[77.5533401,12.9552141],[77.5533776,12.955257399999999],[77.5535907,12.9553866],[77.553631,12.9555034],[77.5536705,12.955710600000002],[77.5533999,12.9556543],[77.5533869,12.955735099999998],[77.5530531,12.955759],[77.5528239,12.955761],[77.5523767,12.955602600000002],[77.5523714,12.9556212]]]}"
225,5013,5013,Slum Area,226,0.61280626,2901216059,ARUNDHATHI_NAGAR,Notified,net,West,351.4387295592065,"{""type"":""Polygon"",""coordinates"":[[[77.5672929,12.988456499999998],[77.5665954,12.988497000000002],[77.5665711,12.9877372],[77.5672401,12.987726399999998],[77.5672929,12.988456499999998]]]}"
226,5013,5013,Slum Area,227,2.07629013,2901216091,ASHOKPURAM,Notified,net,West,1184.4687294155945,"{""type"":""Polygon"",""coordinates"":[[[77.5484252,13.0149443],[77.5472714,13.015746],[77.5469789,13.014377999999999],[77.5468893,13.013694000000001],[77.5469348,13.013718199999998],[77.5471065,13.0138928],[77.5472673,13.013943599999998],[77.5474218,13.0139782],[77.5474832,13.014063900000002],[77.5475083,13.0141349],[77.5475566,13.0141221],[77.5479422,13.013866499999999],[77.5484252,13.0149443]]]}"
227,5013,5013,Slum Area,228,0.11717477,2901216040,ANJANEYA_SLUM,Notified,net,West,50.319630462048096,"{""type"":""Polygon"",""coordinates"":[[[77.5796567,13.002216000000002],[77.5794678,13.002274100000001],[77.5791921,13.002410999999999],[77.5791832,13.0023273],[77.579181,13.002220600000001],[77.57919620000001,13.0021139],[77.5796578,13.0020799],[77.5796567,13.002216000000002]]]}"
228,5013,5013,Slum Area,229,0.32298145,2901216037,ANJANEYA_GUDDA,Notified,net,West,152.19594391467524,"{""type"":""Polygon"",""coordinates"":[[[77.52852350000002,12.998920100000001],[77.5284933,12.998872400000002],[77.5286421,12.9987107],[77.5287527,12.998508600000001],[77.5289929,12.998204300000001],[77.5290703,12.998155],[77.5291544,12.998140999999999],[77.5292716,12.998142600000001],[77.5292794,12.998279700000001],[77.5293197,12.9984681],[77.5290984,12.998498099999999],[77.52906760000002,12.9984983],[77.5290169,12.998838199999998],[77.5287604,12.998809300000001],[77.52852350000002,12.998920100000001]]]}"
229,5013,5013,Slum Area,230,0.65561152,2901216038,ANJANEYA_BLOCK,Notified,net,West,348.4704559924556,"{""type"":""Polygon"",""coordinates"":[[[77.5761439,12.993997],[77.5762003,12.994339499999999],[77.5760717,12.994363899999998],[77.5760892,12.994467399999998],[77.575881,12.9945176],[77.5759023,12.994635999999998],[77.5752264,12.994752599999998],[77.5751802,12.9942772],[77.5754605,12.994263100000001],[77.5754412,12.994064000000002],[77.5757554,12.994018599999999],[77.5758429,12.993966400000001],[77.5761058,12.993905599999998],[77.5761439,12.993997]]]}"
230,5013,5013,Slum Area,231,0.55365872,,ANJANAPPA_GARDEN_B_LANE,Notified,net,West,322.8226253733916,"{""type"":""Polygon"",""coordinates"":[[[77.5646278,12.964508099999998],[77.5647931,12.964786900000002],[77.5649244,12.965107299999998],[77.5645575,12.965215499999998],[77.564525,12.9650852],[77.5643278,12.964630899999998],[77.5642168,12.9645225],[77.5641331,12.9644433],[77.5639816,12.964156700000002],[77.5638094,12.9641854],[77.5637372,12.964082300000001],[77.5639946,12.964042199999998],[77.5643304,12.9640977],[77.5646278,12.964508099999998]]]}"
231,5013,5013,Slum Area,232,1.1097641,2901216070,ANJANAPPA_GARDEN,Notified,net,West,639.210710592831,"{""type"":""Polygon"",""coordinates"":[[[77.5643201,12.964636],[77.5645162,12.965088100000001],[77.5645497,12.9652225],[77.5645658,12.965284100000002],[77.564348,12.965335],[77.5643602,12.965394200000002],[77.5640195,12.965460600000002],[77.56379670000001,12.964618099999997],[77.5632366,12.9647506],[77.56301270000002,12.964323],[77.5637271,12.964083900000002],[77.5638051,12.964195299999998],[77.5639765,12.964166700000002],[77.5641256,12.9644487],[77.5642103,12.964528999999999],[77.5643201,12.964636]]]}"
232,5013,5013,Slum Area,233,1.74308538,,ANJANAPPA_GARDEN_A_LANE,Notified,net,West,916.5560111251532,"{""type"":""Polygon"",""coordinates"":[[[77.5655091,12.9653159],[77.5655487,12.965492100000002],[77.5655843,12.965584799999998],[77.5656036,12.965659],[77.5656387,12.965880700000001],[77.5656968,12.966302400000002],[77.5657619,12.966594],[77.5657578,12.9666012],[77.5657506,12.966639000000002],[77.5657036,12.966686100000002],[77.56561590000001,12.9667406],[77.5655231,12.966732999999998],[77.565279,12.966693400000002],[77.5649704,12.9666281],[77.5648001,12.9665841],[77.5646894,12.9659052],[77.5645442,12.9652985],[77.56457710000001,12.9652908],[77.5645597,12.965224199999998],[77.5649357,12.9651135],[77.5649943,12.9651],[77.5651648,12.965125599999999],[77.5651856,12.965186099999999],[77.5654902,12.965160699999998],[77.5655091,12.9653159]]]}"
233,5013,5013,Slum Area,234,0.08772449,2901216043,ANANDA_RAO_CIRCLE,Notified,net,West,40.106024409275435,"{""type"":""Polygon"",""coordinates"":[[[77.5728495,12.982282299999998],[77.5728094,12.9822771],[77.5726253,12.9813295],[77.572574,12.9810479],[77.5726484,12.9810374],[77.5728495,12.982282299999998]]]}"
234,5013,5013,Slum Area,235,1.15351486,2901216034,ANANDAPURA_SLUM,Notified,net,West,648.7695219152114,"{""type"":""Polygon"",""coordinates"":[[[77.5676189,12.9626204],[77.5675828,12.9628208],[77.5674711,12.963274100000001],[77.5666813,12.962960000000002],[77.5667425,12.9624947],[77.5667626,12.962338500000001],[77.5668453,12.962361300000001],[77.5668596,12.961936700000003],[77.5670113,12.9619221],[77.5670247,12.9619937],[77.5673044,12.9619816],[77.567483,12.9620779],[77.567709,12.962146299999999],[77.5676189,12.9626204]]]}"
235,5013,5013,Slum Area,236,0.41126284,2901216082,AMBEDKAR_NAGAR,Notified,net,West,150.6676289876302,"{""type"":""Polygon"",""coordinates"":[[[77.5704899,12.983872400000001],[77.5703901,12.983869200000003],[77.5703702,12.983832000000001],[77.5702443,12.983827600000001],[77.5702416,12.983702300000001],[77.5702463,12.9835161],[77.5702256,12.9832125],[77.5702161,12.982862999999998],[77.5702017,12.9826687],[77.5703082,12.9826503],[77.57031640000001,12.982665400000002],[77.5703265,12.982705700000002],[77.5705548,12.9826815],[77.5704899,12.983872400000001]]]}"
236,5013,5013,Slum Area,237,2.02242899,2901216085,AKCOLONY_SRIRAM_NAGAR,Notified,net,West,1085.9756496055454,"{""type"":""Polygon"",""coordinates"":[[[77.5308757,12.9836891],[77.5309202,12.983935599999999],[77.530978,12.984424],[77.5310771,12.9850478],[77.5306784,12.9851427],[77.530666,12.985182700000001],[77.5303754,12.9852846],[77.5299964,12.985492100000002],[77.5299514,12.985024],[77.5299236,12.984801099999999],[77.5299389,12.9847065],[77.529969,12.984671099999998],[77.5299896,12.984612099999998],[77.5299842,12.984402600000003],[77.5300815,12.983897],[77.5303389,12.9837998],[77.5304306,12.983723099999999],[77.530513,12.9836088],[77.5305162,12.9835419],[77.5305109,12.9834342],[77.5305208,12.9833701],[77.5305423,12.983315600000001],[77.5306036,12.983237100000002],[77.5307468,12.982872999999998],[77.5307839,12.9828232],[77.5308757,12.9836891]]]}"
237,5013,5013,Slum Area,238,0.38614807,2901216030,AK_COLONY_SUBRAHMANYA_NAGAR,Non-Notified,net,West,179.03753554400276,"{""type"":""Polygon"",""coordinates"":[[[77.5599464,13.0065787],[77.559339,13.0065993],[77.559322,13.0061468],[77.5599124,13.005966499999998],[77.5599464,13.0065787]]]}"
238,5013,5013,Slum Area,239,1.11661589,2901216064,ANJANAPPA_GARDEN_C_LANE,Notified,net,West,655.5366426355699,"{""type"":""Polygon"",""coordinates"":[[[77.5656535,12.9651381],[77.565192,12.965176499999998],[77.5651718,12.965117499999998],[77.5649939,12.9650908],[77.5649333,12.9651047],[77.5648014,12.964782900000001],[77.5646355,12.964503200000001],[77.5643432,12.964099799999998],[77.5644989,12.964048600000002],[77.5646896,12.964102600000002],[77.5647615,12.964196100000002],[77.5648324,12.964210600000001],[77.5648694,12.9641856],[77.5648729,12.964056200000002],[77.56496090000002,12.9640714],[77.5649943,12.9641105],[77.5655031,12.9640825],[77.5655711,12.964584300000002],[77.5656535,12.9651381]]]}"
239,5013,5013,Slum Area,240,0.28462875,,BHUVANESHWARI_NAGAR,,net,West,163.12255524280025,"{""type"":""Polygon"",""coordinates"":[[[77.5557563,12.9818689],[77.5558119,12.981993],[77.5555924,12.982060699999996],[77.5552223,12.982092900000001],[77.5551893,12.981669199999999],[77.5556727,12.981586600000002],[77.5557563,12.9818689]]]}"
240,5013,5013,Slum Area,241,3.3085618,2901216083,BHOVI_COLONY,Notified,net,West,1324.4219515931372,"{""type"":""Polygon"",""coordinates"":[[[77.544939,12.989455899999998],[77.5449868,12.989794500000002],[77.5440056,12.990090900000002],[77.5435466,12.9901297],[77.5433128,12.9901007],[77.5427397,12.9901031],[77.5425551,12.988932599999998],[77.5448922,12.988754199999999],[77.544939,12.989455899999998]]]}"
241,5013,5013,Slum Area,242,1.11380744,2901216001,BHAKSHI_GARDEN,Non-Notified,net,West,662.7088074927237,"{""type"":""Polygon"",""coordinates"":[[[77.5692347,12.967086999999998],[77.56923540000001,12.967218599999999],[77.56923,12.967367600000003],[77.5692275,12.9676366],[77.5689368,12.967664000000003],[77.5685939,12.9676928],[77.5684337,12.967724600000002],[77.5681164,12.967699800000002],[77.56815280000001,12.966892800000002],[77.5686767,12.966845200000002],[77.5690017,12.966805699999998],[77.5692327,12.966776999999999],[77.5692347,12.967086999999998]]]}"
242,5013,5013,Slum Area,243,1.33029652,2901216036,BHAGYAJYOTHI_NAGAR,Notified,net,West,766.2630825865502,"{""type"":""Polygon"",""coordinates"":[[[77.5461093,13.0049978],[77.5460105,13.005260999999999],[77.546022,13.005390799999999],[77.5460374,13.0055073],[77.5461775,13.006411200000002],[77.5456029,13.0065205],[77.5455264,13.006643700000001],[77.5453031,13.0066919],[77.5450333,13.0065307],[77.5454497,13.005640300000001],[77.5458385,13.0048629],[77.5461093,13.0049978]]]}"
243,5013,5013,Slum Area,244,0.24316891,2901216080,BAIRAHANUMAIAH_SLUM,Notified,net,West,121.22499401616113,"{""type"":""Polygon"",""coordinates"":[[[77.5571545,13.018200500000003],[77.5572536,13.0183563],[77.55701460000002,13.018444100000002],[77.5568931,13.018476],[77.55668470000002,13.018558799999997],[77.5565915,13.018572500000001],[77.5565696,13.0182225],[77.5570469,13.018091999999998],[77.5571545,13.018200500000003]]]}"
244,5013,5013,Slum Area,245,0.97853982,2901216028,CHAMUNDI_NAGAR,Non-Notified,net,West,547.0257683249081,"{""type"":""Polygon"",""coordinates"":[[[77.5567954,12.982949],[77.5563625,12.9829692],[77.556249,12.9827829],[77.5562201,12.982739099999998],[77.55612490000001,12.9827468],[77.5560468,12.982748500000003],[77.5560005,12.982752099999999],[77.5559008,12.982760600000002],[77.5558466,12.982765499999998],[77.5558264,12.9825336],[77.5560722,12.9824941],[77.5561274,12.9824777],[77.556438,12.9824248],[77.5564002,12.9822006],[77.5563163,12.982214500000001],[77.55625390000002,12.9818488],[77.5561979,12.9818586],[77.5561621,12.981458599999998],[77.5562146,12.9814485],[77.5561926,12.9812947],[77.5565357,12.981244899999998],[77.5567446,12.9824132],[77.5567954,12.982949]]]}"
245,5013,5013,Slum Area,246,2.98350024,2901216097,CHANDRA_NAGAR,Notified,net,West,1304.4574801575905,"{""type"":""Polygon"",""coordinates"":[[[77.5256005,12.9956099],[77.5257317,12.995815299999999],[77.5258638,12.996126300000002],[77.52616140000002,12.996959100000002],[77.5261218,12.9969773],[77.5262115,12.9972395],[77.5257179,12.9973774],[77.5254503,12.997472300000002],[77.5253824,12.9972956],[77.5250605,12.996847300000002],[77.5249912,12.9967722],[77.5247735,12.996411699999998],[77.5245245,12.9960961],[77.5240996,12.995611800000002],[77.5243788,12.9954861],[77.5252472,12.995027500000003],[77.5256005,12.9956099]]]}"
246,5013,5013,Slum Area,247,0.32543898,2901216068,DORAI_SWAMY_NAGAR,Notified,net,West,176.63918720320157,"{""type"":""Polygon"",""coordinates"":[[[77.5641983,12.9661247],[77.5642144,12.9663932],[77.5638023,12.966199200000002],[77.5637876,12.9660459],[77.5636775,12.965666999999998],[77.5640814,12.965589400000002],[77.5641983,12.9661247]]]}"
247,5013,5013,Slum Area,248,1.06370389,2901216049,DR_AMBEDKAR_NAGAR,Notified,net,West,563.7188816444547,"{""type"":""Polygon"",""coordinates"":[[[77.5678329,12.9911894],[77.5673064,12.9912192],[77.5672818,12.990915199999998],[77.5669059,12.990935],[77.5669071,12.990593299999999],[77.5669807,12.9905879],[77.5669781,12.990449800000004],[77.5665575,12.9904635],[77.5665577,12.990347100000001],[77.5667216,12.9903325],[77.5667626,12.9903306],[77.5670608,12.990326200000002],[77.5672883,12.9903284],[77.56729970000002,12.9902929],[77.5673196,12.990237700000002],[77.5673882,12.990089399999999],[77.5674054,12.990065800000002],[77.5675132,12.990066900000002],[77.5676647,12.990062],[77.5678624,12.990059],[77.5678533,12.990531599999999],[77.5678329,12.9911894]]]}"
248,5013,5013,Slum Area,249,0.69266069,2901216066,FLOWER_GARDEN,Notified,net,West,358.1233040603937,"{""type"":""Polygon"",""coordinates"":[[[77.5646803,12.9659069],[77.5647904,12.966581599999998],[77.564554,12.966520100000002],[77.5642239,12.9663977],[77.5642075,12.966123499999998],[77.5640905,12.9655876],[77.5640242,12.9654689],[77.5643711,12.9654013],[77.5643588,12.965341700000002],[77.5645352,12.965300599999999],[77.5646803,12.9659069]]]}"
249,5013,5013,Slum Area,250,1.33520675,2901216073,FAROOQIYA_NAGAR,Notified,net,West,402.064166020412,"{""type"":""Polygon"",""coordinates"":[[[77.554271,12.9631174],[77.554291,12.9632229],[77.5543671,12.9633956],[77.5544381,12.9636178],[77.5542717,12.963665800000001],[77.5540389,12.962904100000001],[77.5538419,12.9629738],[77.55373710000002,12.962585500000001],[77.5536692,12.962210099999998],[77.55357670000001,12.961629699999998],[77.5534601,12.961640599999999],[77.5534037,12.961292000000002],[77.5534869,12.9612702],[77.5535298,12.960926199999998],[77.5535917,12.9609129],[77.5539024,12.9616932],[77.5542183,12.961606800000002],[77.5542345,12.9616028],[77.5542795,12.961583300000001],[77.5544316,12.9622159],[77.55423620000002,12.962246400000002],[77.5542414,12.962282700000001],[77.5542995,12.9626136],[77.5542413,12.962622],[77.5542644,12.962813],[77.5541945,12.9628276],[77.5542262,12.9628808],[77.554271,12.9631174]]]}"
250,5013,5013,Slum Area,251,0.2537379,2901216093,GAJANANA_INDUSTRIAL,Notified,net,West,144.5934455422794,"{""type"":""Polygon"",""coordinates"":[[[77.5508154,13.020397099999999],[77.5511618,13.020425299999998],[77.5511549,13.0207591],[77.5506035,13.0207178],[77.550579,13.0205436],[77.5504931,13.020511900000002],[77.55057,13.0203103],[77.5508154,13.020397099999999]]]}"
251,5013,5013,Slum Area,252,1.3329041,2901216057,GHOUSE_LANE,Notified,net,West,663.9049972234989,"{""type"":""Polygon"",""coordinates"":[[[77.5680467,12.984768600000002],[77.5672277,12.9846806],[77.5670937,12.984312200000002],[77.5672115,12.984262300000001],[77.56723780000002,12.984233799999998],[77.5672457,12.984103700000002],[77.5673968,12.984106299999999],[77.5674173,12.983937300000001],[77.5674992,12.9836949],[77.5675456,12.983518299999998],[77.5675932,12.9833234],[77.56765370000001,12.983048300000002],[77.5678909,12.983078199999996],[77.5680983,12.9831445],[77.5680798,12.9834517],[77.5680467,12.984768600000002]]]}"
252,5013,5013,Slum Area,253,1.80794334,2901216067,GIRIPUR_SLUM,Notified,net,West,1028.2063727883733,"{""type"":""Polygon"",""coordinates"":[[[77.5663655,12.966708900000002],[77.5661102,12.966789699999998],[77.5660146,12.9667984],[77.5656311,12.966741799999998],[77.5657095,12.9666932],[77.5657592,12.966643400000002],[77.5657666,12.966604300000002],[77.5658114,12.9665255],[77.5657782,12.9662323],[77.5658495,12.9662045],[77.5660082,12.966184100000001],[77.5660522,12.9661664],[77.5660564,12.966153700000001],[77.566083,12.9656421],[77.5662048,12.9656548],[77.5662391,12.965302900000001],[77.5666626,12.9653307],[77.5671018,12.965351500000002],[77.5670263,12.9666168],[77.5666015,12.966756],[77.56642240000001,12.9667055],[77.5663655,12.966708900000002]]]}"
253,5013,5013,Slum Area,254,4.7894454,2901216015,GOPALPUR_SLUM,Non-Notified,net,West,2194.5548771876915,"{""type"":""Polygon"",""coordinates"":[[[77.5629194,12.975742899999998],[77.5629222,12.9771268],[77.5623168,12.977288],[77.5619718,12.977321600000002],[77.5603861,12.9772506],[77.560284,12.976654599999998],[77.5602425,12.976018],[77.5602399,12.9758072],[77.5618694,12.975738000000002],[77.5627097,12.975718300000002],[77.5629194,12.975742899999998]]]}"
254,5013,5013,Slum Area,255,0.98313677,,GOUTHAM_NAGAR_YASHWANTHPUR,,net,West,473.25488867666206,"{""type"":""Polygon"",""coordinates"":[[[77.5448918,13.0230455],[77.5448856,13.0231579],[77.5449201,13.023255399999998],[77.5449374,13.023437900000001],[77.5449045,13.023460700000001],[77.5445429,13.0228858],[77.5439297,13.022977700000002],[77.5436885,13.022488199999998],[77.5440276,13.0223269],[77.5440148,13.022169699999997],[77.5439091,13.021893600000002],[77.5440153,13.021790500000002],[77.5441443,13.0217966],[77.5442191,13.021921800000003],[77.5443996,13.0220915],[77.5444623,13.0223348],[77.5445957,13.022331700000002],[77.5447833,13.0228084],[77.5447868,13.022815999999999],[77.5447922,13.0228146],[77.5448918,13.0230455]]]}"
255,5013,5013,Slum Area,256,1.17754233,,GOUTHAM_NAGAR_SRIRAMPUR,,net,West,638.4966899797028,"{""type"":""Polygon"",""coordinates"":[[[77.5674053,12.988937599999998],[77.5673751,12.989800799999998],[77.5673745,12.989800799999998],[77.5665696,12.9898253],[77.5665854,12.989482800000001],[77.5665812,12.9891403],[77.5665918,12.988616500000001],[77.5673871,12.988585499999997],[77.5674053,12.988937599999998]]]}"
256,5013,5013,Slum Area,257,0.98917776,2901216055,HANUMANTHAPPA_COLONY,Notified,net,West,426.62472306793813,"{""type"":""Polygon"",""coordinates"":[[[77.5712161,12.985459099999998],[77.5712425,12.9855702],[77.5713322,12.9861056],[77.5713474,12.986501499999997],[77.5708657,12.9865437],[77.5706084,12.9865576],[77.5705461,12.9862235],[77.5703678,12.985698499999998],[77.5708464,12.9856048],[77.5708464,12.9856046],[77.570956,12.985562999999999],[77.5709347,12.985350000000002],[77.5711715,12.9852898],[77.5712161,12.985459099999998]]]}"
257,5013,5013,Slum Area,258,2.64940071,2901216051,HANUMANTHPUR_SLUM,Notified,net,West,1362.4052516563265,"{""type"":""Polygon"",""coordinates"":[[[77.5679621,12.9884158],[77.5679508,12.9874588],[77.5687401,12.9874902],[77.5688084,12.9865634],[77.5692114,12.9868342],[77.5694655,12.986940300000002],[77.569729,12.9871112],[77.5698019,12.9872936],[77.5698285,12.9873406],[77.5698825,12.987443499999998],[77.5699105,12.987476599999999],[77.5699461,12.987536800000003],[77.5699271,12.9877981],[77.569912,12.988152],[77.5690049,12.988090500000004],[77.5689947,12.9883933],[77.5689947,12.988393499999999],[77.5687085,12.9883903],[77.5679621,12.9884158]]]}"
258,5013,5013,Slum Area,259,0.10323157,2901216023,HARIJAN_COLONY_SRIRAMPUR,Non-Notified,net,West,58.48670630361519,"{""type"":""Polygon"",""coordinates"":[[[77.5673866,12.9885765],[77.566592,12.9886074],[77.5665957,12.9885061],[77.5673806,12.988460399999997],[77.5673866,12.9885765]]]}"
259,5013,5013,Slum Area,260,2.38689876,2901216088,HARIJANA_COLONY_KANTIRAVA_LAYOUT,Notified,net,West,1108.8406150668275,"{""type"":""Polygon"",""coordinates"":[[[77.5351428,13.020761800000002],[77.5350332,13.020764300000002],[77.5347843,13.020858900000002],[77.5347578,13.0207648],[77.5343866,13.0207769],[77.5343372,13.0205439],[77.5342494,13.020151599999998],[77.5341999,13.0199541],[77.5341068,13.019562100000002],[77.5340262,13.019241900000003],[77.5339729,13.019018800000001],[77.5346028,13.018840399999998],[77.5351271,13.018684699999998],[77.53526460000002,13.019124],[77.534994,13.019191000000001],[77.5351331,13.019738999999998],[77.5352312,13.0201063],[77.5352871,13.0203194],[77.5354023,13.020672500000002],[77.5351428,13.020761800000002]]]}"
260,5013,5013,Slum Area,261,0.73377687,2901216062,JAGAJEEVANARAMA_NAGAR_NORTH,Notified,net,West,334.3895566454121,"{""type"":""Polygon"",""coordinates"":[[[77.5584535,12.9645],[77.5584976,12.964841900000001],[77.5585436,12.9651153],[77.5582058,12.9653869],[77.5580653,12.964957199999999],[77.5580129,12.964794300000003],[77.5579701,12.964634999999998],[77.5579171,12.964486300000003],[77.5578751,12.964450100000002],[77.5578338,12.9643051],[77.5577925,12.9640849],[77.5581359,12.9640578],[77.5583882,12.964022],[77.5584535,12.9645]]]}"
261,5013,5013,Slum Area,262,3.16412854,2901216074,JAGAJEEVANARAMA_NAGAR_SOUTH,Notified,net,West,1375.1179796405868,"{""type"":""Polygon"",""coordinates"":[[[77.5565854,12.9640794],[77.5565338,12.963725900000004],[77.5561676,12.9638244],[77.5549825,12.963950799999997],[77.5550223,12.9638041],[77.5551611,12.963522199999998],[77.555408,12.963048399999998],[77.5555049,12.9630009],[77.5556364,12.9629761],[77.5559906,12.9629019],[77.5563756,12.962798400000002],[77.5567474,12.962695900000002],[77.5575063,12.962525099999999],[77.5575346,12.962552299999999],[77.5575459,12.962588200000003],[77.5577501,12.963607100000003],[77.5565854,12.9640794]]]}"
262,5013,5013,Slum Area,263,0.60168731,,JAI_BHEEM_NAGAR,,net,West,333.9310305127911,"{""type"":""Polygon"",""coordinates"":[[[77.5660473,12.966152100000002],[77.56604470000002,12.9661596],[77.5660058,12.9661753],[77.5658472,12.9661957],[77.5657682,12.966226400000004],[77.565802,12.9665237],[77.5657687,12.9665821],[77.5657058,12.9663009],[77.5656478,12.9658794],[77.5656126,12.965657199999999],[77.5655931,12.965582099999997],[77.5655575,12.965489499999999],[77.5655182,12.9653144],[77.5654994,12.9651599],[77.5656545,12.965146999999998],[77.5656664,12.965244799999997],[77.5657703,12.965278799999998],[77.5662299,12.9653024],[77.5661966,12.9656448],[77.5660743,12.9656321],[77.5660473,12.966152100000002]]]}"
263,5013,5013,Slum Area,264,2.18799019,2901216087,JAIMARUTHI_NAGAR,Notified,net,West,1065.4941700654872,"{""type"":""Polygon"",""coordinates"":[[[77.5314841,13.0082217],[77.531637,13.008638399999999],[77.5313287,13.0090034],[77.5310392,13.009519900000003],[77.5307165,13.0097074],[77.5304725,13.009916799999996],[77.5304079,13.0099032],[77.5304106,13.0098672],[77.5304746,13.008821799999998],[77.5305356,13.0086533],[77.5306168,13.0083114],[77.5306419,13.008094100000001],[77.5305632,13.0076906],[77.5307004,13.0074743],[77.5310585,13.0073188],[77.5314841,13.0082217]]]}"
264,5013,5013,Slum Area,265,1.30099237,2901216045,JAKKARAPYANA_COLONY,Notified,net,West,641.6447556439567,"{""type"":""Polygon"",""coordinates"":[[[77.5720765,12.988453200000002],[77.5720569,12.988527000000001],[77.57154,12.989011999999999],[77.5713336,12.988852700000002],[77.5706888,12.9884086],[77.570644,12.988182300000002],[77.5706086,12.9865666],[77.570866,12.986552700000003],[77.5708843,12.9870959],[77.5709065,12.987354500000002],[77.5709309,12.987792200000001],[77.5709572,12.988265200000003],[77.5711545,12.9882743],[77.57146170000001,12.988273299999998],[77.5717039,12.9883126],[77.5718174,12.988363499999998],[77.57198890000001,12.988279300000002],[77.5720765,12.988453200000002]]]}"
265,5013,5013,Slum Area,266,2.6461997,2901216071,JANATHA_COLONY,Notified,net,West,1430.0676915785846,"{""type"":""Polygon"",""coordinates"":[[[77.5515427,12.9600881],[77.5515765,12.9602445],[77.5511043,12.9603304],[77.5509147,12.9603835],[77.5503884,12.960446000000003],[77.550399,12.9599766],[77.5504509,12.959094200000001],[77.5508085,12.959129600000002],[77.5510629,12.9591606],[77.5515419,12.959249699999999],[77.5518905,12.9591244],[77.5521063,12.9591302],[77.5523293,12.959113500000003],[77.5527768,12.9591333],[77.5528656,12.959145],[77.5529461,12.9591693],[77.5530469,12.959162099999999],[77.55305270000001,12.9592158],[77.5531414,12.959228699999999],[77.5531106,12.9593579],[77.5531499,12.959411300000001],[77.5532572,12.959564],[77.5533893,12.959784400000002],[77.5534837,12.959948099999998],[77.553517,12.9600339],[77.5535012,12.9600887],[77.553485,12.960099899999998],[77.5534153,12.9600655],[77.5533022,12.9599183],[77.5530247,12.959614200000003],[77.5525098,12.9596267],[77.5523637,12.9596703],[77.5522641,12.959640399999996],[77.5518046,12.9596053],[77.5517717,12.9596036],[77.5515616,12.9595851],[77.5515605,12.9596657],[77.5514935,12.9596649],[77.5515427,12.9600881]]]}"
266,5013,5013,Slum Area,267,1.82155585,2901216099,JC_NAGAR,Notified,net,West,696.313311288871,"{""type"":""Polygon"",""coordinates"":[[[77.5375158,12.994691300000001],[77.5377323,12.995289499999998],[77.5376105,12.9953303],[77.5373002,12.995377599999998],[77.53725660000002,12.9946252],[77.5369383,12.9946565],[77.5368123,12.9939807],[77.5367019,12.9939239],[77.536679,12.993691899999998],[77.5373139,12.9936087],[77.53810530000001,12.993788],[77.5381119,12.9939212],[77.5382378,12.994525],[77.5375158,12.994691300000001]]]}"
267,5013,5013,Slum Area,268,0.6731438,2901216010,JCW_NAGAR,Non-Notified,net,West,305.7372383865656,"{""type"":""Polygon"",""coordinates"":[[[77.5732066,12.9838819],[77.5735982,12.984023300000002],[77.5739349,12.9841394],[77.5739819,12.9841557],[77.5740282,12.984171699999997],[77.5746952,12.984364699999999],[77.5746773,12.984632699999997],[77.5745779,12.984609],[77.5743101,12.9845364],[77.57411,12.984481],[77.5737341,12.9843722],[77.5736032,12.984336500000001],[77.5735375,12.984305399999998],[77.5734237,12.984276900000001],[77.5732909,12.984232],[77.5732835,12.984229200000001],[77.5732688,12.984224099999999],[77.5732847,12.9841743],[77.5732166,12.9841417],[77.5731865,12.9841293],[77.5731653,12.984115300000001],[77.5730978,12.9840891],[77.5729911,12.9840561],[77.5728711,12.984022600000001],[77.5728632,12.9840137],[77.5728027,12.984013600000003],[77.5728049,12.983973399999996],[77.5726643,12.983974000000002],[77.57267650000001,12.9839395],[77.57269,12.983868999999999],[77.572724,12.983804099999999],[77.5727538,12.983714700000002],[77.5732066,12.9838819]]]}"
268,5013,5013,Slum Area,269,0.99718094,2901216096,KAMALA_NAGAR,Notified,net,West,426.8526076372932,"{""type"":""Polygon"",""coordinates"":[[[77.5300454,12.9968308],[77.5286125,12.997221800000002],[77.5284997,12.996646500000004],[77.5298644,12.996297099999998],[77.5300454,12.9968308]]]}"
269,5013,5013,Slum Area,270,4.90837145,2901216086,KANTEERAVA_NAGAR,Notified,net,West,1982.7564958160997,"{""type"":""Polygon"",""coordinates"":[[[77.5371098,13.0158749],[77.5373182,13.016125199999998],[77.5374671,13.0163154],[77.5375346,13.016472900000002],[77.5375248,13.017121800000002],[77.5372452,13.017186400000002],[77.5371116,13.0172823],[77.53724,13.0175808],[77.5371502,13.017621700000001],[77.5366691,13.0177127],[77.5360184,13.017859],[77.5357924,13.0179346],[77.5355066,13.017234499999997],[77.53514080000001,13.016224400000002],[77.5349457,13.0157118],[77.5352416,13.015696299999998],[77.5355891,13.0157016],[77.535989,13.0157328],[77.53632630000001,13.015786599999998],[77.53652280000001,13.015747200000002],[77.5368013,13.0156706],[77.5371098,13.0158749]]]}"
270,5013,5013,Slum Area,271,1.32255673,2901216084,KAREKALLU,Notified,net,West,695.8549045936734,"{""type"":""Polygon"",""coordinates"":[[[77.5299876,12.985496200000002],[77.5295317,12.9857041],[77.5295503,12.9857939],[77.5290669,12.985904299999998],[77.5290855,12.985696299999999],[77.5290955,12.985489599999998],[77.5290683,12.9853194],[77.5289252,12.984770800000002],[77.5286967,12.9839177],[77.5288056,12.983886299999996],[77.5290072,12.983895],[77.5291466,12.9841132],[77.5294154,12.984886399999999],[77.5295694,12.985094400000001],[77.5299424,12.9850256],[77.5299876,12.985496200000002]]]}"
271,5013,5013,Slum Area,272,0.18923084,2901216079,KARIMANDI_SLUM,Notified,net,West,89.06140005074295,"{""type"":""Polygon"",""coordinates"":[[[77.5584304,13.019168200000001],[77.5581859,13.0193589],[77.5579541,13.0187117],[77.558124,13.018638300000001],[77.5584304,13.019168200000001]]]}"
272,5013,5013,Slum Area,273,1.64911139,2901216041,KENCHAPPA_GARDEN,Notified,net,West,737.1372345569088,"{""type"":""Polygon"",""coordinates"":[[[77.5723298,12.981327300000002],[77.5723702,12.981535599999999],[77.5723789,12.9815749],[77.5724428,12.981896899999999],[77.5724872,12.982155399999998],[77.5725041,12.9822324],[77.57254510000001,12.982421500000001],[77.5725851,12.9826327],[77.5726098,12.982754899999998],[77.5726236,12.982863099999998],[77.5726207,12.9829399],[77.5723306,12.982946599999996],[77.5723044,12.982840999999999],[77.5722826,12.982785099999997],[77.5722525,12.9827079],[77.5722519,12.982668300000002],[77.5722513,12.9826049],[77.57222440000001,12.982539100000002],[77.5722493,12.982472],[77.5721422,12.9823613],[77.5720204,12.982272600000002],[77.5718902,12.9821915],[77.571716,12.982120400000001],[77.571536,12.9820422],[77.5714575,12.981976100000002],[77.5713991,12.981921900000001],[77.5713862,12.981908399999998],[77.5715193,12.9811235],[77.5712277,12.981079700000002],[77.5712418,12.980957099999998],[77.57156500000002,12.9809992],[77.5715716,12.9809671],[77.5717542,12.9810084],[77.5720923,12.981035500000003],[77.572092,12.9809834],[77.5722648,12.9809704],[77.5723298,12.981327300000002]]]}"
273,5013,5013,Slum Area,274,1.33375919,2901216020,KESHAV_NAGAR,Non-Notified,net,West,645.9130097033931,"{""type"":""Polygon"",""coordinates"":[[[77.5634988,12.9715555],[77.5634743,12.971768800000001],[77.5633738,12.972221999999999],[77.5632483,12.972556600000003],[77.5631119,12.972784600000002],[77.563021,12.972844],[77.5629711,12.972855099999999],[77.56280170000001,12.973033],[77.5626716,12.9730307],[77.5626354,12.9722698],[77.562592,12.971434899999998],[77.5634584,12.9713453],[77.5634988,12.9715555]]]}"
274,5013,5013,Slum Area,275,0.65061194,2901216094,KIRLOSKAR_FOUNDRY,Notified,net,West,364.254917159735,"{""type"":""Polygon"",""coordinates"":[[[77.5509937,13.012100299999998],[77.55098800000002,13.012366000000002],[77.5509626,13.0124463],[77.5508182,13.012489300000002],[77.5506647,13.012498800000001],[77.5504005,13.012496800000001],[77.549983,13.012497899999998],[77.5497809,13.0124751],[77.549784,13.0120309],[77.5506461,13.0120485],[77.5509717,13.012039999999999],[77.5509937,13.012100299999998]]]}"
275,5013,5013,Slum Area,276,0.3455852,2901216078,KN_EXTENSION,Notified,net,West,179.85399134018843,"{""type"":""Polygon"",""coordinates"":[[[77.559533,13.020508],[77.5591435,13.020677599999999],[77.5589147,13.020026800000002],[77.5593015,13.01987],[77.559533,13.020508]]]}"
276,5013,5013,Slum Area,277,3.70088935,2901216090,KRISHNANANDA_NAGAR,Notified,net,West,1581.34692586263,"{""type"":""Polygon"",""coordinates"":[[[77.5435785,13.0192155],[77.5436521,13.0200596],[77.5436932,13.0204769],[77.5430107,13.0201482],[77.5425737,13.0199095],[77.5421367,13.0195874],[77.5419199,13.019319499999998],[77.5415856,13.0187601],[77.5421243,13.018609500000002],[77.5420698,13.018365400000004],[77.5419989,13.0183754],[77.5419642,13.018053299999998],[77.5428609,13.0181514],[77.5434724,13.0182406],[77.5435785,13.0192155]]]}"
277,5013,5013,Slum Area,278,0.82262576,2901216052,LAKSHMANRAO_NAGAR,Notified,net,West,349.6159099504059,"{""type"":""Polygon"",""coordinates"":[[[77.5697854,12.9852584],[77.5698508,12.9856039],[77.5695496,12.985552599999998],[77.5693189,12.985453000000001],[77.5691029,12.985380599999997],[77.569078,12.984756099999998],[77.5691558,12.984752500000003],[77.5691863,12.984491699999998],[77.569357,12.984487699999999],[77.5691437,12.9839152],[77.5692203,12.9838935],[77.569296,12.983864399999998],[77.5697854,12.9852584]]]}"
278,5013,5013,Slum Area,279,1.59490561,2901216005,MAHATHMA_GANDHI_SLUM,Non-Notified,net,West,605.7775399002373,"{""type"":""Polygon"",""coordinates"":[[[77.5410064,13.000730900000002],[77.5406507,13.0021551],[77.5402591,13.0020007],[77.5401741,13.001719100000003],[77.5402339,13.0017117],[77.5398212,13.000718900000003],[77.5410966,13.000221300000002],[77.5410064,13.000730900000002]]]}"
279,5013,5013,Slum Area,280,0.08900714,2901216031,MANJUNATH_NAGAR,Non-Notified,net,West,27.504614736519606,"{""type"":""Polygon"",""coordinates"":[[[77.5476183,12.9925618],[77.5477896,12.9925707],[77.54779,12.9928187],[77.5474903,12.992819300000003],[77.5474985,12.9927475],[77.5475086,12.992552399999997],[77.5476183,12.9925618]]]}"
280,5013,5013,Slum Area,281,6.61044645,2901216027,MARIYAPPANA_PALYA,Non-Notified,net,West,2498.578235940372,"{""type"":""Polygon"",""coordinates"":[[[77.5593344,12.995747400000003],[77.5594314,12.9960272],[77.5596595,12.996327200000001],[77.55987580000001,12.996858600000001],[77.5603261,12.9972108],[77.5595036,12.997569099999998],[77.5578503,12.998189300000002],[77.5574026,12.9983065],[77.5573338,12.9971532],[77.5572941,12.996001199999998],[77.5585073,12.995831799999998],[77.5586127,12.9952852],[77.5587586,12.9951542],[77.5591345,12.9950236],[77.5593344,12.995747400000003]]]}"
281,5013,5013,Slum Area,282,1.01802683,2901216072,MOHINPURA,Notified,net,West,522.9819842170266,"{""type"":""Polygon"",""coordinates"":[[[77.5539212,12.959964],[77.5538084,12.959972299999999],[77.5538127,12.9601983],[77.5535926,12.9601604],[77.5535132,12.960080499999998],[77.5535267,12.960033500000002],[77.553492,12.9599443],[77.5533973,12.959779800000002],[77.55326490000002,12.9595591],[77.5531574,12.9594061],[77.5531205,12.959355900000002],[77.5531505,12.959230000000003],[77.55344,12.959115199999998],[77.5539056,12.958854500000001],[77.5539716,12.959047800000002],[77.5540611,12.9592412],[77.5542182,12.9596539],[77.5541709,12.959687900000002],[77.5541845,12.9599406],[77.5540623,12.959937699999998],[77.5539212,12.959964]]]}"
282,5013,5013,Slum Area,283,3.25000882,2901216075,NAGAMMA_NAGAR_KP_AGRAHARA,Notified,net,West,1611.9292063993566,"{""type"":""Polygon"",""coordinates"":[[[77.5635263,12.968236499999996],[77.56346800000001,12.9682601],[77.56334020000001,12.9683072],[77.5632738,12.968347800000002],[77.5632865,12.9683738],[77.5632622,12.968385399999999],[77.5622313,12.968740999999998],[77.5616554,12.968976699999999],[77.56134620000002,12.968416100000002],[77.5610935,12.9678509],[77.5612041,12.9677507],[77.561574,12.967546],[77.5616449,12.9675074],[77.5616839,12.967522700000002],[77.5617178,12.967463200000001],[77.561764,12.967494800000003],[77.5618193,12.967483800000002],[77.5619415,12.9674538],[77.5621421,12.9674095],[77.5624013,12.967369000000001],[77.5626194,12.967364300000002],[77.5628207,12.9674339],[77.5631536,12.967560100000002],[77.5634183,12.9677171],[77.5636756,12.9680037],[77.563791,12.968172499999998],[77.5642839,12.9687405],[77.5642017,12.968802100000001],[77.5638372,12.9684053],[77.5636693,12.9682224],[77.5635263,12.968236499999996]]]}"
283,5013,5013,Slum Area,284,0.34398794,2901216053,NARAYANAPPA_COLONY,Notified,net,West,173.50411915498623,"{""type"":""Polygon"",""coordinates"":[[[77.5687054,12.986380400000002],[77.5682753,12.986388300000002],[77.5683139,12.9857863],[77.5683424,12.985596],[77.56838750000001,12.9853691],[77.56849,12.9853657],[77.5687054,12.986380400000002]]]}"
284,5013,5013,Slum Area,285,0.44883594,,OLD_PENSION_MOHALLA,,net,West,258.73533289292277,"{""type"":""Polygon"",""coordinates"":[[[77.5678535,12.964895300000002],[77.568191,12.964931299999998],[77.5681807,12.9651921],[77.5675836,12.965226499999998],[77.5671497,12.9653188],[77.56717830000001,12.964802200000001],[77.5678535,12.964895300000002]]]}"
285,5013,5013,Slum Area,286,0.36459601,2901216032,PEER_BOUNDARY,Notified,net,West,203.02142333984375,"{""type"":""Polygon"",""coordinates"":[[[77.5698516,12.966858399999998],[77.56955,12.966862],[77.569542,12.967094200000002],[77.5692439,12.967087199999998],[77.5692418,12.966766700000003],[77.5690106,12.966795500000002],[77.5690057,12.9666338],[77.5690109,12.96647],[77.5698634,12.9666593],[77.5698602,12.966759300000001],[77.5698516,12.966858399999998]]]}"
286,5013,5013,Slum Area,287,0.47157022,2901216077,PIPE_LINE,Notified,net,West,240.58145835726867,"{""type"":""Polygon"",""coordinates"":[[[77.5588751,13.0199569],[77.5585897,13.0200398],[77.5584817,13.019753099999999],[77.558275,13.0198138],[77.5582618,13.019778000000002],[77.5581494,13.019817700000003],[77.5580383,13.019526299999997],[77.5585648,13.019105],[77.5586413,13.019283099999999],[77.5588751,13.0199569]]]}"
287,5013,5013,Slum Area,288,0.62365532,2901216024,RAMAKRISHNA_NAGAR,Non-Notified,net,West,329.5842091279871,"{""type"":""Polygon"",""coordinates"":[[[77.5667623,12.9903216],[77.5667209,12.9903235],[77.5665579,12.990338000000001],[77.5665692,12.9898344],[77.5673748,12.989809799999998],[77.5678676,12.989789999999998],[77.5678626,12.99005],[77.5676645,12.990053],[77.5675131,12.990057900000002],[77.5674007,12.9900567],[77.5673802,12.990084899999998],[77.567311,12.9902343],[77.567291,12.9902901],[77.5672815,12.9903193],[77.5670607,12.990317200000002],[77.5667623,12.9903216]]]}"
288,5013,5013,Slum Area,289,1.21159685,2901216009,REESHILDAR_COLONY,Non-Notified,net,West,514.9863775515089,"{""type"":""Polygon"",""coordinates"":[[[77.5734857,12.985377500000002],[77.5735179,12.986200900000002],[77.5723248,12.9861946],[77.5723078,12.9858087],[77.572309,12.9853221],[77.5734857,12.985377500000002]]]}"
289,5013,5013,Slum Area,290,4.95897102,2901216061,RAYAPUR,Notified,net,West,2289.8272232354852,"{""type"":""Polygon"",""coordinates"":[[[77.5557416,12.9661556],[77.5556681,12.9661317],[77.5553259,12.9649801],[77.5552875,12.9644943],[77.556523,12.964155599999998],[77.5566419,12.964610099999998],[77.5578249,12.964307400000001],[77.5578669,12.9644551],[77.5579092,12.964491499999998],[77.5579613,12.9646377],[77.558004,12.9647969],[77.5580566,12.9649599],[77.5581977,12.9653916],[77.5580407,12.9654812],[77.5572067,12.965992300000003],[77.5568435,12.966064799999998],[77.5565029,12.9660393],[77.5557416,12.9661556]]]}"
290,5013,5013,Slum Area,291,0.4095543,2901216054,SANJAYGANDHI_NAGAR,Notified,net,West,163.88110698625152,"{""type"":""Polygon"",""coordinates"":[[[77.5709247,12.985343199999999],[77.5709462,12.985557],[77.5708452,12.9855954],[77.5708346,12.9855145],[77.5708288,12.985470099999999],[77.570808,12.9854228],[77.5707335,12.9851117],[77.5707054,12.984949999999998],[77.57129690000001,12.984759600000002],[77.5713792,12.9850607],[77.5714533,12.985214200000001],[77.571221,12.985441600000003],[77.5711781,12.985278799999998],[77.5709247,12.985343199999999]]]}"
291,5013,5013,Slum Area,292,15.81668663,2901216006,SANNAKKIBAILU,Non-Notified,net,West,5513.15171807981,"{""type"":""Polygon"",""coordinates"":[[[77.5232812,12.9929712],[77.5229778,12.9931009],[77.5223346,12.9923191],[77.5219506,12.992126300000002],[77.5217035,12.991764199999999],[77.52118280000002,12.990732699999999],[77.5209357,12.9902509],[77.5207445,12.989533099999997],[77.5213855,12.9893178],[77.5217149,12.9892995],[77.5218448,12.989258799999998],[77.5217628,12.9887196],[77.5222123,12.988534299999998],[77.5232697,12.988217100000002],[77.5235,12.9887513],[77.523889,12.9886795],[77.523908,12.9890529],[77.5244235,12.9889914],[77.5244883,12.989521299999998],[77.523912,12.9896419],[77.5240415,12.9899815],[77.5241142,12.9902466],[77.5242532,12.9907782],[77.5243397,12.991052200000002],[77.5244797,12.991371099999999],[77.5253553,12.990935200000003],[77.5255853,12.991597300000002],[77.5257172,12.991865800000001],[77.5254059,12.9919667],[77.5252443,12.9920343],[77.5252329,12.9922032],[77.5244208,12.992510400000002],[77.5243043,12.992568900000002],[77.5243132,12.992719400000002],[77.5242118,12.992816],[77.524017,12.9929378],[77.52357060000001,12.9929039],[77.5232812,12.9929712]]]}"
292,5013,5013,Slum Area,293,0.34770888,2901216058,SELVA_NAGAR,Notified,net,West,203.51505414177387,"{""type"":""Polygon"",""coordinates"":[[[77.5675086,12.985767800000001],[77.5667565,12.985796399999998],[77.566755,12.9853419],[77.5673238,12.9853735],[77.5673251,12.985524900000001],[77.5675077,12.9855163],[77.5675086,12.985767800000001]]]}"
293,5013,5013,Slum Area,294,0.33066329,2901216013,SHASTHRI_NAGAR,Non-Notified,net,West,137.77741423962163,"{""type"":""Polygon"",""coordinates"":[[[77.5707245,12.985113499999999],[77.5707992,12.9854257],[77.5708198,12.985472500000002],[77.5708255,12.985515699999999],[77.5708362,12.9855976],[77.5703649,12.9856899],[77.57020990000001,12.9855857],[77.57027500000001,12.985479799999997],[77.5703507,12.9852813],[77.570414,12.9851797],[77.5705315,12.9850309],[77.57062180000001,12.9849744],[77.5706965,12.984952599999996],[77.5707245,12.985113499999999]]]}"
294,5013,5013,Slum Area,295,1.35311675,2901216081,SHERIFF_HUTS,Notified,net,West,758.7899587593827,"{""type"":""Polygon"",""coordinates"":[[[77.5552878,13.0169923],[77.5548708,13.017999800000002],[77.5549205,13.018016599999997],[77.5546835,13.018622],[77.5545956,13.0189344],[77.5545402,13.019139699999998],[77.5545493,13.019200199999998],[77.5547456,13.019202500000002],[77.5547739,13.019381099999999],[77.5547937,13.019406100000001],[77.554789,13.019763000000003],[77.5543163,13.0197689],[77.5543155,13.0197093],[77.5542233,13.0194751],[77.5541536,13.019297199999999],[77.5540683,13.0192016],[77.5539807,13.019149700000002],[77.5539665,13.0190954],[77.5551439,13.016931499999998],[77.5552878,13.0169923]]]}"
295,5013,5013,Slum Area,296,0.52395594,2901216022,SIDDALINGA_NAGAR,Non-Notified,net,West,241.8882022633272,"{""type"":""Polygon"",""coordinates"":[[[77.5630149,12.9731752],[77.5632026,12.9732247],[77.5631635,12.973429000000001],[77.5630791,12.973969899999998],[77.5627054,12.9739536],[77.56267190000001,12.9730397],[77.5628057,12.973042099999999],[77.5629759,12.972863299999998],[77.5630247,12.972852500000002],[77.5631095,12.972797],[77.5630636,12.9730361],[77.5630149,12.9731752]]]}"
296,5013,5013,Slum Area,297,0.08928831,2901216100,SLUM_BOARD,Notified,net,West,45.220663631663605,"{""type"":""Polygon"",""coordinates"":[[[77.5791198,13.002010400000001],[77.5791292,13.0022503],[77.5788792,13.002366800000003],[77.578875,13.002009],[77.5791198,13.002010400000001]]]}"
297,5013,5013,Slum Area,298,1.35855055,2901216095,SOMESHWAR_NAGAR,Notified,net,West,521.7439766678156,"{""type"":""Polygon"",""coordinates"":[[[77.5445425,13.019006600000003],[77.54384780000001,13.0183701],[77.5439273,13.0182685],[77.543981,13.018135799999998],[77.5440188,13.0180713],[77.5440889,13.0181062],[77.5442257,13.017875199999999],[77.5442674,13.0178249],[77.5443715,13.017610800000002],[77.5444261,13.0175364],[77.5445537,13.017289200000002],[77.54520650000002,13.017588800000002],[77.5445425,13.019006600000003]]]}"
298,5013,5013,Slum Area,299,0.30601814,2901216047,SWEEPER_COLONY,Notified,net,West,122.35967203776042,"{""type"":""Polygon"",""coordinates"":[[[77.5719496,12.984829],[77.5715206,12.985123600000003],[77.5714603,12.985207499999998],[77.5713878,12.9850576],[77.5713056,12.984756800000001],[77.5713093,12.984663400000002],[77.5713756,12.9846323],[77.571869,12.984543900000002],[77.5719496,12.984829]]]}"
299,5013,5013,Slum Area,300,3.92496037,2901216011,SWATHANTHRA_PALYA,Non-Notified,net,West,2078.88384327608,"{""type"":""Polygon"",""coordinates"":[[[77.568594,12.990058800000002],[77.5681108,12.990123],[77.5679377,12.990115999999999],[77.5679692,12.988849500000002],[77.5688547,12.988832000000002],[77.5688667,12.9887225],[77.568998,12.9885541],[77.5690039,12.9883936],[77.5690138,12.9881001],[77.5699116,12.988161000000002],[77.5701174,12.988175],[77.5699192,12.9900502],[77.56932180000001,12.9900415],[77.5689162,12.990039500000002],[77.568594,12.990058800000002]]]}"
300,5013,5013,Slum Area,301,0.5125019,2901216008,VV_GIRI_SLUM,Non-Notified,net,West,231.96900933957568,"{""type"":""Polygon"",""coordinates"":[[[77.5727952,12.983982500000002],[77.572793,12.984022600000003],[77.572859,12.984022700000002],[77.5728659,12.9840306],[77.5729884,12.9840648],[77.5730947,12.9840976],[77.573161,12.984123299999998],[77.573182,12.9841373],[77.5732128,12.984149899999998],[77.5732735,12.984178999999997],[77.5732574,12.9842297],[77.5732803,12.9842377],[77.5732878,12.9842405],[77.573421,12.9842855],[77.5735343,12.984313899999998],[77.5735999,12.984345000000001],[77.5737316,12.984380900000001],[77.5741074,12.9844897],[77.5743076,12.984545100000002],[77.5745755,12.9846177],[77.5746767,12.9846419],[77.5746627,12.984851199999998],[77.5738046,12.984591300000002],[77.5735848,12.984524799999999],[77.57259330000001,12.9841753],[77.5726611,12.983983],[77.5727952,12.983982500000002]]]}"
301,5013,5013,Slum Area,302,0.50791574,2901216056,VST_COLONY,Notified,net,West,208.89207141352637,"{""type"":""Polygon"",""coordinates"":[[[77.5669637,12.972370600000001],[77.5669924,12.972541200000002],[77.56702240000001,12.9726477],[77.5669797,12.972917199999998],[77.5667982,12.973503100000002],[77.56676360000002,12.9734953],[77.5667161,12.9734036],[77.5666403,12.9733245],[77.5665557,12.9732937],[77.5664754,12.973267],[77.5666169,12.9726851],[77.5667707,12.972060599999997],[77.5669637,12.972370600000001]]]}"
302,5013,5013,Slum Area,303,0.3766776,2901216060,VS_GARDEN,Notified,net,West,196.88537789139093,"{""type"":""Polygon"",""coordinates"":[[[77.5535221,12.9678097],[77.5535009,12.968046299999997],[77.5528921,12.9682594],[77.5528604,12.968098500000004],[77.5527811,12.9678748],[77.5532199,12.967705199999997],[77.55357350000001,12.967484200000001],[77.5535221,12.9678097]]]}"
303,5013,5013,Slum Area,304,3.40257239,2901216007,VRUSHABHAVATHI_NAGAR,Non-Notified,net,West,1845.0790297564336,"{""type"":""Polygon"",""coordinates"":[[[77.5276582,12.994207200000002],[77.5267754,12.994448599999997],[77.5259574,12.9946794],[77.525728,12.993833099999998],[77.5255426,12.992926700000002],[77.5263621,12.9927973],[77.5267361,12.992691700000002],[77.5269441,12.993034500000002],[77.5272798,12.992947399999998],[77.5276582,12.994207200000002]]]}"
304,5013,5013,Slum Area,305,1.46892941,2901216003,VENKATARAMANA_SLUM,Non-Notified,net,West,538.9247636383654,"{""type"":""Polygon"",""coordinates"":[[[77.5611135,12.955663999999997],[77.5606995,12.955688200000003],[77.5606468,12.9558344],[77.5606462,12.9560127],[77.5598586,12.9560329],[77.55984770000002,12.955793099999998],[77.5598974,12.9557913],[77.55980390000002,12.9549409],[77.560518,12.9548673],[77.5605344,12.9549948],[77.5611576,12.954986100000001],[77.5611457,12.955276],[77.56114530000002,12.955396300000002],[77.5611249,12.955396399999998],[77.5611135,12.955663999999997]]]}"
305,5013,5013,Slum Area,306,0.42024389,2901216044,VIVEKANANDA_COLONY,Notified,net,West,192.16255457261028,"{""type"":""Polygon"",""coordinates"":[[[77.5699481,12.9860011],[77.5699993,12.9867409],[77.5700105,12.9875401],[77.5699606,12.9875432],[77.5699181,12.987471400000002],[77.5698903,12.987438500000001],[77.56983660000002,12.987336299999999],[77.5698102,12.9872898],[77.5697311,12.9870918],[77.5697913,12.986541299999999],[77.5697077,12.986231999999998],[77.5697389,12.9859533],[77.5699317,12.985886000000002],[77.5699481,12.9860011]]]}"
306,5013,5013,Slum Area,307,2.18805528,2901216039,VIVEKANANDA_BLOCK,Notified,net,West,1175.816220032935,"{""type"":""Polygon"",""coordinates"":[[[77.5759977,12.997572800000002],[77.5762018,12.997581100000001],[77.576491,12.997587600000001],[77.5765185,12.997837300000002],[77.5765354,12.998125600000002],[77.576587,12.998907999999998],[77.57514750000001,12.9988926],[77.575155,12.998611000000002],[77.5751608,12.998335099999998],[77.5752078,12.998057199999998],[77.5752326,12.997747100000002],[77.5751983,12.9975146],[77.5759977,12.997572800000002]]]}"
307,5013,5013,Slum Area,308,8.49722672,2901216089,VIJAYANANDA_NAGAR,Notified,net,West,4688.759864358341,"{""type"":""Polygon"",""coordinates"":[[[77.5421272,13.016686399999998],[77.54239430000001,13.017008799999997],[77.5427711,13.0172765],[77.5427477,13.0173849],[77.5430612,13.017561699999998],[77.5429191,13.018035500000002],[77.5426881,13.018114300000002],[77.5417197,13.017996999999998],[77.5414867,13.017456099999999],[77.5411479,13.016615899999998],[77.540814,13.016762999999997],[77.5406492,13.0164233],[77.5404931,13.0160518],[77.540354,13.0156852],[77.5398915,13.0142356],[77.5396539,13.013545899999999],[77.5396524,13.013370100000001],[77.5398774,13.0124948],[77.5402155,13.012594899999998],[77.5405865,13.012448599999999],[77.5407362,13.012433000000001],[77.5409237,13.013153600000003],[77.5408873,13.0132686],[77.5409676,13.013757499999999],[77.5411549,13.0142553],[77.5414508,13.0149594],[77.5415536,13.0152444],[77.5416718,13.0155151],[77.5420752,13.0161948],[77.5418928,13.0162835],[77.5421272,13.016686399999998]]]}"
308,5013,5013,Slum Area,309,1.960199,2901216002,TIPPU_NAGAR,Non-Notified,net,West,1053.1551808076745,"{""type"":""Polygon"",""coordinates"":[[[77.5667336,12.9624915],[77.5661947,12.962294299999998],[77.5663007,12.9620461],[77.5662916,12.961944099999998],[77.5660324,12.961948700000002],[77.5657415,12.961930899999997],[77.5657091,12.961826200000003],[77.5655534,12.9614441],[77.5655982,12.961020399999999],[77.5657612,12.961032199999998],[77.56576620000001,12.961140199999997],[77.5661997,12.961118100000002],[77.5667525,12.961019],[77.5670367,12.9609768],[77.5670823,12.961265699999998],[77.5671342,12.961262900000001],[77.5671935,12.961643000000002],[77.5672516,12.9617308],[77.5673025,12.9619727],[77.5670323,12.961984300000001],[77.5670188,12.961912300000002],[77.5668506,12.9619285],[77.5668364,12.9623495],[77.5667548,12.962327],[77.5667336,12.9624915]]]}"
309,5013,5013,Slum Area,310,2.38763928,2901216033,TIMBER_YARD_COTTONPET,Notified,net,West,1410.5044890759036,"{""type"":""Polygon"",""coordinates"":[[[77.5700652,12.9654344],[77.5697606,12.9654664],[77.5696695,12.965516],[77.5690115,12.965587000000001],[77.5690017,12.966468],[77.5689965,12.9666338],[77.5690014,12.966796599999999],[77.5690005,12.9667967],[77.5686757,12.9668362],[77.5681532,12.9668837],[77.5682377,12.965187900000002],[77.5691991,12.9649983],[77.5700366,12.9648812],[77.5700652,12.9654344]]]}"
310,5013,5013,Slum Area,311,0.62303531,2901216019,THAMMAIAPPA_PARK,Non-Notified,net,West,351.32176681219363,"{""type"":""Polygon"",""coordinates"":[[[77.561559,12.9722311],[77.5615684,12.972863199999999],[77.5609291,12.972904400000001],[77.5609095,12.9720721],[77.5610915,12.972110700000002],[77.5615218,12.972026499999998],[77.561559,12.9722311]]]}"
311,5013,5013,Slum Area,312,0.61270523,2901216014,BASAVESHWAR_NAGAR,Non-Notified,net,West,300.8884873334099,"{""type"":""Polygon"",""coordinates"":[[[77.5660691,12.975698099999999],[77.565932,12.9757062],[77.56575,12.975703000000001],[77.5657336,12.975566499999998],[77.565472,12.9756117],[77.5654143,12.975578],[77.5653359,12.975238499999998],[77.56574050000002,12.974914700000001],[77.5662682,12.9750393],[77.5660691,12.975698099999999]]]}"
312,5013,5013,Slum Area,313,0.26506108,2901216035,BHEEMASHAKTHI_NAGAR,Notified,net,West,122.69972223020068,"{""type"":""Polygon"",""coordinates"":[[[77.5501643,13.0070944],[77.5502454,13.0071726],[77.5503709,13.007244900000002],[77.5502611,13.007855900000001],[77.5501938,13.0078514],[77.5501304,13.0076406],[77.5500751,13.0076308],[77.5500258,13.007472400000001],[77.5498802,13.007117500000001],[77.5499451,13.0070874],[77.5500511,13.006965300000003],[77.5501643,13.0070944]]]}"
313,5013,5013,Slum Area,314,0.14979704,2901215073,NARAYANAPURA,Notified,net,South,3.151788808785233,"{""type"":""Polygon"",""coordinates"":[[[77.602183,12.9482065],[77.6022726,12.948488500000002],[77.60203080000001,12.9485337],[77.6019752,12.948509600000001],[77.6018857,12.9481196],[77.60213530000001,12.948034399999997],[77.602183,12.9482065]]]}"
314,5013,5013,Slum Area,315,8.91429329,2901215080,RAJENDRA_NAGAR,Notified,net,South,56.61569085775637,"{""type"":""Polygon"",""coordinates"":[[[77.6182934,12.945665800000002],[77.6183504,12.945961799999997],[77.6184184,12.946112600000001],[77.6190577,12.947325300000001],[77.6187176,12.9474995],[77.6182432,12.947781600000003],[77.6169528,12.9484941],[77.6166359,12.948630000000001],[77.6165243,12.9484997],[77.6164624,12.948416600000002],[77.616444,12.948356900000002],[77.6164126,12.948048300000002],[77.61636940000001,12.9478422],[77.6163311,12.947690999999999],[77.6162828,12.9475377],[77.61619700000001,12.947300199999999],[77.6161458,12.947153],[77.616122,12.947034500000001],[77.6161105,12.9469212],[77.6161255,12.9466735],[77.6161872,12.946197400000003],[77.6163648,12.945664299999997],[77.616543,12.945215500000002],[77.6166384,12.945107000000002],[77.6168908,12.944966800000001],[77.61801620000001,12.9445565],[77.6182934,12.945665800000002]]]}"
315,5013,5013,Slum Area,316,0.83144999,2901215014,AK_COLONY_HOSAKEREHALLI,Non-Notified,net,South,16.099213057873296,"{""type"":""Polygon"",""coordinates"":[[[77.5389772,12.9304808],[77.5388255,12.930535900000004],[77.538544,12.9304605],[77.5383416,12.930401000000002],[77.5381406,12.930412499999997],[77.5380785,12.9299054],[77.5380701,12.929629500000003],[77.5382845,12.9296194],[77.5386034,12.9296738],[77.5388272,12.9297551],[77.5390349,12.9298797],[77.5389779,12.930201],[77.5389772,12.9304808]]]}"
316,5013,5013,Slum Area,317,4.77277994,2901215082,AK_COLONY_KORAMANGALA,Notified,net,South,1281.708979774924,"{""type"":""Polygon"",""coordinates"":[[[77.6345863,12.936189399999996],[77.6344676,12.936334699999998],[77.6342099,12.9365373],[77.6334691,12.937191499999999],[77.6328686,12.9380932],[77.6327156,12.938449999999998],[77.6316481,12.938459100000001],[77.6314905,12.937765500000001],[77.6310117,12.9375954],[77.6310638,12.937454500000003],[77.6311073,12.9373694],[77.6312175,12.9372742],[77.6312599,12.937265300000002],[77.6317043,12.937030400000001],[77.6317577,12.936976100000003],[77.6322263,12.936753299999998],[77.6321963,12.9366521],[77.6327016,12.9364457],[77.6332121,12.9362494],[77.6332413,12.936209],[77.6334565,12.9361458],[77.633755,12.9360695],[77.6340552,12.936056899999999],[77.6345863,12.936189399999996]]]}"
317,5013,5013,Slum Area,318,3.67151356,2901215052,AMBEDKAR_NAGAR83,Notified,net,South,56.5753418193144,"{""type"":""Polygon"",""coordinates"":[[[77.5726793,12.9183608],[77.5726645,12.9186106],[77.57250810000001,12.918795500000002],[77.5725733,12.9191806],[77.5724872,12.9192007],[77.5725046,12.9193433],[77.5725513,12.919494699999998],[77.571378,12.919637000000002],[77.5708251,12.9197373],[77.5708448,12.919702999999998],[77.5708623,12.919592400000003],[77.5709964,12.919311700000002],[77.5709937,12.919286800000002],[77.5710505,12.919129],[77.571097,12.918777500000001],[77.5711261,12.9185749],[77.5711502,12.918406400000002],[77.5711704,12.9182495],[77.5711822,12.9182048],[77.5719178,12.918150800000001],[77.571875,12.9178241],[77.5719032,12.917509000000003],[77.5719442,12.917371500000002],[77.5719391,12.917228700000003],[77.57185670000001,12.917211200000002],[77.5718464,12.9166655],[77.5720337,12.916662599999999],[77.5720459,12.9168544],[77.5720645,12.9169749],[77.5724411,12.916932999999998],[77.5724815,12.916976000000002],[77.5725086,12.917033300000002],[77.5725788,12.9171528],[77.5725907,12.918143999999998],[77.5726686,12.918130600000001],[77.5726793,12.9183608]]]}"
318,5013,5013,Slum Area,319,1.80832326,2901215104,AMBEDKAR_NAGAR_6TH_BLOCK,Notified,net,South,25.331295492134842,"{""type"":""Polygon"",""coordinates"":[[[77.5795712,12.934224600000002],[77.5782567,12.934250100000002],[77.5782511,12.933117600000001],[77.5795963,12.9330939],[77.5795712,12.934224600000002]]]}"
319,5013,5013,Slum Area,320,1.36776924,2901215103,AMBEDKAR_NAGAR_7TH_BLOCK,Notified,net,South,29.074850650862153,"{""type"":""Polygon"",""coordinates"":[[[77.5750133,12.929223600000002],[77.5746124,12.929279],[77.573704,12.929543200000001],[77.573685,12.9286624],[77.5740476,12.9286389],[77.5739986,12.928260800000002],[77.5748157,12.9281713],[77.5748269,12.9282396],[77.5749136,12.9287163],[77.5743025,12.9288226],[77.5743577,12.9290244],[77.5749613,12.9289473],[77.5750133,12.929223600000002]]]}"
320,5013,5013,Slum Area,321,0.96753293,2901215072,ANJANEYA_NAGAR,Notified,net,South,476.7131740196078,"{""type"":""Polygon"",""coordinates"":[[[77.5939069,12.9477521],[77.5936988,12.948201599999997],[77.5936144,12.948373600000002],[77.5934973,12.9485163],[77.59343,12.9485392],[77.5932759,12.9484972],[77.5930777,12.9484526],[77.5927622,12.9482379],[77.5927373,12.9477338],[77.5928166,12.947714700000004],[77.5928355,12.947741200000003],[77.5928842,12.9477135],[77.5929392,12.9476914],[77.59306060000002,12.947675200000003],[77.5931647,12.947649],[77.5933597,12.947620400000002],[77.5934596,12.9475886],[77.5935478,12.9475003],[77.5939069,12.9477521]]]}"
321,5013,5013,Slum Area,322,4.70430088,2901215039,APPAJAPPA_GARDEN,Notified,net,South,2469.0876913631664,"{""type"":""Polygon"",""coordinates"":[[[77.5800233,12.956315400000001],[77.5800952,12.956704500000003],[77.5800977,12.9570969],[77.580102,12.9573375],[77.579394,12.9574772],[77.5786138,12.9576432],[77.5786216,12.9576909],[77.5784099,12.9577149],[77.5784237,12.957799500000002],[77.577832,12.9579686],[77.577605,12.9580192],[77.5774411,12.956971],[77.5778769,12.9568993],[77.5777724,12.956547],[77.57774710000001,12.9564603],[77.5778587,12.956429900000002],[77.5778846,12.956327099999998],[77.5789712,12.955891399999999],[77.5793159,12.955772699999999],[77.579396,12.9559539],[77.57982350000002,12.9558101],[77.5800233,12.956315400000001]]]}"
322,5013,5013,Slum Area,323,1.16991568,2901215110,ARASU_COLONY,Notified,net,South,16.852995550866222,"{""type"":""Polygon"",""coordinates"":[[[77.5977511,12.9237935],[77.5978284,12.9244273],[77.5973188,12.9244667],[77.5973041,12.923811599999999],[77.5972938,12.923193299999998],[77.5986108,12.923178600000002],[77.598634,12.923623100000002],[77.5977524,12.923631799999999],[77.5977511,12.9237935]]]}"
323,5013,5013,Slum Area,324,7.92075777,2901215054,ARUNDATHI_NAGAR,Non-Notified,net,South,1878.6657040091122,"{""type"":""Polygon"",""coordinates"":[[[77.52638240000002,12.953572899999998],[77.5264281,12.953797899999998],[77.5262868,12.953820600000002],[77.5264995,12.9544951],[77.5262237,12.954530899999998],[77.5262455,12.954695],[77.5261028,12.954715100000001],[77.5261108,12.955051200000002],[77.5251549,12.955047599999997],[77.5243147,12.955025499999998],[77.5242737,12.9537913],[77.5242356,12.9531857],[77.52419830000001,12.952521500000001],[77.524135,12.9516698],[77.5248611,12.951591899999999],[77.5254352,12.9515613],[77.5254611,12.951961399999998],[77.5259494,12.951870100000002],[77.5260426,12.9524337],[77.5260876,12.9524275],[77.5261703,12.9529352],[77.526202,12.9529299],[77.52638240000002,12.953572899999998]]]}"
324,5013,5013,Slum Area,325,2.38120532,2901215071,BADA_MAKAAN,Notified,net,South,672.0234888263777,"{""type"":""Polygon"",""coordinates"":[[[77.5891193,12.954561700000001],[77.5883067,12.9548475],[77.5873361,12.9551343],[77.5871825,12.954628100000003],[77.5872229,12.9546129],[77.58716980000001,12.954436300000001],[77.5871157,12.9544535],[77.5869743,12.9540014],[77.58682020000002,12.953590100000001],[77.58692670000002,12.953501100000002],[77.5869079,12.9533963],[77.5869126,12.953340599999999],[77.5871204,12.953233999999998],[77.5872498,12.953377599999998],[77.5873702,12.9534896],[77.5878244,12.953265],[77.5879752,12.9536707],[77.5878146,12.953726700000002],[77.5877588,12.9537425],[77.5879501,12.954443000000001],[77.5887149,12.9541826],[77.5888919,12.9541276],[77.5891193,12.954561700000001]]]}"
325,5013,5013,Slum Area,326,2.52904201,2901215023,BHAVANI_NAGAR,Non-Notified,net,South,37.36196591246362,"{""type"":""Polygon"",""coordinates"":[[[77.5663066,12.915593100000002],[77.5662933,12.9156666],[77.566207,12.915769599999999],[77.5661136,12.9158861],[77.5660718,12.915961300000001],[77.5659797,12.9160054],[77.5660037,12.916107899999998],[77.5649927,12.9169115],[77.5648969,12.916841099999997],[77.5653189,12.915682999999998],[77.5659403,12.9142116],[77.566089,12.9141506],[77.5663295,12.9140632],[77.566713,12.9155177],[77.5664762,12.915605300000001],[77.5664529,12.915542299999998],[77.5663066,12.915593100000002]]]}"
326,5013,5013,Slum Area,327,1.97461176,2901215087,BHOVI_COLONY,Notified,net,South,47.21965628231273,"{""type"":""Polygon"",""coordinates"":[[[77.6094758,12.929635900000001],[77.6087891,12.929629500000003],[77.6087302,12.929624300000002],[77.6081224,12.929622900000002],[77.6081038,12.929225200000003],[77.60802730000002,12.9283685],[77.6092036,12.9282886],[77.6094758,12.929635900000001]]]}"
327,5013,5013,Slum Area,328,1.00128698,2901215005,BHOVI_COLONY_TR_NAGAR,Non-Notified,net,South,16.922308502945246,"{""type"":""Polygon"",""coordinates"":[[[77.56732540000002,12.932224],[77.5662979,12.932560999999998],[77.5660938,12.9318001],[77.5670823,12.931478000000002],[77.56732540000002,12.932224]]]}"
328,5013,5013,Slum Area,329,0.16389197,2901215007,BORE_GOWDA_SLUM,Non-Notified,net,South,91.24963809742647,"{""type"":""Polygon"",""coordinates"":[[[77.5503077,12.9507124],[77.5503203,12.9509559],[77.5501527,12.950980299999998],[77.5500471,12.9510114],[77.5500831,12.9504269],[77.55014450000002,12.9504237],[77.5503107,12.950421099999998],[77.5503077,12.9507124]]]}"
329,5013,5013,Slum Area,330,0.20263152,2901215076,BRUNDAVAN_GARDEN,Notified,net,South,3.1483989229389264,"{""type"":""Polygon"",""coordinates"":[[[77.6024539,12.945023600000004],[77.6021575,12.945208800000001],[77.60217910000001,12.945391899999999],[77.6019699,12.945517500000001],[77.6018099,12.9450436],[77.6021614,12.944993600000002],[77.6023896,12.9449507],[77.6024539,12.945023600000004]]]}"
330,5013,5013,Slum Area,331,2.23517776,2901215013,CHAMUNDI_NAGAR,Non-Notified,net,South,30.082041415046245,"{""type"":""Polygon"",""coordinates"":[[[77.5397232,12.9364082],[77.5397719,12.936651100000002],[77.5399167,12.9378193],[77.5393826,12.937932699999998],[77.5388141,12.937972799999999],[77.5387374,12.9379643],[77.5386985,12.9370447],[77.5386881,12.936959],[77.5385564,12.936364100000002],[77.5387608,12.9363124],[77.5387996,12.9363973],[77.5396584,12.9361903],[77.5397232,12.9364082]]]}"
331,5013,5013,Slum Area,332,1.61069334,2901215077,CHANDRAPPA_NAGAR,Notified,net,South,29.43177423664168,"{""type"":""Polygon"",""coordinates"":[[[77.6021,12.9397974],[77.6022488,12.9406145],[77.6023461,12.9411161],[77.60207,12.941147],[77.6019367,12.9411552],[77.6017036,12.940807500000002],[77.6013592,12.9400096],[77.60100930000002,12.9396916],[77.6008912,12.9395196],[77.60200310000002,12.939269200000002],[77.6021,12.9397974]]]}"
332,5013,5013,Slum Area,333,0.29846656,2901215033,CHIKKALASANDRA,Non-Notified,net,South,3.087841688417921,"{""type"":""Polygon"",""coordinates"":[[[77.5505953,12.9158421],[77.5504244,12.9158809],[77.550405,12.9158193],[77.5504001,12.9157961],[77.5501518,12.915851999999997],[77.5500037,12.915364700000001],[77.5503379,12.915244099999999],[77.5504631,12.915380999999998],[77.5505219,12.915519599999998],[77.5505711,12.915647400000001],[77.5505953,12.9158421]]]}"
333,5013,5013,Slum Area,334,0.30711049,2901215061,CHIKKANNA_GARDEN,Notified,net,South,103.19826241287531,"{""type"":""Polygon"",""coordinates"":[[[77.5720597,12.955687099999999],[77.5718553,12.955694299999998],[77.5716242,12.955727799999998],[77.5715284,12.955163199999998],[77.571978,12.955104900000002],[77.5720597,12.955687099999999]]]}"
334,5013,5013,Slum Area,335,2.35135317,2901215109,CORPORATION_COLONY,Notified,net,South,32.09729010264079,"{""type"":""Polygon"",""coordinates"":[[[77.5964377,12.918399100000002],[77.5951432,12.9184417],[77.5950973,12.916932799999998],[77.5964035,12.9169015],[77.5964377,12.918399100000002]]]}"
335,5013,5013,Slum Area,336,10.2557745,2901215021,ELIYAS_NAGAR,Non-Notified,net,South,131.38235359191896,"{""type"":""Polygon"",""coordinates"":[[[77.5693794,12.905149600000001],[77.5697354,12.905341299999998],[77.570089,12.9055561],[77.5704681,12.905661199999999],[77.5703644,12.905966399999999],[77.5710065,12.9063217],[77.5711174,12.9072381],[77.5711742,12.9073929],[77.5707084,12.907956900000002],[77.5714137,12.9091561],[77.5714083,12.9095072],[77.5708604,12.9093326],[77.5701188,12.908708],[77.5691093,12.907862600000001],[77.5686611,12.907495000000004],[77.5685727,12.9072533],[77.5684776,12.9069508],[77.5685006,12.906742],[77.5685869,12.9064787],[77.5685281,12.906374400000002],[77.5681805,12.9059407],[77.568017,12.905723],[77.5679178,12.9055413],[77.5678423,12.9055019],[77.5677278,12.905378],[77.5675715,12.905247099999997],[77.5673078,12.9049807],[77.5675066,12.904945900000001],[77.56754520000001,12.9050786],[77.56814840000001,12.9049227],[77.5687377,12.904808299999997],[77.5693165,12.904723299999999],[77.5693794,12.905149600000001]]]}"
336,5013,5013,Slum Area,337,4.80843306,2901215056,GANGONDANAHALLI,Notified,net,South,2144.213165515077,"{""type"":""Polygon"",""coordinates"":[[[77.524599,12.956787199999999],[77.5243601,12.956682199999998],[77.5238346,12.956756],[77.5238328,12.9566302],[77.5237106,12.956647400000001],[77.5237002,12.9565461],[77.523655,12.956153600000004],[77.5236198,12.955811700000002],[77.5235869,12.9554668],[77.5236594,12.9554634],[77.523593,12.955059400000001],[77.5235199,12.9546173],[77.5234717,12.9543265],[77.52391500000002,12.954205300000002],[77.5238714,12.953847700000003],[77.523835,12.9536054],[77.5237944,12.953322],[77.5237606,12.953092199999999],[77.5237137,12.9527987],[77.5238763,12.952778999999998],[77.523819,12.952441699999998],[77.523862,12.952426199999998],[77.5237815,12.9517368],[77.5241305,12.9516707],[77.5241937,12.9525218],[77.524231,12.953185999999999],[77.5242691,12.953791500000001],[77.5243103,12.9550299],[77.5251544,12.9550521],[77.5250265,12.956323699999999],[77.5251127,12.9565642],[77.524599,12.956787199999999]]]}"
337,5013,5013,Slum Area,338,0.88361079,2901215092,GAVIPURA_AK_COLONY,Notified,net,South,455.4114062739353,"{""type"":""Polygon"",""coordinates"":[[[77.5622256,12.9469181],[77.5622784,12.947006599999998],[77.561958,12.947086],[77.5612555,12.947227599999998],[77.5612202,12.9468036],[77.5605846,12.946868999999998],[77.5605656,12.9465479],[77.5611018,12.946546400000003],[77.56152540000001,12.9465166],[77.561925,12.946539499999998],[77.5621166,12.9467414],[77.5622256,12.9469181]]]}"
338,5013,5013,Slum Area,339,2.24268055,2901215035,GOVINDRAJ_NAGAR,Notified,net,South,1185.551167087929,"{""type"":""Polygon"",""coordinates"":[[[77.5356865,12.9788196],[77.5345336,12.9791408],[77.5340772,12.9776645],[77.5352278,12.9773193],[77.5356865,12.9788196]]]}"
339,5013,5013,Slum Area,340,0.85315019,2901215031,GOWDANPALYA,Non-Notified,net,South,16.91422062294156,"{""type"":""Polygon"",""coordinates"":[[[77.5584957,12.9098855],[77.5583415,12.910586999999998],[77.5581996,12.9106087],[77.5581291,12.9105814],[77.5577803,12.9099353],[77.5576634,12.9095216],[77.5580229,12.909414999999997],[77.5585159,12.9093484],[77.5584957,12.9098855]]]}"
340,5013,5013,Slum Area,341,0.63020825,2901215088,GULBARGA_SLUM,Notified,net,South,11.362884319529813,"{""type"":""Polygon"",""coordinates"":[[[77.5940482,12.931723600000002],[77.5940644,12.931821599999997],[77.5936003,12.931878999999999],[77.5935807,12.931748900000002],[77.5935274,12.931378000000002],[77.5938397,12.931343200000002],[77.5941345,12.931301],[77.5944236,12.9312555],[77.5945744,12.931232700000002],[77.5946068,12.931759],[77.5941558,12.9318108],[77.5941072,12.931817600000002],[77.5941024,12.9317877],[77.5940834,12.931721600000001],[77.5940482,12.931723600000002]]]}"
341,5013,5013,Slum Area,342,2.23398709,2901215065,GUTTEPALYA,Notified,net,South,895.2214280072379,"{""type"":""Polygon"",""coordinates"":[[[77.5914509,12.945056899999999],[77.5918149,12.946181699999999],[77.591596,12.946354400000002],[77.5910404,12.9467878],[77.5906509,12.947091499999999],[77.5899716,12.9464175],[77.5901384,12.946370600000002],[77.5901545,12.9462996],[77.5901525,12.946077100000002],[77.5901711,12.945969799999999],[77.5912098,12.945528300000001],[77.5910383,12.9451123],[77.591388,12.9449917],[77.5914509,12.945056899999999]]]}"
342,5013,5013,Slum Area,343,1.35659945,2901215001,HAMPINAGAR_AK_COLONY,Non-Notified,net,South,463.29939527324603,"{""type"":""Polygon"",""coordinates"":[[[77.5397836,12.9593789],[77.5402609,12.960003900000002],[77.5393864,12.960585700000001],[77.5391819,12.9601453],[77.5389473,12.9592867],[77.5391968,12.9590926],[77.5393695,12.9589549],[77.5397836,12.9593789]]]}"
343,5013,5013,Slum Area,344,3.918082,2901215003,HANDIGUDISALU,Non-Notified,net,South,1444.3649647432214,"{""type"":""Polygon"",""coordinates"":[[[77.5442503,12.960923799999998],[77.5443529,12.961166800000003],[77.5444551,12.961354000000002],[77.5447325,12.9617875],[77.544972,12.962158],[77.5446521,12.9622419],[77.5441115,12.962383],[77.5440631,12.9627013],[77.5431322,12.962962900000003],[77.5429096,12.962599799999998],[77.5425508,12.962140099999997],[77.5422385,12.961676200000001],[77.5427028,12.9614447],[77.5428766,12.9613589],[77.543104,12.961260000000001],[77.5430789,12.9611915],[77.5435973,12.9609885],[77.5437942,12.9609148],[77.5442238,12.960778600000001],[77.5442503,12.960923799999998]]]}"
344,5013,5013,Slum Area,345,1.4160006,2901215018,HARI_COLONY,Non-Notified,net,South,28.65763317930932,"{""type"":""Polygon"",""coordinates"":[[[77.5729063,12.915265499999999],[77.572921,12.915595600000001],[77.5729434,12.9158263],[77.5726665,12.915836899999999],[77.5726803,12.9157578],[77.5719567,12.915685800000002],[77.5719224,12.9154959],[77.5718402,12.915277400000003],[77.5719918,12.915223],[77.5719554,12.9150813],[77.5719837,12.9149498],[77.5720405,12.914935799999999],[77.572036,12.914704499999997],[77.5720124,12.9145137],[77.5722796,12.9144842],[77.5728592,12.914459900000002],[77.5729063,12.915265499999999]]]}"
345,5013,5013,Slum Area,346,2.84326482,2901215004,HOMBEGOWDA_NAGAR,Non-Notified,net,South,1270.8965759277346,"{""type"":""Polygon"",""coordinates"":[[[77.59288220000002,12.947709400000003],[77.5928368,12.9477352],[77.5928185,12.9477096],[77.5927316,12.9477305],[77.59231,12.9474879],[77.5921831,12.9475564],[77.592058,12.9475908],[77.5920056,12.947597399999998],[77.5919595,12.9475858],[77.5917223,12.9476627],[77.59155080000001,12.947561000000002],[77.5914494,12.9475312],[77.5912609,12.947478800000003],[77.5912163,12.9471602],[77.5910424,12.946792],[77.5915989,12.946357900000002],[77.5918711,12.9461431],[77.5923143,12.9458119],[77.5924764,12.946072900000003],[77.5927563,12.946584400000003],[77.5924815,12.946746700000002],[77.592693,12.9470599],[77.5927672,12.947120499999999],[77.5928546,12.9470687],[77.5935438,12.947497799999999],[77.5934571,12.9475846],[77.5933587,12.947616],[77.5931638,12.947644600000002],[77.5930597,12.947670800000001],[77.592938,12.947687],[77.59288220000002,12.947709400000003]]]}"
346,5013,5013,Slum Area,347,1.04707181,2901215036,HOTTIGERE_SLUM,Notified,net,South,623.7543074065563,"{""type"":""Polygon"",""coordinates"":[[[77.5402067,12.977225],[77.5389046,12.977362200000002],[77.5388273,12.976692899999998],[77.5401321,12.9765722],[77.5402067,12.977225]]]}"
347,5013,5013,Slum Area,348,1.45271361,2901215037,INDHIRA_GANDHI_BRI_COLONY,Notified,net,South,829.9479511335785,"{""type"":""Polygon"",""coordinates"":[[[77.54256390000002,12.983304099999998],[77.541966,12.9831527],[77.5412759,12.9830237],[77.5409965,12.982995200000001],[77.5402148,12.9829954],[77.5396229,12.983011],[77.5391018,12.983079600000003],[77.5391041,12.9827741],[77.5393879,12.9827894],[77.5403092,12.9827621],[77.5426557,12.982629800000002],[77.5426636,12.982747999999999],[77.54256390000002,12.983304099999998]]]}"
348,5013,5013,Slum Area,349,3.82382178,2901215057,INDIRA_COLONY_ATTIGUPPE,Notified,net,South,1368.8377422257968,"{""type"":""Polygon"",""coordinates"":[[[77.5326557,12.955646300000002],[77.5326661,12.955870199999998],[77.5326726,12.956388499999997],[77.5326717,12.9567265],[77.5326776,12.9569704],[77.531911,12.9571093],[77.5316434,12.957188899999997],[77.531415,12.95723],[77.5311483,12.957241199999999],[77.5308653,12.9568429],[77.5306256,12.9564372],[77.5308219,12.956295800000001],[77.5305587,12.9557651],[77.5308791,12.95569],[77.5308295,12.955471799999998],[77.5313821,12.9553844],[77.5314863,12.9555151],[77.5318365,12.9555018],[77.5318382,12.955453800000003],[77.5322593,12.9554159],[77.5326332,12.955363900000002],[77.5326557,12.955646300000002]]]}"
349,5013,5013,Slum Area,350,0.28310946,2901215105,INDIRA_GANDHI_9th_BLOCK,Notified,net,South,4.02479918236826,"{""type"":""Polygon"",""coordinates"":[[[77.5910506,12.918620300000002],[77.5914708,12.918868],[77.59031230000001,12.918872600000002],[77.5903126,12.918625700000002],[77.5910506,12.918620300000002]]]}"
350,5013,5013,Slum Area,351,0.80850017,2901215096,JANASHAKTHI_NAGAR,Notified,net,South,8.705402703378715,"{""type"":""Polygon"",""coordinates"":[[[77.5403158,12.9369067],[77.5398706,12.9370244],[77.5397877,12.9365017],[77.5397176,12.936284199999998],[77.5396079,12.935926500000003],[77.5393789,12.935192099999998],[77.5396708,12.9351121],[77.5403158,12.9369067]]]}"
351,5013,5013,Slum Area,352,1.00306165,2901215086,JOGI_COLONY,Notified,net,South,19.149089087691962,"{""type"":""Polygon"",""coordinates"":[[[77.61329520000001,12.9315491],[77.6127215,12.9317763],[77.6124901,12.9313777],[77.6122352,12.9306224],[77.6127742,12.930316700000002],[77.61329520000001,12.9315491]]]}"
352,5013,5013,Slum Area,353,0.25182185,2901215015,K_S_COLONY,Non-Notified,net,South,5.3701090046003745,"{""type"":""Polygon"",""coordinates"":[[[77.5687626,12.931992400000002],[77.5677265,12.932314600000002],[77.5676368,12.9321276],[77.5687404,12.931820599999998],[77.5687626,12.931992400000002]]]}"
353,5013,5013,Slum Area,354,0.66353595,2901215097,KALIDHASA_NAGAR,Notified,net,South,13.228379799337947,"{""type"":""Polygon"",""coordinates"":[[[77.5386367,12.9334096],[77.538641,12.9329509],[77.5386224,12.932311100000002],[77.5390957,12.9323761],[77.5391755,12.9324227],[77.539205,12.9326417],[77.5392179,12.932936700000003],[77.5391868,12.9332733],[77.5390987,12.933271599999998],[77.5386367,12.9334096]]]}"
354,5013,5013,Slum Area,355,10.24476433,2901215083,EJIPUR_INDIRAGANDHI_NAGAR,Notified,net,South,2104.289112046186,"{""type"":""Polygon"",""coordinates"":[[[77.632608,12.938654100000003],[77.6320314,12.9397596],[77.6308278,12.9425533],[77.6305683,12.9427044],[77.6304418,12.9427904],[77.6298272,12.943080699999998],[77.629549,12.9430282],[77.6293133,12.9429655],[77.6292609,12.9424621],[77.6292795,12.9422213],[77.6291765,12.941751],[77.6292392,12.9415353],[77.6292693,12.941043100000003],[77.6295007,12.9402361],[77.6296634,12.939971300000002],[77.6298645,12.9397906],[77.6300602,12.9395241],[77.6302453,12.939493000000002],[77.6305981,12.9391081],[77.6305483,12.938597],[77.632608,12.938654100000003]]]}"
355,5013,5013,Slum Area,356,3.08685231,2901215011,KASTHURBA_COLONY,Non-Notified,net,South,26.151764858470244,"{""type"":""Polygon"",""coordinates"":[[[77.537391,12.9419744],[77.5372199,12.9422218],[77.53715410000001,12.942458099999998],[77.5371547,12.942757700000001],[77.537121,12.943436299999998],[77.536766,12.9433832],[77.5365858,12.943039],[77.5367527,12.9426136],[77.5367635,12.942254399999998],[77.5368135,12.941981899999998],[77.5369407,12.941852599999997],[77.5369985,12.941818000000001],[77.5371457,12.941461600000002],[77.5371797,12.9413295],[77.5372643,12.9410214],[77.537099,12.940990299999998],[77.5370776,12.940828500000002],[77.5371186,12.9406589],[77.5371568,12.9402314],[77.5372503,12.940245100000002],[77.5373178,12.939908800000001],[77.5376684,12.940005400000002],[77.5381633,12.9400656],[77.5381506,12.940238499999998],[77.5381505,12.940484799999998],[77.5383238,12.940494000000001],[77.538284,12.941003],[77.5382289,12.941598],[77.537663,12.9415714],[77.537391,12.9419744]]]}"
356,5013,5013,Slum Area,357,0.0739021,2901215025,KAVERI_NAGAR,Non-Notified,net,South,1.2378673254274855,"{""type"":""Polygon"",""coordinates"":[[[77.5911584,12.936369899999999],[77.5912836,12.936560200000002],[77.5911053,12.9366787],[77.5909427,12.936448199999997],[77.5911232,12.9363281],[77.5911584,12.936369899999999]]]}"
357,5013,5013,Slum Area,358,1.37092769,2901215049,KUMBARGUNDI,Notified,net,South,498.0165308335248,"{""type"":""Polygon"",""coordinates"":[[[77.5831765,12.962569600000002],[77.5830476,12.9625051],[77.5827135,12.962458300000002],[77.5823554,12.9624517],[77.5823504,12.9623323],[77.5820728,12.962349900000001],[77.5820261,12.9623672],[77.5820279,12.96239],[77.581849,12.962428100000004],[77.581919,12.9619619],[77.5818951,12.9616551],[77.5820997,12.9615519],[77.5825713,12.9612144],[77.5828742,12.9617726],[77.5830452,12.9617126],[77.5831996,12.962214000000001],[77.5831752,12.9622306],[77.5831765,12.962569600000002]]]}"
358,5013,5013,Slum Area,359,0.26916727,2901215047,KUNTE_SENAPPA_GARDEN,Notified,net,South,127.32040285596662,"{""type"":""Polygon"",""coordinates"":[[[77.5849699,12.9607006],[77.5849273,12.9607311],[77.5844079,12.9609683],[77.5843209,12.960771200000002],[77.5842466,12.9606228],[77.5843519,12.9605799],[77.5846127,12.9604485],[77.5847248,12.960383400000001],[77.5848908,12.960615699999998],[77.5849554,12.960590599999998],[77.5849699,12.9607006]]]}"
359,5013,5013,Slum Area,360,1.17274415,2901215111,MADHURAMMA_COLONY,Notified,net,South,26.08176104975681,"{""type"":""Polygon"",""coordinates"":[[[77.6088108,12.920214400000003],[77.6088091,12.9203446],[77.6088879,12.9208013],[77.6089543,12.921030700000001],[77.6091183,12.9215153],[77.6086675,12.9215386],[77.6085522,12.921242],[77.6084205,12.9209576],[77.608246,12.920455300000002],[77.6081409,12.920275899999998],[77.6080214,12.9199902],[77.6084121,12.9198106],[77.608436,12.919778700000002],[77.6087196,12.919715],[77.6088108,12.920214400000003]]]}"
360,5013,5013,Slum Area,361,5.47549868,2901215079,MAHALINGESHWAR_NAGAR,Notified,net,South,103.66287495482202,"{""type"":""Polygon"",""coordinates"":[[[77.60929,12.9394542],[77.6093668,12.939672],[77.6090802,12.940264800000001],[77.6085438,12.9412387],[77.6079773,12.9410339],[77.6080804,12.940588700000001],[77.6080815,12.9403223],[77.6078918,12.9393602],[77.6077035,12.939393700000002],[77.607679,12.9392234],[77.6074903,12.938320899999999],[77.6082514,12.9381547],[77.6081185,12.9376202],[77.6084781,12.937532900000003],[77.6084362,12.937259],[77.608836,12.9371698],[77.6089965,12.9371018],[77.6093085,12.9370221],[77.6093872,12.937385],[77.6093971,12.937504800000001],[77.6090893,12.9374983],[77.6088962,12.9375773],[77.6089366,12.9378764],[77.6090122,12.938156400000002],[77.6091534,12.938341],[77.6092285,12.938721000000001],[77.6092469,12.9388699],[77.6092485,12.939044100000002],[77.6092602,12.939337799999999],[77.60929,12.9394542]]]}"
361,5013,5013,Slum Area,362,0.59210616,2901215024,MARAMMA_TEMPLE,Non-Notified,net,South,7.764112767986223,"{""type"":""Polygon"",""coordinates"":[[[77.569008,12.9159672],[77.5690346,12.916037600000001],[77.5692213,12.9161077],[77.5691088,12.916373300000002],[77.5689818,12.916639600000002],[77.568892,12.916820699999999],[77.5688162,12.9170087],[77.568605,12.917010100000002],[77.5686083,12.9169928],[77.5685557,12.9163604],[77.5684941,12.915974],[77.5686622,12.9159476],[77.5688698,12.915942599999997],[77.569008,12.9159672]]]}"
362,5013,5013,Slum Area,363,1.73708057,2901215002,MARUTHI_NAGAR_AK_COLONY,Notified,net,South,879.4068164301852,"{""type"":""Polygon"",""coordinates"":[[[77.5380195,12.950797900000001],[77.5383876,12.950940700000002],[77.5383672,12.951061699999999],[77.5383004,12.9514445],[77.5381995,12.9517638],[77.5380446,12.9520633],[77.5379488,12.952119799999998],[77.5378123,12.952254],[77.5376372,12.9526313],[77.5374822,12.9525941],[77.5373928,12.9525869],[77.5372075,12.952205900000001],[77.5371044,12.952153200000001],[77.5373352,12.951481],[77.5375689,12.9508851],[77.5376834,12.950705099999999],[77.5377441,12.9506892],[77.5378096,12.9506772],[77.5380195,12.950797900000001]]]}"
363,5013,5013,Slum Area,364,0.47529995,2901215094,MCT_COLONY,Notified,net,South,165.73060254863663,"{""type"":""Polygon"",""coordinates"":[[[77.54548780000002,12.951736400000001],[77.5449932,12.951986699999999],[77.5446768,12.951367800000002],[77.5451429,12.9510793],[77.54548780000002,12.951736400000001]]]}"
364,5013,5013,Slum Area,365,1.6658597,2901215042,MUNIYAPPA_CEMENT_HUTS,Notified,net,South,850.9074885349647,"{""type"":""Polygon"",""coordinates"":[[[77.5848966,12.956942599999998],[77.5850833,12.9575004],[77.5852449,12.9580154],[77.5846231,12.9581725],[77.5844232,12.9576038],[77.5841058,12.956732],[77.5838035,12.9562988],[77.5845006,12.956030899999998],[77.5848966,12.956942599999998]]]}"
365,5013,5013,Slum Area,366,0.61774838,2901215062,MURALI_NAGAR,Notified,net,South,153.01093127680758,"{""type"":""Polygon"",""coordinates"":[[[77.5898876,12.9457948],[77.58991770000002,12.9459169],[77.58992090000001,12.946077],[77.5901479,12.946077100000004],[77.5901499,12.946299100000001],[77.5901345,12.946367],[77.58996590000001,12.9464144],[77.58976,12.946303000000002],[77.5894233,12.9462498],[77.5890006,12.9462415],[77.589023,12.945775099999999],[77.5898876,12.9457948]]]}"
366,5013,5013,Slum Area,367,1.78065872,2901215038,NAGESHWARA_GARDEN,Notified,net,South,29.260842992745193,"{""type"":""Polygon"",""coordinates"":[[[77.5754428,12.931003],[77.575732,12.9311066],[77.5756942,12.931538800000002],[77.5758378,12.931594200000001],[77.5756865,12.9318496],[77.5753796,12.9320591],[77.5752195,12.9322345],[77.5745052,12.9322901],[77.5744163,12.9311579],[77.574403,12.9309989],[77.5751886,12.9309736],[77.5754428,12.931003]]]}"
367,5013,5013,Slum Area,368,1.58342302,2901215107,NAKKALEBANADU_NAGAR,Notified,net,South,34.83391276340859,"{""type"":""Polygon"",""coordinates"":[[[77.5880398,12.930933599999998],[77.5878628,12.9309396],[77.5879302,12.931551300000002],[77.5878131,12.9315655],[77.5878396,12.931873799999998],[77.5876392,12.931895600000002],[77.587583,12.931916100000002],[77.5872749,12.931948200000003],[77.587275,12.931982],[77.5870449,12.931995700000002],[77.5869764,12.9320153],[77.586876,12.932009799999998],[77.5868752,12.931172799999999],[77.5870484,12.9311591],[77.587031,12.9305826],[77.58792930000001,12.930553999999999],[77.5880398,12.930933599999998]]]}"
368,5013,5013,Slum Area,369,0.5426783,2901215009,NARASIMHAIAH_NAGAR,Non-Notified,net,South,190.81168129116878,"{""type"":""Polygon"",""coordinates"":[[[77.5465187,12.9518964],[77.5462459,12.9518498],[77.5462413,12.9518892],[77.5456835,12.951731200000001],[77.5454929,12.9517363],[77.5451467,12.951076700000002],[77.5453299,12.950947400000002],[77.5455952,12.951435700000001],[77.5462154,12.951778399999998],[77.546225,12.9516166],[77.5472029,12.951744100000004],[77.5471895,12.951844100000002],[77.5467533,12.951830600000001],[77.5465187,12.9518964]]]}"
369,5013,5013,Slum Area,370,0.15976262,2901215027,NEHARU_NAGAR,Non-Notified,net,South,2.3260223426070867,"{""type"":""Polygon"",""coordinates"":[[[77.5664082,12.916917100000001],[77.56637220000002,12.916921300000002],[77.5661843,12.916941999999999],[77.5660253,12.916396500000001],[77.5661565,12.916302299999998],[77.566214,12.9162688],[77.5663608,12.916814100000002],[77.5663811,12.9168099],[77.5664082,12.916917100000001]]]}"
370,5013,5013,Slum Area,371,3.67584801,2901215016,NEW_KAVERI_NAGAR,Non-Notified,net,South,70.06551625868853,"{""type"":""Polygon"",""coordinates"":[[[77.5740953,12.9195439],[77.574184,12.919941900000001],[77.5734453,12.9201232],[77.5731722,12.920158],[77.5727017,12.9202751],[77.5724798,12.9203172],[77.5717328,12.920362],[77.57098070000002,12.9204705],[77.5708376,12.919910699999999],[77.570809,12.919765400000003],[77.5708222,12.919742400000002],[77.5713787,12.9196415],[77.5725573,12.919498500000001],[77.5725091,12.919342399999998],[77.5724922,12.9192042],[77.5725798,12.9191837],[77.5727489,12.9191691],[77.5728596,12.91913],[77.5728944,12.918942699999999],[77.5730701,12.9189723],[77.5731976,12.919144799999998],[77.573205,12.9193111],[77.5733226,12.919414899999998],[77.5737387,12.919300499999999],[77.5735531,12.9186898],[77.5734454,12.918486000000001],[77.5733149,12.9182511],[77.573218,12.917990500000002],[77.5734815,12.917914200000002],[77.5740953,12.9195439]]]}"
371,5013,5013,Slum Area,372,2.61931014,,NEW_QUARTERS,,net,South,998.8748064228131,"{""type"":""Polygon"",""coordinates"":[[[77.5911221,12.9445787],[77.5913855,12.944987799999998],[77.5910322,12.9451096],[77.5912039,12.9455259],[77.5901669,12.9459667],[77.5901486,12.946072600000003],[77.5899254,12.9460724],[77.5899223,12.9459163],[77.5898912,12.9457903],[77.5898275,12.9457889],[77.5894826,12.944813800000004],[77.5903382,12.9445093],[77.5902593,12.944313999999999],[77.5909499,12.9440089],[77.5911221,12.9445787]]]}"
372,5013,5013,Slum Area,373,4.29984665,2901215101,OLD_KAVERI_NAGAR,Notified,net,South,61.185287157694496,"{""type"":""Polygon"",""coordinates"":[[[77.5697782,12.9164248],[77.5698423,12.9178541],[77.5699882,12.918675299999999],[77.57007450000002,12.919193],[77.5700982,12.919307600000002],[77.5701579,12.919626899999999],[77.5701891,12.9198158],[77.5702085,12.919903900000001],[77.5693629,12.920102899999998],[77.5691908,12.919484800000001],[77.5687373,12.9181411],[77.5687004,12.9178841],[77.5687406,12.9174413],[77.5688759,12.917095299999998],[77.5691009,12.916681400000002],[77.5692779,12.9162186],[77.5697782,12.9164248]]]}"
373,5013,5013,Slum Area,374,16.39994812,2901215053,PANCHASHEELA_NAGAR,Notified,net,South,6904.726856067134,"{""type"":""Polygon"",""coordinates"":[[[77.522824,12.970322200000002],[77.5229074,12.970890899999999],[77.52294690000001,12.971835500000001],[77.5227759,12.9719368],[77.5221369,12.9721669],[77.5211834,12.972419799999999],[77.520444,12.9725474],[77.5205033,12.972848500000001],[77.5198987,12.9729309],[77.51906060000002,12.9730746],[77.5187384,12.971171099999998],[77.5186492,12.9708666],[77.5184937,12.9704355],[77.517777,12.969476900000002],[77.5176301,12.969148699999998],[77.5186231,12.969030499999999],[77.5194947,12.968881900000001],[77.5195657,12.969058899999999],[77.5204443,12.9689056],[77.5204839,12.969319599999999],[77.5208304,12.969317099999998],[77.5208051,12.969996999999998],[77.5213356,12.9699368],[77.5214185,12.969976],[77.5227108,12.9697343],[77.522824,12.970322200000002]]]}"
374,5013,5013,Slum Area,375,2.13192463,2901215055,PANTHARA_PALYA,Notified,net,South,29.964924460766365,"{""type"":""Polygon"",""coordinates"":[[[77.5241284,12.940486599999998],[77.5246541,12.941205900000002],[77.52400140000002,12.9414377],[77.5238065,12.9414983],[77.5234549,12.941593100000002],[77.5231176,12.9411319],[77.5226696,12.940526000000002],[77.5231384,12.940226],[77.5236647,12.9399105],[77.5241284,12.940486599999998]]]}"
375,5013,5013,Slum Area,376,1.63513374,2901215060,PARVATHIPURAM,Notified,net,South,827.2780388327205,"{""type"":""Polygon"",""coordinates"":[[[77.5771394,12.9559559],[77.5766833,12.956066099999997],[77.5766146,12.9557663],[77.5763541,12.9558059],[77.57614,12.9558116],[77.5761681,12.9559482],[77.5760563,12.955981600000001],[77.575932,12.955694799999998],[77.5757844,12.9557257],[77.5757749,12.9557631],[77.57546700000002,12.9557794],[77.5752415,12.955800100000001],[77.57525080000002,12.955218],[77.5757277,12.955157100000001],[77.5757978,12.9553524],[77.5760605,12.955279300000003],[77.5760946,12.9550791],[77.5761278,12.954981899999998],[77.5765262,12.954861000000001],[77.5768013,12.954813500000002],[77.5771394,12.9559559]]]}"
376,5013,5013,Slum Area,377,3.93904901,2901215117,PRAGATHIPURA,Notified,net,South,58.24340530470305,"{""type"":""Polygon"",""coordinates"":[[[77.5713944,12.9145371],[77.5713202,12.914558600000003],[77.5713204,12.914584399999999],[77.5713059,12.914603399999997],[77.5712511,12.914613],[77.571239,12.9145175],[77.5712016,12.914448700000001],[77.570929,12.9144777],[77.5706994,12.914483899999997],[77.5706645,12.914486599999998],[77.5706376,12.9144478],[77.5706057,12.914444400000002],[77.5704777,12.914495399999998],[77.5700633,12.914339199999999],[77.5700668,12.914231899999999],[77.57009460000002,12.9139504],[77.570059,12.9137717],[77.5700253,12.9137266],[77.5698456,12.913577299999998],[77.5698043,12.913523500000002],[77.5697697,12.9134562],[77.5697239,12.9132908],[77.5696847,12.913094099999999],[77.56964,12.9129184],[77.5695604,12.912657500000002],[77.5694547,12.9125108],[77.5696222,12.9124577],[77.5699285,12.912395199999999],[77.5702696,12.9123235],[77.5704047,12.912327000000001],[77.5708485,12.9124393],[77.5709909,12.9126852],[77.5715558,12.912622600000002],[77.5715329,12.912858700000001],[77.5714446,12.913103700000002],[77.57146850000001,12.913695999999998],[77.5715013,12.9141896],[77.5713942,12.914206500000002],[77.5713944,12.9145371]]]}"
377,5013,5013,Slum Area,378,0.24169593,2901215108,PUTTAIYANAPALYA,Notified,net,South,3.0629694358975277,"{""type"":""Polygon"",""coordinates"":[[[77.5943742,12.919340700000001],[77.5943935,12.919980899999999],[77.5940181,12.9199224],[77.5940952,12.919338900000001],[77.5943742,12.919340700000001]]]}"
378,5013,5013,Slum Area,379,0.44017684,2901215063,RAGHAVENDRA_COLONY,Notified,net,South,8.248527743769628,"{""type"":""Polygon"",""coordinates"":[[[77.5695154,12.9298365],[77.569211,12.929834700000002],[77.5690426,12.929836300000002],[77.569044,12.929458000000002],[77.5695378,12.929450200000002],[77.5700613,12.929415599999999],[77.5700671,12.929530800000002],[77.5698581,12.9298226],[77.5695154,12.9298365]]]}"
379,5013,5013,Slum Area,380,1.86900234,2901215040,RAMANNA_GARDEN,Notified,net,South,898.0524499033012,"{""type"":""Polygon"",""coordinates"":[[[77.5865604,12.9612034],[77.5858166,12.961267200000002],[77.5857215,12.960954700000002],[77.5856017,12.960444300000002],[77.5853631,12.9605105],[77.5853144,12.960372900000001],[77.5851865,12.9601177],[77.58510830000002,12.960135999999999],[77.584928,12.959732599999999],[77.5852508,12.9596061],[77.5859303,12.959414299999999],[77.5861782,12.960307400000001],[77.5863955,12.9603103],[77.5865604,12.9612034]]]}"
380,5013,5013,Slum Area,381,1.21012628,2901215008,SANJAYA_NAGAR,Non-Notified,net,South,603.5683691884958,"{""type"":""Polygon"",""coordinates"":[[[77.5494702,12.9521131],[77.5494907,12.9522854],[77.5491591,12.952366],[77.54912860000002,12.9522357],[77.5490149,12.951828899999999],[77.5489856,12.951663400000001],[77.548629,12.9517287],[77.5485482,12.9518262],[77.5481853,12.951953300000001],[77.5478486,12.9520117],[77.5476244,12.951987199999998],[77.5472283,12.9518598],[77.5472287,12.9517509],[77.547849,12.951842399999999],[77.5480828,12.951810499999999],[77.548211,12.951764900000002],[77.5481811,12.9513755],[77.5483648,12.951352400000001],[77.5484288,12.951362399999999],[77.54871470000002,12.951236],[77.5496263,12.951041000000002],[77.5496514,12.951119200000003],[77.5492703,12.951281000000002],[77.5493021,12.951446200000001],[77.5494702,12.9521131]]]}"
381,5013,5013,Slum Area,382,4.25270367,2901215017,SARBANDEPALYA,Non-Notified,net,South,63.915755791757626,"{""type"":""Polygon"",""coordinates"":[[[77.5720314,12.9147048],[77.5720359,12.9149323],[77.5719798,12.9149461],[77.5719506,12.9150814],[77.5719863,12.9152201],[77.5718343,12.9152748],[77.571918,12.915497100000001],[77.571952,12.9156853],[77.5719592,12.9165601],[77.5713018,12.916599400000003],[77.5710533,12.916533999999999],[77.5703687,12.9163313],[77.570151,12.916019],[77.5702985,12.9147656],[77.5700154,12.9145616],[77.5700624,12.914343700000002],[77.5704778,12.9145002],[77.5706063,12.914449000000001],[77.570635,12.914452099999998],[77.5706622,12.914491300000002],[77.5706996,12.914488399999998],[77.5709293,12.914482199999997],[77.571199,12.9144535],[77.5712345,12.914518899999997],[77.5712471,12.914618200000001],[77.5713085,12.9146076],[77.5713251,12.914585900000002],[77.5713248,12.914562],[77.57139900000001,12.9145405],[77.5713988,12.914210399999998],[77.5715014,12.914194100000001],[77.5715165,12.9145683],[77.57200780000001,12.914514200000003],[77.5720314,12.9147048]]]}"
382,5013,5013,Slum Area,383,2.23210812,2901215090,SDS_SANITORIUM,Notified,net,South,581.9661942425896,"{""type"":""Polygon"",""coordinates"":[[[77.5917271,12.940712099999999],[77.591296,12.940770400000002],[77.5910537,12.9408571],[77.5908737,12.940398600000002],[77.5906481,12.940490000000004],[77.5905392,12.9404055],[77.5903219,12.940520899999997],[77.5901873,12.940450300000002],[77.5899501,12.9403934],[77.5898107,12.940454200000001],[77.5895192,12.939997200000002],[77.5898667,12.939919500000002],[77.5899609,12.9399822],[77.5900056,12.939818],[77.5900749,12.939827400000002],[77.5905828,12.9396104],[77.5910016,12.939426399999999],[77.5913265,12.939374199999998],[77.5917096,12.9400196],[77.5917243,12.940297200000002],[77.5917271,12.940712099999999]]]}"
383,5013,5013,Slum Area,384,1.25164378,2901215045,SHAMBUPALYA,Notified,net,South,562.6551271924786,"{""type"":""Polygon"",""coordinates"":[[[77.5772192,12.9562254],[77.5767086,12.956403599999998],[77.5762456,12.956454299999999],[77.5752324,12.9563765],[77.5752414,12.9558047],[77.5754673,12.955783899999998],[77.5757785,12.9557674],[77.5757882,12.9557296],[77.5759292,12.955700000000002],[77.57605370000002,12.955987100000002],[77.5761735,12.9559513],[77.5761456,12.955816],[77.5763546,12.9558104],[77.5766111,12.955771399999998],[77.5766798,12.9560716],[77.5771407,12.955960299999997],[77.5772192,12.9562254]]]}"
384,5013,5013,Slum Area,385,2.25935912,2901215066,SHANKRAPPA_GARDEN,Notified,net,South,732.22284970751,"{""type"":""Polygon"",""coordinates"":[[[77.588394,12.9451154],[77.588045,12.9459383],[77.5876704,12.9458022],[77.5875325,12.945741099999998],[77.5874665,12.9455781],[77.5875818,12.9453192],[77.5875657,12.945024200000002],[77.5874703,12.944323399999998],[77.58747160000001,12.944065599999998],[77.5881464,12.9440153],[77.5889962,12.9438038],[77.5889556,12.94393],[77.5888389,12.944135500000002],[77.5891457,12.944180700000002],[77.5891565,12.9443399],[77.5887229,12.9443227],[77.588394,12.9451154]]]}"
385,5013,5013,Slum Area,386,3.89654589,2901215012,SIDDARTH_NAGAR,Non-Notified,net,South,69.587827166389,"{""type"":""Polygon"",""coordinates"":[[[77.6210591,12.923190400000001],[77.6209845,12.923434100000001],[77.6209566,12.9234878],[77.6208672,12.9236619],[77.6206097,12.9241625],[77.6196247,12.923690400000002],[77.6189838,12.9233527],[77.6196213,12.922339900000003],[77.6199438,12.9225254],[77.6200702,12.9223183],[77.6201551,12.92237],[77.6202929,12.922447799999999],[77.6203121,12.9224388],[77.6203819,12.9224778],[77.6204214,12.922415700000002],[77.6204873,12.9223008],[77.6205662,12.922183399999998],[77.6206648,12.921997199999998],[77.6208826,12.921660500000002],[77.6209654,12.921688900000001],[77.6213895,12.921941],[77.6213232,12.9220619],[77.6215004,12.9221632],[77.6216239,12.922236700000001],[77.6215622,12.922371099999998],[77.6214297,12.922704699999999],[77.6213604,12.922831300000002],[77.6212739,12.9227946],[77.6210591,12.923190400000001]]]}"
386,5013,5013,Slum Area,387,0.15831764,2901215098,SIDDHAREDDY_SLUM,Notified,net,South,2.4548586789299462,"{""type"":""Polygon"",""coordinates"":[[[77.5530084,12.9338242],[77.5528099,12.933898300000001],[77.5525839,12.933411],[77.5528118,12.933279500000001],[77.5530084,12.9338242]]]}"
387,5013,5013,Slum Area,388,1.29935479,2901215100,SIDDHARTHA_SLUM,Notified,net,South,30.76540911057416,"{""type"":""Polygon"",""coordinates"":[[[77.5555968,12.9298906],[77.5557068,12.9303084],[77.5543198,12.9307308],[77.554087,12.9300721],[77.5553555,12.929635000000001],[77.5555935,12.929597600000001],[77.5555968,12.9298906]]]}"
388,5013,5013,Slum Area,389,5.41011333,2901215046,SINDHI_COLONY,Notified,net,South,2912.2233808928845,"{""type"":""Polygon"",""coordinates"":[[[77.5865311,12.958769599999998],[77.5867131,12.9590739],[77.5858596,12.959265599999998],[77.5852817,12.959443599999998],[77.5849883,12.9595571],[77.5842818,12.9598825],[77.5839848,12.960041299999999],[77.583553,12.9603244],[77.5828815,12.9590598],[77.5832311,12.958891900000001],[77.5835275,12.958827400000002],[77.5840278,12.9586615],[77.5842416,12.9586088],[77.5845322,12.958539600000002],[77.5845429,12.9585936],[77.5847277,12.958550500000001],[77.5846334,12.958201600000002],[77.5846246,12.9581768],[77.5852462,12.9580197],[77.5862275,12.9578365],[77.5865311,12.958769599999998]]]}"
389,5013,5013,Slum Area,390,2.62878633,2901215069,SOMESHWAR_NAGAR,Notified,net,South,1132.9829175462912,"{""type"":""Polygon"",""coordinates"":[[[77.5938436,12.9449745],[77.5933392,12.9451976],[77.5932584,12.9452794],[77.5928535,12.945504200000002],[77.5926711,12.945648099999998],[77.5925283,12.9454925],[77.5922612,12.9447444],[77.5921432,12.944323900000002],[77.5921707,12.9442405],[77.5929746,12.944202399999998],[77.5932996,12.9441747],[77.5938055,12.9442392],[77.5944636,12.944339400000002],[77.5944957,12.944532200000001],[77.5946666,12.9447926],[77.5945782,12.944851499999997],[77.594339,12.9449656],[77.5940971,12.945019],[77.5940318,12.944920900000003],[77.5938436,12.9449745]]]}"
390,5013,5013,Slum Area,391,1.10825551,2901215078,SR_NAGAR,Notified,net,South,18.250244836246264,"{""type"":""Polygon"",""coordinates"":[[[77.6018669,12.9386198],[77.6019251,12.9388699],[77.6020023,12.939264700000003],[77.6008884,12.939515600000002],[77.6004529,12.938844300000003],[77.6016911,12.938618500000002],[77.6018669,12.9386198]]]}"
391,5013,5013,Slum Area,392,0.33381894,2901215074,SRI_RAM_NAGAR,Notified,net,South,7.196054398779776,"{""type"":""Polygon"",""coordinates"":[[[77.6002682,12.9496941],[77.600059,12.9498389],[77.5997425,12.9494451],[77.60042700000001,12.9492108],[77.6005242,12.949522],[77.6005304,12.949673599999999],[77.600406,12.9496734],[77.6002682,12.9496941]]]}"
392,5013,5013,Slum Area,393,0.77411753,2901215084,SRINIVAGILU,Notified,net,South,14.128679477467257,"{""type"":""Polygon"",""coordinates"":[[[77.62538500000001,12.945614],[77.6248718,12.945906399999998],[77.6248938,12.945951600000003],[77.6246804,12.946061],[77.6243426,12.946281],[77.6244943,12.946796000000003],[77.6243005,12.946868999999998],[77.6242114,12.9467374],[77.6240692,12.9465567],[77.6240168,12.946368300000001],[77.6239977,12.946153800000003],[77.6240084,12.946101900000002],[77.6240645,12.9460333],[77.6242017,12.9459279],[77.6244859,12.9457732],[77.6245872,12.9457177],[77.6248048,12.945595900000002],[77.6252524,12.945387800000002],[77.62538500000001,12.945614]]]}"
393,5013,5013,Slum Area,394,0.25919878,2901215032,SUNNADAGUDU,Non-Notified,net,South,4.397159411860447,"{""type"":""Polygon"",""coordinates"":[[[77.55798910000001,12.9083449],[77.5579281,12.9083786],[77.557759,12.9084436],[77.5573674,12.908464099999998],[77.5572769,12.908434000000002],[77.5572282,12.908419300000002],[77.5571623,12.908294700000003],[77.557246,12.9082606],[77.5572764,12.9083509],[77.5581313,12.9080589],[77.5582817,12.908341099999998],[77.5582496,12.9083629],[77.5581656,12.908330999999999],[77.5581153,12.9083248],[77.55798910000001,12.9083449]]]}"
394,5013,5013,Slum Area,395,0.20449249,2901215106,SWAGATH_SLUM,Notified,net,South,3.9986956727270986,"{""type"":""Polygon"",""coordinates"":[[[77.5922981,12.9288271],[77.5917802,12.9288438],[77.5917868,12.9289809],[77.59171120000002,12.9289844],[77.5916341,12.9289869],[77.5916293,12.928618200000004],[77.5922936,12.9286085],[77.5922981,12.9288271]]]}"
395,5013,5013,Slum Area,396,1.13300896,2901215006,TR_SHAMANNA,Non-Notified,net,South,397.1095498477711,"{""type"":""Polygon"",""coordinates"":[[[77.5514088,12.9435339],[77.5511895,12.943577900000001],[77.5512161,12.943815500000001],[77.5503015,12.943954299999998],[77.5503119,12.9440685],[77.5500315,12.944127499999999],[77.5496933,12.9441652],[77.54971050000002,12.9439785],[77.5498529,12.9433878],[77.55023210000002,12.9433815],[77.5505496,12.943379099999998],[77.5508312,12.9433424],[77.551393,12.943244500000002],[77.5514088,12.9435339]]]}"
396,5013,5013,Slum Area,397,5.48808289,2901215019,UMAR_BAGH_LAYOUT,Non-Notified,net,South,74.02675966001024,"{""type"":""Polygon"",""coordinates"":[[[77.5708473,12.912434299999997],[77.5704053,12.912322500000002],[77.5702692,12.912319000000002],[77.5699282,12.9123907],[77.5699192,12.912245399999998],[77.5697438,12.910862299999998],[77.5690447,12.910971100000001],[77.568985,12.910409799999998],[77.5697541,12.909795900000002],[77.5706088,12.909888200000003],[77.5716242,12.9101617],[77.5716522,12.9105623],[77.5714986,12.9106442],[77.5715284,12.9112885],[77.5715345,12.9119246],[77.5708811,12.912001400000001],[77.570807,12.912264499999997],[77.5708473,12.912434299999997]]]}"
397,5013,5013,Slum Area,398,0.42377287,2901215010,VINOBHA_COLONY,Non-Notified,net,South,148.246098058364,"{""type"":""Polygon"",""coordinates"":[[[77.546182,12.944411400000002],[77.5456739,12.9445062],[77.5457042,12.944638],[77.5452988,12.9447297],[77.5452196,12.944303500000002],[77.5453719,12.944256300000001],[77.5461211,12.944074299999999],[77.546182,12.944411400000002]]]}"
398,5013,5013,Slum Area,399,4.66218758,2901215043,VINOBHA_NAGAR,Notified,net,South,2436.541870954925,"{""type"":""Polygon"",""coordinates"":[[[77.5842405,12.958604400000002],[77.5840265,12.9586572],[77.5835263,12.9588231],[77.58322960000001,12.958887600000002],[77.5828794,12.959055799999998],[77.5821786,12.9577668],[77.5827466,12.957401600000003],[77.5829776,12.957087],[77.5834921,12.9565033],[77.5837996,12.9563013],[77.5841016,12.9567341],[77.5844188,12.957605300000003],[77.5846202,12.9581779],[77.584629,12.958203],[77.584722,12.958547199999998],[77.58454650000002,12.958588100000002],[77.5845358,12.9585341],[77.5842405,12.958604400000002]]]}"
399,5013,5013,Slum Area,400,6.08780861,2901215022,YARAB_NAGAR,Non-Notified,net,South,91.05085612652348,"{""type"":""Polygon"",""coordinates"":[[[77.5671242,12.9185276],[77.5670448,12.9182586],[77.5661202,12.9185198],[77.5659903,12.9181299],[77.5658975,12.917790699999998],[77.565691,12.917003399999999],[77.5655982,12.916758],[77.5651857,12.9171107],[77.5649965,12.916914300000002],[77.5660048,12.916112800000002],[77.5661149,12.916326599999998],[77.56602,12.916394700000001],[77.5661809,12.916946900000001],[77.5663727,12.9169258],[77.5664706,12.9169145],[77.566492,12.916903500000002],[77.5666095,12.916716400000002],[77.5668327,12.9167107],[77.5668417,12.916746200000002],[77.5668654,12.9167592],[77.5668655,12.916798199999999],[77.5669535,12.9168084],[77.566966,12.916872699999999],[77.5671027,12.916871800000001],[77.5671179,12.9168388],[77.5671667,12.916210900000001],[77.5675783,12.9161838],[77.5682084,12.9160984],[77.5683015,12.917047699999998],[77.5680344,12.917091100000002],[77.5680566,12.917304300000001],[77.5681505,12.917302699999999],[77.5681612,12.9174873],[77.5682994,12.9174856],[77.5683098,12.917680100000002],[77.5683977,12.917683200000003],[77.5686022,12.917692899999999],[77.5686305,12.918158],[77.5671242,12.9185276]]]}"
400,5013,5013,Slum Area,401,3.65147948,2901215041,RAJAGOPAL_GARDEN,Notified,net,South,1888.5308828316483,"{""type"":""Polygon"",""coordinates"":[[[77.5800937,12.9589233],[77.5797277,12.9589837],[77.5792411,12.9590276],[77.5789574,12.958943600000001],[77.5785495,12.9587673],[77.5783995,12.958719700000001],[77.5780354,12.9587787],[77.5776992,12.958822500000002],[77.5776062,12.958023599999999],[77.5778331,12.957972999999999],[77.5784289,12.9578027],[77.5784152,12.9577189],[77.5786269,12.9576949],[77.578619,12.9576467],[77.579395,12.957481599999998],[77.5801024,12.957342100000002],[77.5800983,12.957621999999999],[77.5800981,12.9585652],[77.5800937,12.9589233]]]}"
401,5013,5013,Slum Area,402,1.77812767,2901215044,KS_GARDEN,Notified,net,South,976.4624576344208,"{""type"":""Polygon"",""coordinates"":[[[77.5916969,12.9596653],[77.5913969,12.9597954],[77.5909635,12.959998799999997],[77.5908021,12.960064400000002],[77.5903883,12.9602743],[77.5900649,12.9603935],[77.5899644,12.960461299999999],[77.5899742,12.960501299999999],[77.5898656,12.960539999999998],[77.5897397,12.960207],[77.5895225,12.9595632],[77.5905138,12.9593666],[77.5905532,12.9594735],[77.5915857,12.9591931],[77.5916969,12.9596653]]]}"
402,5013,5013,Slum Area,403,1.55673826,2901215034,RAJEEV_NAGAR,Notified,net,South,292.52820578182445,"{""type"":""Polygon"",""coordinates"":[[[77.526607,12.977411799999999],[77.5267913,12.9774153],[77.52683330000002,12.977555900000002],[77.5268629,12.9776567],[77.5268561,12.9777831],[77.526861,12.977952599999998],[77.5268044,12.978079500000002],[77.5267843,12.9781869],[77.5268457,12.9786],[77.5268231,12.978784000000001],[77.526679,12.978776099999997],[77.5266464,12.9785973],[77.5261548,12.9783192],[77.5262105,12.978126999999999],[77.5260444,12.978052],[77.5259656,12.978030899999998],[77.525691,12.977918800000001],[77.5255796,12.977346799999998],[77.5257444,12.9773327],[77.5258369,12.9771376],[77.5261677,12.9772212],[77.52627710000002,12.9770862],[77.5265941,12.977088399999998],[77.526607,12.977411799999999]]]}"
403,5013,5013,Slum Area,404,2.90522885,2901215099,MANJUNATH_COLONY,Notified,net,South,54.716603802699666,"{""type"":""Polygon"",""coordinates"":[[[77.5615645,12.930578299999999],[77.5620851,12.930807499999997],[77.5625243,12.930914299999998],[77.5625124,12.9313896],[77.5626314,12.9317689],[77.5608399,12.9321481],[77.5606645,12.931342300000003],[77.560771,12.931294199999998],[77.5607168,12.930733100000001],[77.561063,12.930653999999999],[77.5609445,12.930488299999999],[77.5609445,12.930488199999997],[77.5609047,12.9304328],[77.5610156,12.9301882],[77.5615645,12.930578299999999]]]}"
404,5013,5013,Slum_Area,405,0.33285972,2901215075,BANDE_SLUM,Notified,net,South,5.314808609906365,"{""type"":""Polygon"",""coordinates"":[[[77.6021308,12.945843200000002],[77.60216020000001,12.946196899999999],[77.6018051,12.946312999999998],[77.6017101,12.9461224],[77.6016303,12.945950999999999],[77.6016086,12.945850999999998],[77.6016157,12.945844200000002],[77.6019699,12.945517500000001],[77.6021308,12.945843200000002]]]}"
405,,,,406,4.47390413,2901214030,LAKSHMIPURAM,Non-Notified,,South,2024.3117621328315,"{""type"":""Polygon"",""coordinates"":[[[77.5618395,12.9485785],[77.5616011,12.9484528],[77.5613512,12.9484408],[77.5608362,12.9485098],[77.5605305,12.948526400000002],[77.5602568,12.9484116],[77.5599487,12.948261100000002],[77.5597271,12.948193],[77.5594687,12.948199300000002],[77.5594291,12.947259099999998],[77.5594256,12.947121400000002],[77.5596215,12.947121099999999],[77.5596893,12.9473678],[77.5599711,12.9472137],[77.55987580000001,12.9469464],[77.56121600000002,12.946808600000002],[77.5612513,12.947233100000002],[77.5619591,12.9470905],[77.5622816,12.9470104],[77.5623534,12.947161800000002],[77.5623474,12.947377500000002],[77.562424,12.947745299999998],[77.561995,12.9477635],[77.5620015,12.948096],[77.5617812,12.9480987],[77.5618395,12.9485785]]]}"
406,5013,5013,Slum area,407,1.9023881,,AMBEDKAR_NAGAR164,,net,East,13.26315570906097,"{""type"":""Polygon"",""coordinates"":[[[77.6420029,12.9946815],[77.6425597,12.995188400000002],[77.642641,12.995684500000001],[77.6423892,12.9958313],[77.6413317,12.9958336],[77.641214,12.995430200000001],[77.6410384,12.9947635],[77.6410685,12.994738500000002],[77.6410421,12.994628600000002],[77.6412432,12.9945993],[77.6419606,12.994493000000002],[77.6420029,12.9946815]]]}"
407,5013,5013,Slum area,408,0.38853601,,AMBEDKAR_NAGAR145,,net,East,5.236420859542547,"{""type"":""Polygon"",""coordinates"":[[[77.6480045,12.987364299999998],[77.64812240000002,12.987434800000003],[77.6480902,12.987658399999999],[77.6480941,12.9880708],[77.6478221,12.9880419],[77.6475875,12.9880094],[77.6475818,12.987735599999999],[77.6475849,12.987614999999996],[77.6477008,12.9876021],[77.64782,12.9872278],[77.6480045,12.987364299999998]]]}"
408,5013,5013,Slum area,409,3.05511117,,AMBEDKAR_NAGAR184,,net,East,1481.133778770297,"{""type"":""Polygon"",""coordinates"":[[[77.5934569,12.994736200000002],[77.5927212,12.9950395],[77.5922116,12.995160299999998],[77.5920864,12.9931608],[77.5920032,12.992587099999996],[77.5927751,12.992475400000002],[77.5934569,12.994736200000002]]]}"
409,5013,5013,Slum area,410,3.72474146,2901214014,AK_COLONY_DOMLUR,Non-Notified,net,East,1349.8348580753102,"{""type"":""Polygon"",""coordinates"":[[[77.6379281,12.9563757],[77.6381676,12.957708400000001],[77.637324,12.957803000000002],[77.6358876,12.9579647],[77.6357079,12.9580007],[77.6356538,12.9579854],[77.6362774,12.9563423],[77.6362764,12.9563231],[77.6379281,12.9563757]]]}"
410,5013,5013,Slum area,411,0.83856112,2901214059,AK_COLONY_V_NAGENAHALLI,Non-Notified,net,East,361.7941320082721,"{""type"":""Polygon"",""coordinates"":[[[77.6044484,13.040467000000001],[77.6044591,13.040718500000002],[77.6044689,13.0408342],[77.6037839,13.040854900000001],[77.60376520000001,13.040852999999998],[77.6036644,13.039896400000002],[77.6043912,13.039858800000001],[77.6044484,13.040467000000001]]]}"
411,5013,5013,Slum area,412,0.09796549,2901214017,AMARJYOTHI_NAGAR,Non-Notified,net,East,10.013670917585785,"{""type"":""Polygon"",""coordinates"":[[[77.640831,12.9546707],[77.6403494,12.9547351],[77.6403291,12.9545551],[77.6408221,12.954519200000002],[77.640831,12.9546707]]]}"
412,5013,5013,Slum area,413,0.21699053,,AMBEDKAR_NAGAR171,,net,East,102.76449513154873,"{""type"":""Polygon"",""coordinates"":[[[77.57374100000001,13.0436281],[77.5734477,13.043775399999998],[77.5732571,13.043831199999998],[77.5731166,13.0435031],[77.5735738,13.0433348],[77.57374100000001,13.0436281]]]}"
413,5013,5013,Slum area,414,0.10582414,,AMBEDKAR_NAGAR180,,net,East,12.051832939596737,"{""type"":""Polygon"",""coordinates"":[[[77.6263406,12.950297099999998],[77.6262739,12.950429300000001],[77.6262475,12.950425500000001],[77.6260584,12.9502992],[77.625755,12.9503472],[77.6257505,12.9503201],[77.6259806,12.9502261],[77.6261318,12.950129999999996],[77.6261927,12.9500919],[77.6262552,12.9500466],[77.6263406,12.950297099999998]]]}"
414,5013,5013,Slum area,415,0.26436245,,AMBEDKAR_NAGAR195,,net,East,123.7923235724954,"{""type"":""Polygon"",""coordinates"":[[[77.58565680000001,13.020953200000001],[77.585801,13.0209764],[77.586056,13.021353],[77.5855694,13.021509200000002],[77.5854272,13.0208718],[77.58565680000001,13.020953200000001]]]}"
415,5013,5013,Slum area,416,5.33988857,2901214081,ANANDAPURA,Notified,net,East,71.86545345829981,"{""type"":""Polygon"",""coordinates"":[[[77.6611028,12.964169900000002],[77.6611915,12.9642246],[77.6608774,12.964790600000002],[77.6608997,12.9649171],[77.6605431,12.964959999999996],[77.6601075,12.9650817],[77.6599642,12.9650071],[77.6597186,12.965020799999998],[77.6592522,12.965051299999999],[77.6592207,12.9649004],[77.6591857,12.964902700000001],[77.6583863,12.965000500000002],[77.6580354,12.9639377],[77.6583892,12.9640093],[77.6588158,12.9640327],[77.6588319,12.964105900000002],[77.6589844,12.9642308],[77.6591176,12.964208699999999],[77.6592309,12.964117],[77.6593657,12.9641222],[77.6594603,12.9642194],[77.6594632,12.964270600000003],[77.6597211,12.9642874],[77.6597458,12.9635058],[77.6593133,12.9634678],[77.6591445,12.9635046],[77.6589066,12.9635051],[77.6588686,12.9633889],[77.6583223,12.963300099999996],[77.6581751,12.9633099],[77.6579617,12.963481],[77.6578591,12.9634787],[77.6577302,12.9631312],[77.6586813,12.963194600000001],[77.6594119,12.963264100000002],[77.6593712,12.962982],[77.6602318,12.962810000000003],[77.6602035,12.9626554],[77.6606557,12.9626003],[77.6606939,12.9629813],[77.6608132,12.963566800000002],[77.6610956,12.9641655],[77.6611028,12.964169900000002]]]}"
416,5013,5013,Slum area,417,0.31925288,2901214033,ANANTHASHRAMA,Non-Notified,net,East,160.67981292126225,"{""type"":""Polygon"",""coordinates"":[[[77.6009844,12.9876328],[77.6007089,12.9876394],[77.6002729,12.9876451],[77.6001594,12.987661399999999],[77.599874,12.987763],[77.5995888,12.987884400000002],[77.59952080000001,12.9877491],[77.6000668,12.987530999999999],[77.6006714,12.987433299999998],[77.600537,12.987102499999999],[77.6005794,12.987099],[77.6009844,12.9876328]]]}"
417,5013,5013,Slum area,418,1.02931178,2901214046,ASHOK_NAGAR,Non-Notified,net,East,341.9497380275352,"{""type"":""Polygon"",""coordinates"":[[[77.6132627,13.018539099999998],[77.61340530000001,13.019357700000002],[77.61275150000002,13.019469],[77.6127139,13.0190948],[77.6127188,13.0188702],[77.6127047,13.018412700000003],[77.6127245,13.018166900000002],[77.61277600000001,13.017856800000002],[77.613091,13.0178131],[77.6132627,13.018539099999998]]]}"
418,5013,5013,Slum area,419,1.37097561,2901214082,BABASAHEB_COLONY,Notified,net,East,19.190996166304046,"{""type"":""Polygon"",""coordinates"":[[[77.6441542,12.966168099999999],[77.6435449,12.9662821],[77.6426884,12.9664149],[77.6426537,12.9659744],[77.6426001,12.9659818],[77.6425964,12.96588],[77.6430071,12.9658181],[77.6429831,12.965443600000002],[77.6436036,12.965442599999998],[77.644068,12.9653696],[77.6441296,12.965817000000001],[77.6441542,12.966168099999999]]]}"
419,5013,5013,Slum area,420,1.02096319,2901214005,BANDE_COLONY_168,Non-Notified,net,East,534.2084300321691,"{""type"":""Polygon"",""coordinates"":[[[77.5765131,13.0291044],[77.576643,13.029112400000002],[77.5766784,13.029321799999998],[77.5767921,13.0299963],[77.5759526,13.030108900000002],[77.5758812,13.029557100000002],[77.575749,13.0295549],[77.5759967,13.028932999999999],[77.5765131,13.0291044]]]}"
420,5013,5013,Slum area,421,0.1126468,2901214064,BASAVALINGAPPA_NAGAR,Non-Notified,net,East,54.58038677140778,"{""type"":""Polygon"",""coordinates"":[[[77.6208319,13.0300401],[77.6206384,13.030082399999996],[77.6201233,13.030129599999999],[77.6201102,13.029994500000003],[77.6207911,13.029929499999998],[77.6208319,13.0300401]]]}"
421,5013,5013,Slum area,422,11.46664524,,BHUVANESHVARINAGARA,,net,East,5526.229549632353,"{""type"":""Polygon"",""coordinates"":[[[77.6047507,13.032936500000002],[77.6046453,13.033845400000002],[77.6046168,13.034859100000002],[77.6047338,13.0358189],[77.6033325,13.036075299999998],[77.6028455,13.035659200000001],[77.6022534,13.035105099999997],[77.6020846,13.034960099999996],[77.6020293,13.0347348],[77.6019921,13.034430400000002],[77.6019193,13.0342586],[77.60159240000002,13.0340327],[77.6016142,13.0338743],[77.6015382,13.033712200000002],[77.6015584,13.033402000000002],[77.6015773,13.0332841],[77.6017147,13.033213999999997],[77.6017433,13.0331297],[77.6017395,13.0326057],[77.6047709,13.032172400000002],[77.6047507,13.032936500000002]]]}"
422,5013,5013,Slum area,423,0.48683533,2901214002,BHUVANESHWARI_NAGAR,Non-Notified,net,East,209.3096143535539,"{""type"":""Polygon"",""coordinates"":[[[77.5891909,13.029495800000001],[77.5885268,13.0295927],[77.5885536,13.029747199999997],[77.5884647,13.0297511],[77.5884249,13.0294948],[77.5883608,13.029081999999999],[77.5883213,13.0288279],[77.5883848,13.028831000000002],[77.588587,13.0288185],[77.5886107,13.0288247],[77.5885928,13.0289406],[77.5890004,13.029027000000001],[77.5889439,13.029488499999998],[77.5891828,13.029449500000002],[77.5891909,13.029495800000001]]]}"
423,5013,5013,Slum area,424,1.57300913,2901214119,BYRANKUNTE,Notified,net,East,713.7550197227329,"{""type"":""Polygon"",""coordinates"":[[[77.6220456,13.036481900000002],[77.6221876,13.0365104],[77.6222213,13.0366604],[77.6220206,13.0367071],[77.6219436,13.036586],[77.6218299,13.0365525],[77.6217556,13.0364841],[77.6215592,13.036489500000002],[77.6214807,13.036230600000001],[77.6214423,13.036147800000002],[77.6213762,13.0360747],[77.6213143,13.036051300000002],[77.6212673,13.035980100000002],[77.6212529,13.0358917],[77.6211388,13.0358769],[77.6211041,13.0357856],[77.6210263,13.035791],[77.6209416,13.035703699999997],[77.6208998,13.0357143],[77.6207728,13.0355794],[77.620702,13.0355858],[77.6205363,13.035421],[77.6204769,13.035435499999998],[77.6203889,13.0354048],[77.620178,13.035178099999996],[77.619976,13.0350095],[77.6199348,13.0350314],[77.61987800000001,13.0349346],[77.6197413,13.0349813],[77.6195622,13.0344656],[77.619638,13.0344711],[77.61986,13.034478499999999],[77.6199533,13.0344594],[77.6200349,13.034467799999998],[77.6201596,13.034485200000002],[77.6202818,13.034548399999998],[77.6204128,13.034648700000002],[77.6207672,13.0351199],[77.6209944,13.0350558],[77.6210353,13.0351034],[77.6210688,13.0352143],[77.6211467,13.0354463],[77.6213099,13.0354142],[77.62139460000002,13.035704599999999],[77.6214843,13.035826399999998],[77.621793,13.036125900000002],[77.6218748,13.036228499999998],[77.6219482,13.036365800000002],[77.6220456,13.036481900000002]]]}"
424,5013,5013,Slum area,425,0.21696958,2901214116,CHUNA_LANE_2_3,Notified,net,East,112.88893755744485,"{""type"":""Polygon"",""coordinates"":[[[77.6193166,13.0249136],[77.6196185,13.024917900000002],[77.61968390000001,13.0251835],[77.6193923,13.025214000000002],[77.6194017,13.025272900000003],[77.6191282,13.025256899999999],[77.6191022,13.025143800000002],[77.6190505,13.0249073],[77.6193166,13.0249136]]]}"
425,5013,5013,Slum area,426,1.55699325,2901214079,CEMENT_LINE,Notified,net,East,626.0446283677045,"{""type"":""Polygon"",""coordinates"":[[[77.6136959,12.9615025],[77.6126875,12.961565],[77.612658,12.961136800000002],[77.6126187,12.961140600000002],[77.6125023,12.960192900000001],[77.6127557,12.960223699999998],[77.6129448,12.960247999999998],[77.6132284,12.960293500000002],[77.6134271,12.9604304],[77.6134591,12.960536300000003],[77.6136377,12.9605353],[77.6136758,12.9610561],[77.6136959,12.9615025]]]}"
426,5013,5013,Slum area,427,0.28207907,2901214107,CHINNAPPA_GARDEN,Notified,net,East,114.65921463311886,"{""type"":""Polygon"",""coordinates"":[[[77.6319357,12.9974596],[77.63101340000001,12.9976827],[77.6309266,12.997478299999997],[77.6314102,12.997345],[77.63190070000002,12.997193],[77.6319357,12.9974596]]]}"
427,5013,5013,Slum area,428,1.54074204,2901214036,CHINNAPPA_HUTS,Non-Notified,net,East,164.2250208835976,"{""type"":""Polygon"",""coordinates"":[[[77.6021897,13.0025042],[77.6022482,13.0026436],[77.6019751,13.002740300000001],[77.60157030000002,13.0020509],[77.6014852,13.001932700000003],[77.6013971,13.0017883],[77.6013162,13.001804300000002],[77.6011872,13.0015558],[77.6021391,13.0013869],[77.602261,13.001377],[77.6023829,13.001405999999998],[77.6026152,13.001709899999998],[77.6029523,13.002203200000002],[77.6026674,13.002393600000001],[77.6025816,13.002279199999998],[77.6021897,13.0025042]]]}"
428,5013,5013,Slum area,429,0.6723488,2901214110,CHINNAPPA_LANE,Notified,net,East,298.0716546750536,"{""type"":""Polygon"",""coordinates"":[[[77.6300995,12.997422],[77.6292954,12.997739499999998],[77.6290519,12.9970459],[77.62934530000001,12.997013699999998],[77.6298622,12.996842799999996],[77.6300995,12.997422]]]}"
429,5013,5013,Slum area,430,0.24018972,2901214115,CHUNA_LANE_1_4,Notified,net,East,125.47616864372702,"{""type"":""Polygon"",""coordinates"":[[[77.620666,13.0258487],[77.6203627,13.0260058],[77.62003510000001,13.026097700000001],[77.6199356,13.025764199999998],[77.6206659,13.0256556],[77.620666,13.0258487]]]}"
430,5013,5013,Slum area,431,0.56140125,2901214012,DEENABANDHU_NAGARA,Non-Notified,net,East,284.29933950386794,"{""type"":""Polygon"",""coordinates"":[[[77.6271692,12.968180599999998],[77.6277697,12.9682035],[77.6282891,12.9682223],[77.6288959,12.9682403],[77.6289029,12.968272200000001],[77.628463,12.968327600000002],[77.6280416,12.9684857],[77.627952,12.968537599999998],[77.6276603,12.968497],[77.6275135,12.968479099999998],[77.6266563,12.9683322],[77.6266361,12.968331000000001],[77.6266367,12.968160300000001],[77.6271692,12.968180599999998]]]}"
431,5013,5013,Slum area,432,1.27047467,2901214092,DODDAGUNTA,Notified,net,East,158.24122918820848,"{""type"":""Polygon"",""coordinates"":[[[77.6228881,12.9931704],[77.62275850000002,12.993183],[77.6223378,12.993196800000002],[77.6220978,12.9931512],[77.62194070000001,12.993121600000002],[77.6219569,12.9919958],[77.6221664,12.991899],[77.6224251,12.9918704],[77.6224426,12.9918667],[77.6226332,12.9918196],[77.622659,12.991813699999998],[77.6226746,12.9918174],[77.6227716,12.992806399999997],[77.6228654,12.992795800000001],[77.6228881,12.9931704]]]}"
432,5013,5013,Slum area,433,2.34376693,2901214090,GAJENDRA_NAGAR,Notified,net,East,10.284657569960052,"{""type"":""Polygon"",""coordinates"":[[[77.6399465,12.9940109],[77.6399707,12.9945245],[77.6400433,12.994921899999998],[77.6385318,12.9951003],[77.6385087,12.994678999999998],[77.6386678,12.9944877],[77.6386576,12.9942731],[77.63859,12.994056000000002],[77.6384741,12.9938127],[77.6383221,12.993341900000003],[77.6384319,12.9933483],[77.6387657,12.9935576],[77.6389262,12.9936458],[77.6391748,12.9937338],[77.639514,12.993723],[77.63987510000001,12.993662700000002],[77.6399465,12.9940109]]]}"
433,5013,5013,Slum area,434,1.96378005,2901214051,GANDHIGRAMA_SK_GARDEN,Non-Notified,net,East,395.56330057779945,"{""type"":""Polygon"",""coordinates"":[[[77.6106361,13.0013471],[77.6090345,13.002605000000003],[77.6087295,13.0026552],[77.6083533,13.001892599999998],[77.6086699,13.0017908],[77.6091181,13.001545199999999],[77.6097822,13.0011768],[77.6101484,13.000959800000002],[77.6106361,13.0013471]]]}"
434,5013,5013,Slum area,435,1.30566466,2901214060,GANGA_BHAVANI,Non-Notified,net,East,278.2896345849131,"{""type"":""Polygon"",""coordinates"":[[[77.6009038,13.003731500000002],[77.6007816,13.003557899999999],[77.6007491,13.003564900000002],[77.6006543,13.0034733],[77.6005791,13.0034092],[77.6004193,13.0032409],[77.6003225,13.0031318],[77.6005763,13.003038999999998],[77.6008247,13.002926300000002],[77.6009587,13.0031236],[77.6012983,13.002941300000002],[77.6016045,13.002853],[77.6018939,13.002773800000002],[77.6019722,13.0027461],[77.6022543,13.002646300000002],[77.6021955,13.002506099999998],[77.6025804,13.002285200000001],[77.6026664,13.002399799999997],[77.602955,13.0022068],[77.6030459,13.002329700000002],[77.6029483,13.002368100000002],[77.6027293,13.002501500000001],[77.6025787,13.0026183],[77.6026372,13.002728800000002],[77.602459,13.002846800000002],[77.60185840000001,13.003167400000004],[77.6012032,13.0035078],[77.6012211,13.0035513],[77.6009038,13.003731500000002]]]}"
435,5013,5013,Slum area,436,1.09212339,2901214006,GEDDALAHALLI_GRAMA169,Non-Notified,net,East,571.7725372912837,"{""type"":""Polygon"",""coordinates"":[[[77.5778488,13.030072100000002],[77.5771997,13.0301555],[77.5768134,13.0300952],[77.5766829,13.0293211],[77.5775484,13.029188800000002],[77.5777,13.029175199999997],[77.5778488,13.030072100000002]]]}"
436,5013,5013,Slum area,437,0.11221638,2901214015,GOUTHAM_COLONY,Non-Notified,net,East,56.78918863932292,"{""type"":""Polygon"",""coordinates"":[[[77.6400127,12.9578052],[77.6398601,12.9578198],[77.6398452,12.957509700000001],[77.6398134,12.957486400000002],[77.6396535,12.9575005],[77.6396431,12.957358200000002],[77.6399703,12.957346700000002],[77.6400127,12.9578052]]]}"
437,5013,5013,Slum area,438,2.58924866,2901214011,GOUTHAMPURA,Non-Notified,net,East,1087.6269658107383,"{""type"":""Polygon"",""coordinates"":[[[77.6238205,12.9688102],[77.6236344,12.9692122],[77.6235786,12.969186],[77.62336,12.9688907],[77.6231829,12.968489799999997],[77.6236677,12.9677999],[77.6239038,12.967641199999997],[77.6242134,12.967708400000001],[77.6242026,12.967814100000002],[77.6244097,12.9677786],[77.6244691,12.967817],[77.6244513,12.967836200000002],[77.6246363,12.96795],[77.6249002,12.968119800000002],[77.6249686,12.968138200000002],[77.625205,12.968139300000002],[77.6254476,12.9681217],[77.6257232,12.9681265],[77.6265114,12.968155599999998],[77.6264754,12.9683167],[77.6263566,12.968523800000002],[77.62619840000002,12.96872],[77.62609510000001,12.9688036],[77.62581700000001,12.9689614],[77.6251267,12.968633700000002],[77.6249371,12.968602800000001],[77.6247161,12.9685414],[77.624656,12.968458900000002],[77.6245529,12.9683704],[77.62445190000001,12.9682275],[77.6243952,12.9681683],[77.6242951,12.9680809],[77.6238205,12.9688102]]]}"
438,5013,5013,Slum area,439,0.81106216,2901214120,GUNDU_THOPU196,Notified,net,East,317.73604879940257,"{""type"":""Polygon"",""coordinates"":[[[77.6315485,13.035539500000002],[77.631262,13.0358909],[77.6312101,13.035903200000002],[77.6309287,13.0358566],[77.630805,13.035417900000002],[77.6305262,13.035261100000001],[77.6311901,13.034636499999998],[77.6315485,13.035539500000002]]]}"
439,5013,5013,Slum area,440,0.85053623,,GUNDUTHOPU_GEDDALAHALLI,,net,East,402.94060345818014,"{""type"":""Polygon"",""coordinates"":[[[77.577547,13.0277149],[77.5774157,13.028060199999999],[77.57746,13.0283075],[77.5774799,13.0286679],[77.5775479,13.0291843],[77.5766822,13.029316699999999],[77.5766476,13.0291116],[77.5766555,13.028880599999999],[77.5770853,13.028838],[77.5770747,13.0285144],[77.5770524,13.0282278],[77.5772564,13.027984100000001],[77.5774448,13.027681199999998],[77.577547,13.0277149]]]}"
440,5013,5013,Slum area,441,1.8086319,2901214093,INDIRA_HARIJAN_SEVA_SANGA,Notified,net,East,7.879051327237895,"{""type"":""Polygon"",""coordinates"":[[[77.6450477,12.9879215],[77.6452024,12.9884551],[77.6448899,12.988520899999997],[77.6448938,12.988482899999997],[77.6447192,12.988360599999998],[77.6445806,12.988332899999998],[77.6443863,12.9881468],[77.64418220000002,12.9879405],[77.6439753,12.9879281],[77.6435344,12.9879854],[77.6434037,12.987671600000002],[77.6433231,12.987394600000002],[77.644775,12.9870105],[77.6449108,12.987496100000001],[77.6450477,12.9879215]]]}"
441,5013,5013,Slum area,442,0.60081518,2901214080,ISRO_SLUM,Notified,net,East,293.53566080729166,"{""type"":""Polygon"",""coordinates"":[[[77.634658,12.9689616],[77.6347119,12.9689906],[77.6348397,12.969071899999998],[77.6349826,12.969207200000001],[77.6350123,12.9692495],[77.6341776,12.970487200000003],[77.6341028,12.970436699999999],[77.6345691,12.968897499999999],[77.634658,12.9689616]]]}"
442,5013,5013,Slum area,443,1.60077178,2901214112,JANAKIRAM,Notified,net,East,876.722547344133,"{""type"":""Polygon"",""coordinates"":[[[77.6337503,13.005327400000002],[77.6332346,13.0054205],[77.6326785,13.0055419],[77.6319489,13.0057225],[77.631926,13.005728200000002],[77.6319265,13.005669999999999],[77.6319066,13.0054649],[77.6318988,13.0053837],[77.6318835,13.0053236],[77.6318149,13.005054000000001],[77.6318383,13.0050479],[77.6325803,13.004854099999998],[77.6325637,13.004749399999998],[77.6328709,13.0046116],[77.6329269,13.004721800000004],[77.63302430000002,13.0047127],[77.6331809,13.004715999999998],[77.6332519,13.004697600000002],[77.633401,13.0046742],[77.6334122,13.004712700000002],[77.6334781,13.0047043],[77.6336455,13.004688300000002],[77.6336685,13.004829099999998],[77.6337503,13.005327400000002]]]}"
443,5013,5013,Slum area,444,2.1382699,2901214018,JAYARAJ_NAGAR,Non-Notified,net,East,1092.842673746745,"{""type"":""Polygon"",""coordinates"":[[[77.6175123,12.958993800000002],[77.617486,12.960183500000001],[77.6176388,12.961098900000001],[77.6173397,12.9610494],[77.6173353,12.960968],[77.6168612,12.9609411],[77.6165139,12.960899600000001],[77.6165151,12.960881800000003],[77.6166265,12.959652400000001],[77.6166856,12.9591354],[77.6173091,12.959008399999998],[77.6174933,12.958961899999998],[77.6175123,12.958993800000002]]]}"
444,5013,5013,Slum area,445,0.5824784,2901214003,KUNTHIGRAMA_A_BLOCK,Non-Notified,net,East,254.97930333754596,"{""type"":""Polygon"",""coordinates"":[[[77.5949068,13.037048300000002],[77.5950594,13.0372975],[77.5950854,13.0373565],[77.5949137,13.0374311],[77.5949869,13.037575899999998],[77.5949805,13.037579699999998],[77.5942877,13.037683000000001],[77.5942595,13.0370315],[77.594525,13.036942299999998],[77.5948291,13.036856500000003],[77.5949068,13.037048300000002]]]}"
445,5013,5013,Slum area,446,0.40635049,2901214003,KUNTHIGRAMA_B_BLOCK,Non-Notified,net,East,191.99899866440717,"{""type"":""Polygon"",""coordinates"":[[[77.595554,13.0376835],[77.5951656,13.037805199999998],[77.595042,13.037555099999999],[77.5949908,13.0375735],[77.59492000000002,13.037433299999998],[77.5950915,13.0373588],[77.5950635,13.037295399999998],[77.594911,13.0370463],[77.5948336,13.0368553],[77.5950922,13.036804600000002],[77.5952066,13.0370424],[77.59546850000001,13.0374658],[77.595554,13.0376835]]]}"
446,5013,5013,Slum area,447,1.77068985,2901214042,KADIRENAPALYA,Non-Notified,net,East,153.29998079187732,"{""type"":""Polygon"",""coordinates"":[[[77.6353217,12.9848763],[77.6359234,12.985731600000001],[77.6352852,12.986186399999998],[77.634147,12.984730899999999],[77.6346385,12.9842952],[77.6353217,12.9848763]]]}"
447,5013,5013,Slum area,448,0.50223494,2901214068,KAMARAJ_NAGAR,Non-Notified,net,East,244.24082617666207,"{""type"":""Polygon"",""coordinates"":[[[77.6214071,13.028055800000002],[77.6208852,13.028022600000003],[77.620618,13.028037100000002],[77.6206084,13.027985199999998],[77.6205066,13.0275429],[77.6208125,13.027551300000002],[77.6211464,13.027533400000001],[77.6212204,13.027549500000001],[77.6214592,13.027646800000001],[77.6214071,13.028055800000002]]]}"
448,5013,5013,Slum area,449,0.37854379,2901214062,KEMPEGOWDA_COLONY,Non-Notified,net,East,197.34388092639398,"{""type"":""Polygon"",""coordinates"":[[[77.588052,13.022276200000002],[77.5879817,13.022291799999998],[77.5878113,13.022262199999998],[77.587635,13.0221882],[77.5875481,13.021955900000002],[77.5874595,13.0217956],[77.58732450000001,13.021468100000002],[77.5875097,13.021382700000002],[77.5874595,13.0212903],[77.5875579,13.0212476],[77.588052,13.022276200000002]]]}"
449,5013,5013,Slum area,450,0.55643129,2901214106,KODHANDARAMAPALYA,Notified,net,East,217.43079646241432,"{""type"":""Polygon"",""coordinates"":[[[77.6318954,12.9969065],[77.6319001,12.997188400000002],[77.6314089,12.997340599999998],[77.6309248,12.997474100000002],[77.6307963,12.997153200000001],[77.63124770000002,12.9969397],[77.6318795,12.996700299999999],[77.6318954,12.9969065]]]}"
450,5013,5013,Slum area,451,0.41599935,2901214083,KODIHALLI,Notified,net,East,4.161185597438439,"{""type"":""Polygon"",""coordinates"":[[[77.6488166,12.9642657],[77.6479957,12.9646604],[77.64788570000002,12.964222199999996],[77.648104,12.964164700000001],[77.6486961,12.963931300000002],[77.6488166,12.9642657]]]}"
451,5013,5013,Slum area,452,0.20549606,2901214104,KONDAPPA_ACHHAPPA_GARDEN,Notified,net,East,80.52584491804535,"{""type"":""Polygon"",""coordinates"":[[[77.6304792,12.996582600000002],[77.6302165,12.996675699999999],[77.6299804,12.996107799999999],[77.6302164,12.9959898],[77.6304792,12.996582600000002]]]}"
452,5013,5013,Slum area,453,0.75767094,2901214072,KONENAAGRAHARA_AIR_VIEW_COLONY,Non-Notified,net,East,9.76630043702967,"{""type"":""Polygon"",""coordinates"":[[[77.6627786,12.959019299999996],[77.6622189,12.9591168],[77.6620494,12.959141500000001],[77.6620637,12.958600099999998],[77.6621129,12.958602499999998],[77.66212100000001,12.958102600000002],[77.662627,12.958120599999999],[77.6626168,12.958293799999998],[77.6627478,12.9583039],[77.6627786,12.959019299999996]]]}"
453,5013,5013,Slum area,454,0.31057784,2901214111,KRISHNAPPA_GARDEN,Notified,net,East,3.030858537262561,"{""type"":""Polygon"",""coordinates"":[[[77.6321184,12.995041200000001],[77.6326229,12.9952323],[77.6326398,12.9953259],[77.6320533,12.995515700000002],[77.6318521,12.994783399999998],[77.63205540000001,12.9947406],[77.6321184,12.995041200000001]]]}"
454,5013,5013,Slum area,455,1.058339,2901214044,KRISHNAYYANAPALYA,Non-Notified,net,East,4.913035306743548,"{""type"":""Polygon"",""coordinates"":[[[77.6529337,12.995812599999999],[77.6528886,12.996329400000002],[77.6530393,12.996388699999999],[77.65297200000002,12.9969305],[77.6522073,12.996838300000002],[77.652134,12.996799199999998],[77.6522019,12.9957602],[77.6526249,12.995753400000002],[77.6529337,12.995812599999999]]]}"
455,5013,5013,Slum area,456,6.52507067,2901214074,LAXMANRAO_NAGAR,Notified,net,East,42.09852229473638,"{""type"":""Polygon"",""coordinates"":[[[77.6172786,12.9505635],[77.6165893,12.9506453],[77.6161301,12.950714600000001],[77.6154362,12.9507952],[77.61532,12.9507716],[77.614869,12.950655599999997],[77.614591,12.950539],[77.613789,12.9503014],[77.6134535,12.9501968],[77.6129342,12.9500284],[77.6129555,12.949924299999998],[77.6124576,12.9497705],[77.611876,12.949617100000001],[77.6116611,12.9494198],[77.6121043,12.949401899999998],[77.6130715,12.949417399999998],[77.6146491,12.9494144],[77.6155252,12.9493952],[77.6170195,12.9493651],[77.6176445,12.9503367],[77.6175129,12.950349700000002],[77.6175655,12.9506007],[77.6175341,12.950568500000001],[77.6174512,12.950552400000001],[77.6172786,12.9505635]]]}"
456,5013,5013,Slum area,457,0.14934784,2901214074,LAZAR_ROAD_SLUM,Notified,net,East,82.36602902879902,"{""type"":""Polygon"",""coordinates"":[[[77.620216,13.0004912],[77.6202841,13.001140200000002],[77.6201281,13.0011831],[77.6200836,13.000977],[77.6199892,13.000618399999999],[77.6202107,13.000485],[77.620216,13.0004912]]]}"
457,5013,5013,Slum area,458,6.56326532,2901214102,LINGARAJPUR_A_BLOCK,Notified,net,East,3469.9388722139242,"{""type"":""Polygon"",""coordinates"":[[[77.6290042,13.011231400000002],[77.6288299,13.011232600000001],[77.6283946,13.0112703],[77.6281228,13.011295700000002],[77.6281159,13.011235200000002],[77.6279028,13.011267200000002],[77.6274244,13.0113514],[77.6270427,13.0114233],[77.6263047,13.011564099999998],[77.6262406,13.0113941],[77.6260532,13.010909999999999],[77.625958,13.010362500000003],[77.625893,13.0097513],[77.6282684,13.009286000000001],[77.6281878,13.0088346],[77.6285695,13.008821799999998],[77.6286679,13.0095223],[77.6287061,13.009842899999999],[77.6288284,13.0104238],[77.6289635,13.011060700000002],[77.6289919,13.011179700000001],[77.6290042,13.011231400000002]]]}"
458,5013,5013,Slum area,459,5.58656025,2901214097,LINGARAJPUR_B_BLOCK,Notified,net,East,3073.187559120328,"{""type"":""Polygon"",""coordinates"":[[[77.6305289,13.007637100000002],[77.63018440000002,13.007602800000003],[77.6300256,13.0075782],[77.6295467,13.006498700000003],[77.6292233,13.0058402],[77.6293583,13.005799999999999],[77.6293255,13.005653500000001],[77.6295662,13.005587200000003],[77.6298604,13.0054591],[77.6300055,13.0053912],[77.6300419,13.0055064],[77.6308336,13.0053721],[77.63137910000002,13.005278799999996],[77.6313402,13.005109399999998],[77.6313707,13.005082299999998],[77.6318047,13.005014],[77.6318149,13.005054000000001],[77.6318835,13.0053236],[77.6318988,13.0053837],[77.6319066,13.0054649],[77.6319265,13.005669999999999],[77.631926,13.005728200000002],[77.6319258,13.0057457],[77.6318919,13.006049700000004],[77.6314521,13.006895300000002],[77.6313847,13.0071024],[77.6313678,13.0075794],[77.631313,13.0075427],[77.6305289,13.007637100000002]]]}"
459,5013,5013,Slum area,460,13.93977737,2901214099,LINGARAJPUR_E_BLOCK,Notified,net,East,6507.128189027075,"{""type"":""Polygon"",""coordinates"":[[[77.6285695,13.008821799999998],[77.6285626,13.008773300000001],[77.6284085,13.0079072],[77.6300256,13.0075782],[77.63018440000002,13.007602800000003],[77.6305289,13.007637100000002],[77.631313,13.0075427],[77.6313678,13.0075794],[77.6316135,13.0077441],[77.6323708,13.008347600000002],[77.6324097,13.008490200000002],[77.6324384,13.008690700000002],[77.632384,13.0087517],[77.6322099,13.009142900000002],[77.6319548,13.009724700000001],[77.6317986,13.010035999999998],[77.6315756,13.010225],[77.6309224,13.010821699999997],[77.6308062,13.010979799999996],[77.6306306,13.011170399999997],[77.6303906,13.0114195],[77.62971540000001,13.0115847],[77.629603,13.0116593],[77.6291405,13.011802700000002],[77.6291203,13.011718000000002],[77.6290042,13.011231400000002],[77.6289919,13.011179700000001],[77.6289635,13.011060700000002],[77.6288284,13.0104238],[77.6287061,13.009842899999999],[77.6286679,13.0095223],[77.6285695,13.008821799999998]]]}"
460,5013,5013,Slum area,461,4.54675531,2901214098,LINGARAJPUR_G_BLOCK,Notified,net,East,2430.2329582663147,"{""type"":""Polygon"",""coordinates"":[[[77.6285695,13.008821799999998],[77.6281878,13.0088346],[77.6282684,13.009286000000001],[77.625893,13.0097513],[77.625876,13.0096041],[77.6257866,13.0088251],[77.6257853,13.0086359],[77.6257207,13.0083411],[77.6256988,13.0081787],[77.6256861,13.008027300000002],[77.6257244,13.0078841],[77.6259072,13.007862000000003],[77.626105,13.007868700000001],[77.626174,13.007880799999999],[77.6261765,13.007980700000003],[77.6263205,13.008007400000002],[77.6265747,13.0080495],[77.62694420000001,13.0081427],[77.6273422,13.008218100000002],[77.6274206,13.008268699999999],[77.627638,13.008218200000002],[77.62800390000001,13.0080681],[77.6284085,13.0079072],[77.6285626,13.008773300000001],[77.6285695,13.008821799999998]]]}"
461,5013,5013,Slum area,462,2.62027359,2901214026,MAAYA_BAZAAR,Non-Notified,net,East,1009.5870307473575,"{""type"":""Polygon"",""coordinates"":[[[77.619595,12.958851400000002],[77.6195279,12.959093],[77.6185923,12.9589235],[77.6186504,12.958668000000001],[77.6188398,12.957935300000003],[77.6189536,12.9577303],[77.6189974,12.9574413],[77.6199739,12.9566275],[77.6200698,12.956624600000001],[77.6196192,12.957216800000001],[77.6198639,12.9572839],[77.6198291,12.957524499999996],[77.61998370000002,12.957533899999998],[77.62000700000002,12.958034400000003],[77.6200599,12.9580368],[77.6200925,12.958065600000001],[77.6201576,12.958378900000001],[77.6200407,12.9587887],[77.619909,12.958777399999999],[77.619595,12.958851400000002]]]}"
462,5013,5013,Slum area,463,0.0834583,2901214060,MONORAYAN_PALYA,Non-Notified,net,East,52.46266084558823,"{""type"":""Polygon"",""coordinates"":[[[77.6050612,13.029519300000002],[77.6050811,13.0296676],[77.60473770000002,13.029731600000002],[77.6047099,13.0295417],[77.6050528,13.0294647],[77.6050612,13.029519300000002]]]}"
463,5013,5013,Slum area,464,1.66332436,2901214034,MRS_PALYA,Non-Notified,net,East,352.75882179409854,"{""type"":""Polygon"",""coordinates"":[[[77.6019707,13.0027418],[77.6018925,13.002769500000001],[77.6016032,13.002848700000003],[77.6012966,13.0029371],[77.6009601,13.003117599999998],[77.6008289,13.0029244],[77.6007913,13.0028492],[77.600621,13.002453500000001],[77.6005671,13.002338700000001],[77.6002454,13.002388],[77.6002248,13.002108100000001],[77.6005775,13.0019803],[77.6009585,13.0017398],[77.6009465,13.0015319],[77.6011824,13.0015566],[77.6013137,13.0018094],[77.6013948,13.0017934],[77.6014814,13.001935099999999],[77.6015664,13.0020534],[77.6019707,13.0027418]]]}"
464,5013,5013,Slum area,465,0.83339733,2901214073,MUDDAPPA_GARDEN,Non-Notified,net,East,167.6208265940348,"{""type"":""Polygon"",""coordinates"":[[[77.63306,12.9981762],[77.6325317,12.9983068],[77.6325292,12.998400100000001],[77.6320781,12.998523899999999],[77.6318989,12.9977239],[77.6322417,12.9976002],[77.6322599,12.997739900000001],[77.6328822,12.9976316],[77.63306,12.9981762]]]}"
465,5013,5013,Slum area,466,0.24964963,2901214105,MUNINARANAPPA_GARDEN,Notified,net,East,101.99406151865043,"{""type"":""Polygon"",""coordinates"":[[[77.63078110000001,12.9971545],[77.6304563,12.997286199999998],[77.6302315,12.996703700000001],[77.6305403,12.996599],[77.63078110000001,12.9971545]]]}"
466,5013,5013,Slum area,467,1.11358047,2901214041,MURFFY_TOWN,Non-Notified,net,East,444.8144607843138,"{""type"":""Polygon"",""coordinates"":[[[77.6301132,12.9825727],[77.6299097,12.9826179],[77.629748,12.9826477],[77.6294432,12.982712500000002],[77.6292482,12.9827758],[77.62901700000002,12.9816802],[77.6298741,12.981581399999998],[77.6301132,12.9825727]]]}"
467,5013,5013,Slum area,468,0.5914104,2901214028,MURUGESHPALYA_AKCOLONY,Non-Notified,net,East,8.080150697745529,"{""type"":""Polygon"",""coordinates"":[[[77.6547268,12.957589499999997],[77.6543472,12.957676599999997],[77.6542603,12.957423300000002],[77.6542047,12.9574297],[77.6540476,12.956835600000002],[77.6540458,12.9567867],[77.6544885,12.9567499],[77.6547224,12.956754500000002],[77.6547268,12.957589499999997]]]}"
468,5013,5013,Slum area,469,3.73153591,2901214037,MVGARDEN,Notified,net,East,1094.5914103190103,"{""type"":""Polygon"",""coordinates"":[[[77.6232211,12.978807],[77.6232531,12.979101000000002],[77.6233231,12.979697799999999],[77.6220239,12.9800384],[77.6218532,12.9796211],[77.6215688,12.979117],[77.6213127,12.978930499999999],[77.6209882,12.9787795],[77.6210291,12.9786851],[77.6211492,12.9787197],[77.6211012,12.9780044],[77.6209999,12.9776571],[77.6222525,12.9782492],[77.6231582,12.9784978],[77.6232211,12.978807]]]}"
469,5013,5013,Slum area,470,3.1233809,2901214022,NAGAMMANAGAR,Non-Notified,net,East,1429.8210923138786,"{""type"":""Polygon"",""coordinates"":[[[77.6256547,12.9692042],[77.6254314,12.9696471],[77.6254598,12.969666499999999],[77.6253821,12.9697884],[77.6253901,12.969794400000001],[77.6251858,12.970127000000002],[77.6245914,12.9700418],[77.6240138,12.969699300000002],[77.6234509,12.9694618],[77.6236134,12.969207299999999],[77.6236367,12.9692183],[77.6238246,12.9688124],[77.6242961,12.9680878],[77.624392,12.9681715],[77.6244483,12.9682303],[77.6245494,12.9683734],[77.6246526,12.968461999999999],[77.6247133,12.968545300000002],[77.6249361,12.9686072],[77.6251253,12.9686381],[77.6258121,12.9689642],[77.6256547,12.9692042]]]}"
470,5013,5013,Slum area,471,0.12491481,2901214109,NAGAPPA_GARDEN,Notified,net,East,38.170572916666664,"{""type"":""Polygon"",""coordinates"":[[[77.6302073,12.9952663],[77.6300557,12.995324000000002],[77.6298173,12.9948241],[77.6300288,12.994760400000002],[77.6302073,12.9952663]]]}"
471,5013,5013,Slum area,472,1.38122392,2901214058,NAGAYYANAPALYA,Non-Notified,net,East,8.953133379244337,"{""type"":""Polygon"",""coordinates"":[[[77.6368475,13.003548499999999],[77.63645090000001,13.003776600000002],[77.6364449,13.003262],[77.6370556,13.003257599999998],[77.6370961,13.002706800000002],[77.6371374,13.002143700000001],[77.6376162,13.002261700000002],[77.6379589,13.002484699999998],[77.6385343,13.002598100000002],[77.6384794,13.0026799],[77.6381892,13.002831099999998],[77.6380779,13.002889199999998],[77.637614,13.003128699999998],[77.6368475,13.003548499999999]]]}"
472,5013,5013,Slum area,473,1.88251054,2901214043,NC_COLONY,Non-Notified,net,East,351.8759534050436,"{""type"":""Polygon"",""coordinates"":[[[77.6091693,13.002795599999999],[77.6091027,13.0027171],[77.6090402,13.0026143],[77.610648,13.001352299999999],[77.6120014,13.001940599999998],[77.611502,13.0020088],[77.6115048,13.0020786],[77.6106789,13.0023607],[77.6104084,13.0025027],[77.6103516,13.0023218],[77.6091693,13.002795599999999]]]}"
473,5013,5013,Slum area,474,0.27407813,2901214052,NETHAJI_SLUM,Non-Notified,net,East,124.24850775026809,"{""type"":""Polygon"",""coordinates"":[[[77.6118945,13.0012088],[77.6120404,13.0013731],[77.6120449,13.001416499999998],[77.6119867,13.001479800000002],[77.6118301,13.001368200000002],[77.6116975,13.001282400000001],[77.6112226,13.0010838],[77.6110506,13.0009896],[77.6110689,13.000963000000002],[77.6114143,13.000807299999998],[77.6114393,13.0007982],[77.6118945,13.0012088]]]}"
474,5013,5013,Slum area,475,6.20655727,2901214121,NEW_BAGALUR,Notified,net,East,2808.2255264581418,"{""type"":""Polygon"",""coordinates"":[[[77.6207273,13.006838400000001],[77.620856,13.007091199999998],[77.619167,13.0076377],[77.6185005,13.0078849],[77.6163701,13.008635399999998],[77.61641560000001,13.008837200000002],[77.61600490000001,13.0089878],[77.6158315,13.008404400000002],[77.6156544,13.008040099999999],[77.6162772,13.0076998],[77.61648070000001,13.007569800000002],[77.6177051,13.006900300000002],[77.6182008,13.0066907],[77.6191361,13.006388899999997],[77.6193568,13.006830100000002],[77.6195764,13.006799300000003],[77.6199895,13.006644600000001],[77.6205171,13.0064286],[77.6207273,13.006838400000001]]]}"
475,5013,5013,Slum area,476,0.0585227,2901214061,NRUPATUNGA,Non-Notified,net,East,22.083437930836396,"{""type"":""Polygon"",""coordinates"":[[[77.5912929,13.0213418],[77.5911706,13.021347500000001],[77.5912061,13.021290700000002],[77.5912531,13.021188800000001],[77.5912439,13.0210835],[77.591201,13.0210236],[77.5911348,13.020927799999999],[77.5911076,13.0208265],[77.5911862,13.0208217],[77.5912837,13.0208196],[77.5912929,13.0213418]]]}"
476,5013,5013,Slum area,477,7.37348223,2901214096,OLD_BAGALUR,Notified,net,East,3717.8001284131815,"{""type"":""Polygon"",""coordinates"":[[[77.6185005,13.0078849],[77.6187266,13.0084277],[77.6193503,13.0082366],[77.6198316,13.008114399999998],[77.6211848,13.0076754],[77.6215586,13.0075538],[77.621804,13.0074622],[77.6221475,13.007817200000002],[77.6218829,13.007942500000004],[77.6204303,13.0083511],[77.6196684,13.0085744],[77.61983980000001,13.0089077],[77.6200585,13.009144100000002],[77.6194869,13.0089662],[77.61909720000001,13.008921800000001],[77.618795,13.009138900000004],[77.6188447,13.0092969],[77.618676,13.009332899999997],[77.618293,13.009489599999998],[77.6178416,13.0096523],[77.6168787,13.010006900000002],[77.6159589,13.0103378],[77.6155983,13.009107199999999],[77.6158101,13.009059100000002],[77.6158801,13.0090335],[77.61600490000001,13.0089878],[77.61641560000001,13.008837200000002],[77.6163701,13.008635399999998],[77.6185005,13.0078849]]]}"
477,5013,5013,Slum area,478,1.27958214,2901214071,OLD_THIPPASANDRA,Non-Notified,net,East,20.560769331688974,"{""type"":""Polygon"",""coordinates"":[[[77.6470597,12.971833300000002],[77.6468929,12.972709799999999],[77.6459226,12.9726699],[77.645642,12.9725169],[77.6456802,12.971957300000001],[77.6462772,12.9718555],[77.6467178,12.971804800000003],[77.6470597,12.971833300000002]]]}"
478,5013,5013,Slum area,479,0.43513057,2901214010,PAPANNA_BLOCK,Non-Notified,net,East,218.425750134038,"{""type"":""Polygon"",""coordinates"":[[[77.5890354,13.027576],[77.5891036,13.027584000000001],[77.58904970000002,13.0283146],[77.5890459,13.0283884],[77.5890009,13.0290225],[77.588598,13.0289371],[77.5886152,13.0288259],[77.5886409,13.028715400000001],[77.5887824,13.0286921],[77.588842,13.028321700000001],[77.5888688,13.0282557],[77.5888398,13.0279072],[77.58887690000002,13.0275575],[77.5890354,13.027576]]]}"
479,5013,5013,Slum area,480,1.67337894,2901214089,PHILLAREDDY_NAGAR,Notified,net,East,12.087624482547534,"{""type"":""Polygon"",""coordinates"":[[[77.6541757,13.006526200000001],[77.65417110000001,13.0067213],[77.6541716,13.006960100000002],[77.653427,13.007212700000002],[77.653271,13.0068004],[77.65313230000001,13.006501299999998],[77.6528063,13.006628200000002],[77.6525531,13.005892000000001],[77.6529644,13.0058404],[77.6532336,13.006083200000003],[77.654149,13.0058889],[77.654156,13.0059146],[77.6541984,13.0061531],[77.654182,13.0063189],[77.6541757,13.006526200000001]]]}"
480,5013,5013,Slum area,481,0.44420019,2901214048,PK_COLONY,Non-Notified,net,East,165.62388455260034,"{""type"":""Polygon"",""coordinates"":[[[77.6132134,13.0035531],[77.61292310000002,13.0035889],[77.612902,13.0035169],[77.61270450000002,13.0034879],[77.6125425,13.003494199999999],[77.6124724,13.0028814],[77.6128091,13.0028488],[77.6129051,13.003353899999999],[77.6135315,13.0032966],[77.6135704,13.003474299999999],[77.6132134,13.0035531]]]}"
481,5013,5013,Slum area,482,1.53110111,2901214091,POLLERAMMA_SLUM,Notified,net,East,415.1936764885398,"{""type"":""Polygon"",""coordinates"":[[[77.6215838,12.993878400000002],[77.6216051,12.9941872],[77.6209821,12.9942859],[77.6209297,12.994285799999998],[77.6209359,12.9942321],[77.6209663,12.994101299999999],[77.6209296,12.9940822],[77.6208729,12.993904999999998],[77.6207813,12.993701199999999],[77.6207498,12.993703500000002],[77.6207461,12.9936772],[77.6206888,12.9936811],[77.6206787,12.9935442],[77.6206101,12.993177999999999],[77.6204831,12.993184299999998],[77.6203683,12.993161100000004],[77.6202805,12.993136400000001],[77.6202883,12.993088500000002],[77.6206009,12.992898700000001],[77.6206005,12.9928168],[77.6206365,12.992816200000004],[77.6208634,12.992840600000001],[77.621837,12.9931338],[77.6217947,12.993252400000003],[77.6216444,12.9936496],[77.6215838,12.993878400000002]]]}"
482,5013,5013,Slum area,483,0.098231,2901214086,RAJEEVGANDHI_EASTERN_SIDE,Notified,net,East,45.947086588541666,"{""type"":""Polygon"",""coordinates"":[[[77.600035,12.989564099999999],[77.5997427,12.9896461],[77.5996435,12.9894062],[77.5999568,12.989314799999999],[77.600035,12.989564099999999]]]}"
483,5013,5013,Slum area,484,0.83950412,2901214085,RAJEEVGANDHI_QUEENS_ROAD,Notified,net,East,392.12579393573833,"{""type"":""Polygon"",""coordinates"":[[[77.5993384,12.9887293],[77.5996391,12.9894075],[77.5997382,12.9896473],[77.6000339,12.9903503],[77.5997134,12.99044],[77.5995935,12.990322699999998],[77.59894780000002,12.988417000000002],[77.599154,12.9883331],[77.5993384,12.9887293]]]}"
484,5013,5013,Slum area,485,0.09449627,2901214122,RAMABAI_SLUM,Notified,net,East,44.918831619561885,"{""type"":""Polygon"",""coordinates"":[[[77.61600490000001,13.0089878],[77.6158801,13.0090335],[77.6158578,13.008950999999998],[77.615713,13.008473],[77.6158315,13.008404400000002],[77.61600490000001,13.0089878]]]}"
485,5013,5013,Slum area,486,0.66619098,2901214024,RUDRAPPA_GARDEN,Non-Notified,net,East,322.74310075348495,"{""type"":""Polygon"",""coordinates"":[[[77.6178071,12.9589872],[77.617814,12.959049099999998],[77.6177671,12.959690200000002],[77.6177676,12.960103999999998],[77.61777830000001,12.960571300000002],[77.6178283,12.961007100000002],[77.6178783,12.9611171],[77.6176908,12.961156800000001],[77.6176445,12.961105300000002],[77.6174906,12.9601832],[77.6174989,12.959798500000002],[77.6175093,12.9593217],[77.617517,12.958992600000002],[77.6174989,12.958962400000003],[77.6178071,12.9589872]]]}"
486,5013,5013,Slum area,487,4.21744156,2901214101,SAIT_PALYA,Notified,net,East,2165.580447926241,"{""type"":""Polygon"",""coordinates"":[[[77.6291203,13.011718000000002],[77.62834630000002,13.0119313],[77.6276975,13.012062999999998],[77.6277593,13.0122119],[77.6277619,13.0123065],[77.6277763,13.012560599999999],[77.6276339,13.0125486],[77.6272329,13.0126283],[77.6262301,13.013030900000002],[77.6260388,13.012740100000002],[77.6254486,13.0116356],[77.6260809,13.011442900000002],[77.6262406,13.0113941],[77.6263047,13.011564099999998],[77.6270427,13.0114233],[77.6274244,13.0113514],[77.6279028,13.011267200000002],[77.6281159,13.011235200000002],[77.6281228,13.011295700000002],[77.6283946,13.0112703],[77.6288299,13.011232600000001],[77.6290042,13.011231400000002],[77.6291203,13.011718000000002]]]}"
487,5013,5013,Slum area,488,2.29217386,2901214114,SAMADANA_NAGAR,Notified,net,East,826.7657397700291,"{""type"":""Polygon"",""coordinates"":[[[77.6176465,13.022223999999996],[77.61769430000001,13.022325200000001],[77.617797,13.0226063],[77.6178248,13.0227824],[77.6178347,13.023110500000001],[77.6171081,13.0230907],[77.6163332,13.023047799999999],[77.6161637,13.0230144],[77.615953,13.0227682],[77.6160318,13.0226917],[77.616034,13.022174299999998],[77.6163762,13.0220522],[77.6163894,13.0219366],[77.6170917,13.0219308],[77.6175631,13.0218397],[77.6175919,13.021834000000002],[77.6176465,13.022223999999996]]]}"
488,5013,5013,Slum area,489,0.39337122,2901214117,SATELINE_SLUM,Notified,net,East,180.9923181870404,"{""type"":""Polygon"",""coordinates"":[[[77.6224962,13.023217000000002],[77.6217653,13.0232455],[77.6209922,13.023337],[77.6209571,13.023116299999998],[77.621315,13.023130700000003],[77.6221968,13.023007799999997],[77.6226009,13.022911400000002],[77.62259010000001,13.023085500000002],[77.6224962,13.023217000000002]]]}"
489,5013,5013,Slum area,490,4.1229353,2901214113,SATHYA_NAGAR,Notified,net,East,13.939632623335894,"{""type"":""Polygon"",""coordinates"":[[[77.6405023,12.999031800000001],[77.6403437,12.999375100000002],[77.6402164,12.999645100000002],[77.6400409,12.9999912],[77.6395883,13.000836],[77.6388037,13.000418200000002],[77.638761,13.0001669],[77.638641,12.999030399999999],[77.6385276,12.999039800000002],[77.6380699,12.9982717],[77.6382209,12.9982134],[77.6380188,12.997619800000002],[77.6383395,12.997621699999998],[77.6383733,12.997917599999997],[77.6385136,12.9982618],[77.6386725,12.9984687],[77.6388549,12.9985991],[77.6390972,12.9987698],[77.6393237,12.998937900000001],[77.6395205,12.998996],[77.6396305,12.998918400000003],[77.63989760000001,12.998832500000002],[77.6402047,12.9985741],[77.6406522,12.998203599999998],[77.6406848,12.9982042],[77.6409944,12.998245],[77.6407422,12.998651],[77.6405023,12.999031800000001]]]}"
490,5013,5013,Slum area,491,0.394696,2901214108,SHETTIYAPPA_GARDEN,Notified,net,East,32.01326331998788,"{""type"":""Polygon"",""coordinates"":[[[77.6322207,12.996861400000002],[77.6322895,12.9973382],[77.6321842,12.9973564],[77.6320879,12.9966329],[77.6322998,12.996588700000002],[77.632392,12.9966466],[77.6327337,12.9965586],[77.6329299,12.997136299999998],[77.6328297,12.997164200000002],[77.6326544,12.996623400000002],[77.6325286,12.996651800000002],[77.6327013,12.997291800000001],[77.632491,12.9973438],[77.632347,12.996832100000002],[77.6322207,12.996861400000002]]]}"
491,5013,5013,Slum area,492,1.44227028,2901214054,SK_GARDEN_1ST_CROSS,Non-Notified,net,East,232.4928430295458,"{""type"":""Polygon"",""coordinates"":[[[77.60763670000001,13.003678200000001],[77.6067183,13.004158000000002],[77.606207,13.0044177],[77.6060242,13.0040447],[77.6058318,13.003668799999998],[77.606996,13.003234],[77.6073507,13.0030851],[77.60763670000001,13.003678200000001]]]}"
492,5013,5013,Slum area,493,0.12223876,2901214055,SK_GARDEN_MASJID_ROAD,Non-Notified,net,East,15.338492270076976,"{""type"":""Polygon"",""coordinates"":[[[77.6083456,13.0049101],[77.6082788,13.004929400000002],[77.6079412,13.004267600000002],[77.60811890000001,13.0041723],[77.6083456,13.0049101]]]}"
493,5013,5013,Slum area,494,0.58538365,2901214050,SLAUGHTERHOUSE,Non-Notified,net,East,285.0826408835019,"{""type"":""Polygon"",""coordinates"":[[[77.6138535,13.002335200000001],[77.6141135,13.003175799999998],[77.6136383,13.003273],[77.6132808,13.002277100000002],[77.6138535,13.002335200000001]]]}"
494,5013,5013,Slum area,495,3.19740033,2901214084,SRI_RAMANAGARI,Notified,net,East,49.76028642093434,"{""type"":""Polygon"",""coordinates"":[[[77.6578304,12.959111500000002],[77.6572737,12.959181100000004],[77.6563691,12.9577092],[77.6561507,12.9572577],[77.6560824,12.9568647],[77.6561255,12.9567334],[77.6562505,12.956765099999997],[77.6564773,12.9567876],[77.6570436,12.9567867],[77.6575318,12.956745100000001],[77.6578304,12.959111500000002]]]}"
495,5013,5013,Slum area,496,0.07256292,2901214001,SUBRAHMANYA_COLONY,Non-Notified,net,East,28.38113858092065,"{""type"":""Polygon"",""coordinates"":[[[77.5949913,13.0408671],[77.5949305,13.040880699999999],[77.5948849,13.040694],[77.5947224,13.040003200000001],[77.5947905,13.039985999999999],[77.5949913,13.0408671]]]}"
496,5013,5013,Slum area,497,0.21084841,2901214076,TIMMARAYAPPA_GARDEN,Notified,net,East,98.89075879863665,"{""type"":""Polygon"",""coordinates"":[[[77.6145183,12.954386600000001],[77.6145525,12.954564600000001],[77.614131,12.954651500000002],[77.6140156,12.9538105],[77.6140639,12.953796099999998],[77.6141249,12.953788800000002],[77.6142281,12.9543833],[77.6145092,12.9543372],[77.6145183,12.954386600000001]]]}"
497,5013,5013,Slum area,498,0.62648398,2901214070,ULLERI,Non-Notified,net,East,9.541920807782342,"{""type"":""Polygon"",""coordinates"":[[[77.6439864,12.967754400000004],[77.6439948,12.9681934],[77.6438391,12.9686023],[77.6433314,12.968591399999998],[77.6433364,12.968332800000002],[77.6432832,12.968242000000002],[77.6433044,12.9681411],[77.64337690000002,12.9679574],[77.6433719,12.967752400000002],[77.6439864,12.967754400000004]]]}"
498,5013,5013,Slum area,499,3.16496539,2901214027,SUDHAMA_NAGAR,Non-Notified,net,East,37.50643289416444,"{""type"":""Polygon"",""coordinates"":[[[77.6611028,12.964169900000002],[77.6608176,12.963565399999998],[77.6606985,12.962980700000001],[77.6606598,12.9625952],[77.6602027,12.962650999999997],[77.6600011,12.9617109],[77.6604101,12.961665700000001],[77.6608782,12.961598700000001],[77.6610089,12.9621924],[77.6613692,12.9621823],[77.6614819,12.962177100000002],[77.6615963,12.9625321],[77.661757,12.9628128],[77.6618181,12.9634932],[77.6617998,12.963542400000001],[77.66184170000001,12.9642775],[77.6611028,12.964169900000002]]]}"
499,5013,5013,Slum area,500,0.59494823,2901214013,AK_Colony152,Non-Notified,net,East,289.8908002068015,"{""type"":""Polygon"",""coordinates"":[[[77.6280329,12.9970749],[77.6280502,12.997424199999998],[77.6274707,12.997334000000002],[77.6271872,12.9973169],[77.6272381,12.996790399999998],[77.6276994,12.9968022],[77.6277087,12.9966817],[77.6279735,12.996692400000002],[77.6280101,12.996790200000003],[77.6280329,12.9970749]]]}"
500,5013,5013,Slum Area,501,0.34805793,2901214078,SHAKTHIVELU,Notified,net,East,173.64302619485292,"{""type"":""Polygon"",""coordinates"":[[[77.6006959,12.951913199999998],[77.60019270000001,12.9520126],[77.6001224,12.9517387],[77.6000852,12.9514592],[77.6006087,12.951389000000002],[77.6006959,12.951913199999998]]]}"
501,5013,5013,Slum Area,502,1.22203279,2901214077,JALAKANTESHWARAPURAM,Notified,net,East,26.76235030679142,"{""type"":""Polygon"",""coordinates"":[[[77.6000488,12.951077399999999],[77.5997305,12.950940300000001],[77.599511,12.9509098],[77.5991868,12.950928200000002],[77.5991345,12.9509463],[77.5989596,12.951060700000005],[77.5988216,12.9508882],[77.5996536,12.950254699999999],[77.60027470000001,12.949804299999998],[77.6004468,12.9497644],[77.6006166,12.949785599999998],[77.6003716,12.9503753],[77.6000488,12.951077399999999]]]}"
502,5013,5013,Slum_Area,503,1.23655248,,MANJUNATH_LAYOUT_173,,net,East,583.6524426030178,"{""type"":""Polygon"",""coordinates"":[[[77.5749737,13.0432305],[77.5747914,13.043254200000002],[77.5736885,13.043494700000002],[77.57334400000002,13.042765199999998],[77.57410670000002,13.042615],[77.5747459,13.0425519],[77.5749737,13.0432305]]]}"
503,,,,504,0.68226075,,BANADE_NAGAR_166,,,East,2.9596249299890856,"{""type"":""Polygon"",""coordinates"":[[[77.6383172,12.993341600000004],[77.6384698,12.993814300000002],[77.6385857,12.9940577],[77.6386531,12.994273899999998],[77.6386631,12.9944862],[77.6385041,12.994677500000002],[77.6385147,12.9948725],[77.6383623,12.9948774],[77.6383004,12.994538],[77.638244,12.9942838],[77.6381655,12.994108599999999],[77.6380468,12.993846599999998],[77.6379564,12.9935436],[77.6379185,12.993394000000004],[77.63812300000001,12.9933368],[77.6382238,12.9933072],[77.6383172,12.993341600000004]]]}"
504,5013,5013,Slum area,505,0.18599682,2901214023,SANJEEVINIPUR,Non-Notified,net,East,96.53041274126839,"{""type"":""Polygon"",""coordinates"":[[[77.6178118,12.954891099999998],[77.6177934,12.955254299999996],[77.6177602,12.955385800000002],[77.6177372,12.9554559],[77.6176487,12.955687],[77.6175088,12.955652],[77.6176331,12.95487],[77.6178118,12.954891099999998]]]}"
505,5013,5013,Slum area,506,1.22272754,2901214069,HANUMA_NAGAR ,Non-Notified,net,East,14.190464315227434,"{""type"":""Polygon"",""coordinates"":[[[77.6577143,12.970879200000002],[77.6567468,12.970976899999998],[77.656493,12.970045199999998],[77.6574056,12.9699369],[77.6573836,12.969786],[77.657548,12.9697574],[77.6577143,12.970879200000002]]]}"
506,5013,5013,Slum area,507,0.23805544,2901214065 ,HENNUR_BANDE ,Non-Notified ,net,East,10.315963752596986,"{""type"":""Polygon"",""coordinates"":[[[77.6415513,13.036617199999998],[77.641925,13.036726],[77.6418863,13.037049000000001],[77.6412482,13.036918100000001],[77.6414569,13.0365803],[77.6415513,13.036617199999998]]]}"
507,5013,5013,Slum area,508,1.66425228,2901214103,HANDICAP_SLUM,Notified,net,East,806.5130133759741,"{""type"":""Polygon"",""coordinates"":[[[77.6336685,13.004829099999998],[77.63454730000001,13.0046627],[77.6349264,13.004595700000001],[77.635079,13.0045612],[77.6351028,13.004671299999998],[77.6352957,13.004651899999997],[77.6353386,13.004537500000001],[77.6353867,13.004353300000002],[77.6361068,13.0044247],[77.6360492,13.0048367],[77.636033,13.0051148],[77.6354092,13.0051343],[77.6353795,13.005049800000002],[77.6350117,13.005088800000001],[77.6350121,13.0051604],[77.6337503,13.005327400000002],[77.6336685,13.004829099999998]]]}"
508,5013,5013,Slum Area,509,4.20219755,,AMBEDKAR_NAGAR176,,net,East,44.801216391021136,"{""type"":""Polygon"",""coordinates"":[[[77.6179091,12.950146899999998],[77.617804,12.949976200000002],[77.617672,12.949742900000004],[77.6174553,12.949331400000002],[77.617365,12.9492038],[77.61725910000001,12.949023599999997],[77.6172811,12.949004899999998],[77.619211,12.9476303],[77.6193368,12.947850000000003],[77.6197796,12.948625],[77.6200181,12.949027],[77.6200247,12.949038200000002],[77.6199745,12.9490664],[77.6198192,12.949154],[77.6197838,12.9491719],[77.6197599,12.9491699],[77.6196909,12.9492056],[77.6194302,12.949354699999999],[77.6191856,12.9494956],[77.6190902,12.949548300000002],[77.6189095,12.9496573],[77.6187459,12.949753000000001],[77.6184708,12.9499072],[77.6184066,12.949812799999998],[77.6179091,12.950146899999998]]]}"
